row_id,source_row_sha256,precision,prefix_token_count,prefix_sha256,incremental_replica_cache_exact,incremental_replica_logits_exact,incremental_replica_suffix_exact,prefill_replica_cache_exact,prefill_replica_logits_exact,prefill_replica_suffix_exact,functional_state_equal,all_storage_disjoint,incremental_prefill_cache_exact,cache_max_abs_diff,cache_mean_abs_diff,cache_delta_l2_norm,cache_left_l2_norm,cache_right_l2_norm,cache_relative_l2_diff,incremental_prefill_logits_exact,logit_max_abs_diff,logit_mean_abs_diff,boundary_argmax_equal,incremental_suffix_sha256,incremental_replica_suffix_sha256,prefill_suffix_sha256,prefill_replica_suffix_sha256,suffix_equal,first_suffix_divergence_index,trace_equal,merge_equal,answer_equal,incremental_correct,prefill_correct,integrity_pass
r0000,9c329688bbaaeea1608a04ab1722c7213bdb3a7c9698d5dfc589eb524b2e751e,bf16,2260,789182f0b36136507d7ffd765c503ab103b6e5d416686149e99e32c6066a29b7,true,true,true,true,true,true,true,true,false,9.5234375,0.007133257799602129,495.49728319267365,32068.614223006614,32068.83242725965,0.015451054674865034,false,0.46484375,0.07751672714948654,true,e567b56c0c7e1cb7ab48e32c02a4f444b3c3e34e625c76081dbe7fd40d765a32,e567b56c0c7e1cb7ab48e32c02a4f444b3c3e34e625c76081dbe7fd40d765a32,846265941e81e5154ddeedde5568b8bde28e6b4fe7fb7a6cbb8dc5cfdd04b90d,846265941e81e5154ddeedde5568b8bde28e6b4fe7fb7a6cbb8dc5cfdd04b90d,false,145,false,false,false,false,false,true
r0001,68b5cec0700590185e7790f822d760e503311cc5b8892a9f4d2d220e443e2c25,bf16,1893,00e6fcd533bf2f5e6a5cfc1c5b75e8a6e8aabf8a8e944da7e62321b56dd823f9,true,true,true,true,true,true,true,true,false,3.328125,0.007367398305617575,340.49980446351134,28757.201956083478,28757.047034642852,0.011840505379609085,false,0.4453125,0.06806142628192902,true,7c48186f66c773e541f66dd9628de4c087c8ee6ba278241bce514275a84b5da0,7c48186f66c773e541f66dd9628de4c087c8ee6ba278241bce514275a84b5da0,f95e85d38d0d63b3d6c867a349436a9bbe27383ffcfdca41970d705883a1d10d,f95e85d38d0d63b3d6c867a349436a9bbe27383ffcfdca41970d705883a1d10d,false,55,false,false,true,false,false,true
r0002,77a1973e255253ea1521651f01258cd7cebb83a3e415efe907a18d823fbd0663,bf16,1868,40cee7b5feb09a16b27f7941716068daaf3f8064fa762cb0ec9a8b0700ca56cb,true,true,true,true,true,true,true,true,false,1.34375,0.005767389809984073,222.06425461144514,28429.7715783184,28430.204641934033,0.0078108567070918795,false,0.4453125,0.06682410836219788,true,2d97cd2535b0e8d1cc99e829f0363a57fbeed21c4ae4dc856dd44c82506effe3,2d97cd2535b0e8d1cc99e829f0363a57fbeed21c4ae4dc856dd44c82506effe3,2d97cd2535b0e8d1cc99e829f0363a57fbeed21c4ae4dc856dd44c82506effe3,2d97cd2535b0e8d1cc99e829f0363a57fbeed21c4ae4dc856dd44c82506effe3,true,,true,true,true,true,true,true
r0003,787a843ab330dbecb2bc4957bfcfff5a21a6b03f1911c0902cef1ba99f92df8e,bf16,2395,02c4e97781ca8f9c9171761b1063c27b36dda676b25a89274880b3d1e99bec9a,true,true,true,true,true,true,true,true,false,4.9453125,0.007264950526759159,420.091595372284,32461.37231734424,32461.34441576249,0.012941276519841628,false,0.4541015625,0.07446131855249405,true,3cba24f434d6ab8d5a96890deacaf9894e7affc23d8813fe929e49762dc37624,3cba24f434d6ab8d5a96890deacaf9894e7affc23d8813fe929e49762dc37624,8308a017a6fcad569cd9509f181b8eaa45f3c46ee69ab6ee5c0b1b2c06f675c5,8308a017a6fcad569cd9509f181b8eaa45f3c46ee69ab6ee5c0b1b2c06f675c5,false,357,false,false,true,true,true,true
r0004,7c4fb8d5bf34103dc0eead0c0b6078b0d43328a0b3d50264daf001d0d391595d,bf16,2221,b3a52d3599f98343e578d4f138a33b2e6a00bb768e48c8deaeff3712fa8bfcf6,true,true,true,true,true,true,true,true,false,6.390625,0.00928443195041867,497.5542342739876,31503.82592162128,31505.09913131554,0.015792816020039978,false,0.4375,0.07040228694677353,true,09a6c0c4d970dc3d8d3c2029346dd598697b8fcb598fe19f794acb687a2321df,09a6c0c4d970dc3d8d3c2029346dd598697b8fcb598fe19f794acb687a2321df,4d9156fa90d867da434f62f2f31836f8a83dc9a1692d06926992d007690e0dc2,4d9156fa90d867da434f62f2f31836f8a83dc9a1692d06926992d007690e0dc2,false,28,false,false,false,false,false,true
r0005,3ffba2804df04452f0dec1cbb14f275359c1f5f9efe5a578196cbacd287c9b4d,bf16,2097,102e4f039b0b0d2dfda1176359ddbccd7d50801f4c9e504ed35253c77c39d1b7,true,true,true,true,true,true,true,true,false,3.390625,0.008391078430864063,385.93101852303903,30402.98103467012,30402.904173565323,0.012693854529690414,false,0.48046875,0.07191542536020279,true,e118e6e1a06dc1581bc1210395ae1d453718594d8243b56e5d67dd5a43d83bb2,e118e6e1a06dc1581bc1210395ae1d453718594d8243b56e5d67dd5a43d83bb2,abb125c58f4c604224b8ddf608f58b474bd2a295f238adf0c5602eca23ec914c,abb125c58f4c604224b8ddf608f58b474bd2a295f238adf0c5602eca23ec914c,false,53,false,false,true,true,true,true
r0006,8543350d6098a0c80a2cf02a5647ad9e71df12223a8f193c22342717aeaf6de7,bf16,1490,f9433e6f28fd432d4bbcb81843d478538d3924f71b79ee4be6f4c602f302d997,true,true,true,true,true,true,true,true,false,1.99609375,0.006741466618966833,233.42672693462686,25931.730915528202,25931.238055428264,0.009001586808647948,false,0.4765625,0.06704205274581909,true,a1913073692b006c220cd630648366e331c8168cc46b5fd8b88d034c4ca4e554,a1913073692b006c220cd630648366e331c8168cc46b5fd8b88d034c4ca4e554,dd18fac71d3815bc2082ea9e3da9d594d096789e13c380f089ce21221d16cb93,dd18fac71d3815bc2082ea9e3da9d594d096789e13c380f089ce21221d16cb93,false,67,false,false,false,false,false,true
r0007,b1882dda8376088f5da9b8a4b84fc17af8496faf9a0da68e706c6557d6869845,bf16,1717,9f9e36b28620d064400f54e50409b1d134c0cf4af63cbcb1a956288e1acc85e5,true,true,true,true,true,true,true,true,false,12.09375,0.014038527677714994,1068.8002492127252,26938.43894074274,26936.006526926394,0.03967565646857993,false,0.5,0.07774148881435394,true,274a8cf111070760149e0a1de9ed0e8c9d8056fc10ca22de5600e34e30c260bf,274a8cf111070760149e0a1de9ed0e8c9d8056fc10ca22de5600e34e30c260bf,d736cda5bcf3a257ab5f039a2b41f7ac31311852be748a0a101766d1d90d49a2,d736cda5bcf3a257ab5f039a2b41f7ac31311852be748a0a101766d1d90d49a2,false,58,false,false,true,false,false,true
r0008,4dd6909fdd8a67bd4c6edf02cf0995896408122a0d7c731ce2a6dd3a4e6663a0,bf16,2075,21c2e4002662c0bb2cc0b6a68b242dc7975d9749a8eec6fc7b247d8c10f28511,true,true,true,true,true,true,true,true,false,14.921875,0.007770919253284242,506.94458871280364,30260.002982695256,30262.325795484212,0.016751673091446616,false,0.453125,0.07241081446409225,true,96cf182fcad05c3a8ec0c887e709645ba5f437c80f49bb6ace24d94cf141741e,96cf182fcad05c3a8ec0c887e709645ba5f437c80f49bb6ace24d94cf141741e,d1bd4298844bca2ad6dc948b78a4f84448f98ca25b3e0f7bdae516b05c0cd14a,d1bd4298844bca2ad6dc948b78a4f84448f98ca25b3e0f7bdae516b05c0cd14a,false,13,false,false,true,false,false,true
r0009,579c9efe0f3323471fd9075169ffd7281f94f0289c023632549eeee87f0f7cfd,bf16,2040,85bb3a36eecf8917155298532a0054160aaa4095f80c0d5e09eb58e0c7b732e8,true,true,true,true,true,true,true,true,false,4.01953125,0.00807703910567544,412.35258425216955,29993.125792820418,29993.227390781336,0.013748189845648604,false,0.484375,0.07041483372449875,true,4a207dae646394980e5f0822977086777bb59bb2944e967ebc73c8c5abd005ca,4a207dae646394980e5f0822977086777bb59bb2944e967ebc73c8c5abd005ca,e302900736d4e6f06e4c1e9bcbcd991ed27cd75294bd1b39f3bfb29b4da3ee42,e302900736d4e6f06e4c1e9bcbcd991ed27cd75294bd1b39f3bfb29b4da3ee42,false,176,false,false,false,true,true,true
r0010,f64f398a48f9ba07f72a4d2e94c199048d00996c11ffcf004466ef99f1572c16,bf16,1962,c5c7aa1e8889595c87600d35f514cd62a3c3080b5409ae8e34646293431dc17f,true,true,true,true,true,true,true,true,false,2.203125,0.006589814621383898,242.20108974249447,28863.251501973707,28864.05635671543,0.008391096758863716,false,0.4375,0.0626223012804985,true,c4d18f47070bd1b79a90daf68a92f5d947fd41cb07bf213e31ceb15b68b7338f,c4d18f47070bd1b79a90daf68a92f5d947fd41cb07bf213e31ceb15b68b7338f,5f5fcde6059d206c09f6d7e2b3876b95b74a7798fdf221587205ce82b4879749,5f5fcde6059d206c09f6d7e2b3876b95b74a7798fdf221587205ce82b4879749,false,39,false,false,true,true,true,true
r0011,f39de2a6649d2f0ceef8ee3915384be91863b32aba401d4c7c403d16b60830cc,bf16,2421,418e9f9303ab95c24fdf8e0b8be41601a09a2d94ad9c087e2cfbbf6f8fe870c7,true,true,true,true,true,true,true,true,false,5.75,0.006511675475030475,368.90661533712046,32717.638947771527,32717.422896278073,0.01127546568766838,false,0.4833984375,0.06841102242469788,true,4b0645896b643c453ed5476fda8186dc462fdaa7804d6c68a25e5a2e6bc43446,4b0645896b643c453ed5476fda8186dc462fdaa7804d6c68a25e5a2e6bc43446,47f084f5a15f7945ac2be3793ff739877c29de99fab21dbec12d51e23ebf6a15,47f084f5a15f7945ac2be3793ff739877c29de99fab21dbec12d51e23ebf6a15,false,36,false,false,false,true,false,true
r0012,3e107491125a91dfd28364e6dcb3b42d03b301ae79740fb00128a2db8854d990,bf16,2480,e11d0fdff22204ec0aaaaeb986c0a9ad73cb768f04f9d8a896e1648ac5380db5,true,true,true,true,true,true,true,true,false,8.515625,0.009948372235749625,723.8447020463276,33821.13188039825,33821.36573062895,0.021401995052813816,false,0.40625,0.0710849016904831,true,0d4bfff4f7c7851fdc9b245dd645de26c7aa70ba2d0675cc69b938f1ad854e44,0d4bfff4f7c7851fdc9b245dd645de26c7aa70ba2d0675cc69b938f1ad854e44,58769418643866b005e91c69b2534ee0e26b7ce7e928c723c9fed303cb9f87ed,58769418643866b005e91c69b2534ee0e26b7ce7e928c723c9fed303cb9f87ed,false,215,false,false,true,false,false,true
r0013,53ee3bf1a61ade51dd3aaacddfda25b4c839f5f4f8a4b1aed081ef686ebcba96,bf16,2148,26469dcdc7b5e7650021b1f7e1378fa6c41184395139e58195805e5bb926e9a0,true,true,true,true,true,true,true,true,false,7.24609375,0.007947087761034052,379.1062185333227,30972.57477785108,30971.901127629833,0.012240061449603047,false,0.46875,0.07253023982048035,true,1813f9936b5735e74d622604ea1b0a5f486fdea7efdfd6c4de10be5f9beb8888,1813f9936b5735e74d622604ea1b0a5f486fdea7efdfd6c4de10be5f9beb8888,574ace508e7994fb27f073c67f878237f0c93b501eb24cfceb65e71ddd537d61,574ace508e7994fb27f073c67f878237f0c93b501eb24cfceb65e71ddd537d61,false,84,false,false,false,false,true,true
r0014,d52445aea3194a54f4f24891c16e46fc2ce8630670fde4dde8188a903109d89d,bf16,2475,227075e0847986fa74bb9c377c1842cea9ed14e25bb9020b5465922a712f8adb,true,true,true,true,true,true,true,true,false,3.8486328125,0.00740442656357639,399.78176954147966,33271.7861768414,33272.67352947146,0.012015318492136518,false,0.46875,0.06442243605852127,true,7c5013b1956d4706fd5b88617c195e34e6f85f5eb562480cc6271de00020e158,7c5013b1956d4706fd5b88617c195e34e6f85f5eb562480cc6271de00020e158,ceae3a271589a8f4fed545582c9269f0e664ab08b461e6d77f67396abb1b9020,ceae3a271589a8f4fed545582c9269f0e664ab08b461e6d77f67396abb1b9020,false,147,false,false,true,false,false,true
r0015,29de63a24d0738b623a5b5122716e1d75b36277cf09497c3546ca4f4328ffe14,bf16,2051,efc06e2266042ee9986e59bdf64c785b12d2fac740e4b801e12753d6bc12a452,true,true,true,true,true,true,true,true,false,7.0,0.007911366438071573,375.0345621815579,29704.306193461416,29704.71738354236,0.012625420984120943,false,0.390625,0.06332389265298843,true,29b4afca57772235a93f4865799a35e6f7b6efad340f5874a533ec071fc62d40,29b4afca57772235a93f4865799a35e6f7b6efad340f5874a533ec071fc62d40,29b4afca57772235a93f4865799a35e6f7b6efad340f5874a533ec071fc62d40,29b4afca57772235a93f4865799a35e6f7b6efad340f5874a533ec071fc62d40,true,,true,true,true,true,true,true
r0016,342d5cc6d2c2ac5cc9683a97bbf1d89db0a20c390bcadc261751b82e5aaac7bd,bf16,2231,6a39d60b9871c57b7a5c40c6e8afcc65894db6433be61b5ab7184377fcb9562c,true,true,true,true,true,true,true,true,false,12.59375,0.011727861096162381,877.87248066898,31457.57232225519,31459.125772922438,0.02790517724509001,false,0.40625,0.06604073196649551,true,e63657634f1fd965517b1f880c75b8bcbf860b9bb5645b27a13c1c18706942f6,e63657634f1fd965517b1f880c75b8bcbf860b9bb5645b27a13c1c18706942f6,9f6667cc9081da0bc57a394df3af7594944b5a35d9a8efcd5ca56a7743549b6e,9f6667cc9081da0bc57a394df3af7594944b5a35d9a8efcd5ca56a7743549b6e,false,135,false,false,true,true,true,true
r0017,901fc1f508fc29f2e59d10ffa7b6d27baaafd5c4cda7971df77c017ef7b6e7f7,bf16,2227,ddcc5118739f9d743bc116201e8512224f96ec878fd3ffff4689bb9ca1d82110,true,true,true,true,true,true,true,true,false,5.53125,0.009160564043013908,482.11103762033906,31575.721211448013,31575.06137985564,0.015268409370347054,false,0.53125,0.07244999706745148,true,54976bfff697e08385c559c70c4456d4f7a95521733af18bfdf41549404df95a,54976bfff697e08385c559c70c4456d4f7a95521733af18bfdf41549404df95a,3181b3a26ed3dd26d7147e1619ffec315d1fc076b6552a211ba6b9bda5e6dc2a,3181b3a26ed3dd26d7147e1619ffec315d1fc076b6552a211ba6b9bda5e6dc2a,false,60,false,false,false,false,false,true
r0018,e1713c574237e135719c76e220d2113a87c7b24f85bdfd7863a0dbace1f4bfc0,bf16,1627,391fc5ad8fcea506e396b684277215b1988ea19ef2bb11c25de99b7978c3ae06,true,true,true,true,true,true,true,true,false,13.9375,0.01906120193145055,1316.6255428067218,27176.78127320088,27171.168174916525,0.0484467063840651,false,0.5,0.07638237625360489,true,ef164de11d32f0867740a8aa76848354b647ddccb0731bc960a0c2b2d66fc697,ef164de11d32f0867740a8aa76848354b647ddccb0731bc960a0c2b2d66fc697,09a898e4965579d657d98538c92d23ddf37c944d9093d1fb92290eb72517a525,09a898e4965579d657d98538c92d23ddf37c944d9093d1fb92290eb72517a525,false,158,false,false,true,false,false,true
r0019,55f537dd28453048009cab5dba3d4549fa7e8c9fb403ae03b251a7de04c293fe,bf16,1680,dd74c370c6dea9238b454a7773b520e640bed66f58fbbae36fe6eeeca0340c43,true,true,true,true,true,true,true,true,false,1.0947265625,0.0067577921073758524,231.43380091763626,26891.79920541158,26890.49794965546,0.008606110701252879,false,0.40625,0.06235405057668686,true,3dcb9d374f474e5406deec180bf2544c287983cc4aa2ba1459dcf7c7e2b1bacb,3dcb9d374f474e5406deec180bf2544c287983cc4aa2ba1459dcf7c7e2b1bacb,4a3186cbf96cf2989b275186a030bf49c993566c49ce5f67bdc648cf9ee7a52e,4a3186cbf96cf2989b275186a030bf49c993566c49ce5f67bdc648cf9ee7a52e,false,125,false,false,true,true,true,true
r0020,a5e7ee3823b088dd7708fffd3b3f5cbb11e68ed7f687776fcaa2b6488445c112,bf16,2185,266cebe4d91280087e6f5e43eed58303c3818595bb09720f33c496e2b03e00fc,true,true,true,true,true,true,true,true,false,2.90625,0.007523134365146416,371.45971556254995,31133.32085098662,31132.635567848432,0.011931259030813551,false,0.4375,0.07207643985748291,true,9ffca94f66e9d655f42ab2ad1af563102cf83f5c6cbea2db6aa465ddb00ac63b,9ffca94f66e9d655f42ab2ad1af563102cf83f5c6cbea2db6aa465ddb00ac63b,6506de09e07ae8955411879ea98d10b95b84434a6449c7ffd57035c732a9210d,6506de09e07ae8955411879ea98d10b95b84434a6449c7ffd57035c732a9210d,false,299,false,false,true,false,false,true
r0021,95bf23e604e1b3c1c6a8dfe910bb89bec5479ce9fcb0a897ba3fe2025a3fd766,bf16,1779,f311c245b6de41198b1174e4a30c021f49d8bb361125b11fb70464915e8b36cd,true,true,true,true,true,true,true,true,false,6.5546875,0.008899820951627299,580.6622228373506,27822.854798855176,27823.177528308537,0.020869730721681915,false,0.40625,0.0658554807305336,true,145d172b8485ccea75bb662f6e22445fe761023b40192ef3826c4e35fadfbd6a,145d172b8485ccea75bb662f6e22445fe761023b40192ef3826c4e35fadfbd6a,165db6be3ab0e24b410c45800ac0e7839dc0125485224d7d5d9fa2cce9ea3ce5,165db6be3ab0e24b410c45800ac0e7839dc0125485224d7d5d9fa2cce9ea3ce5,false,28,false,false,false,false,false,true
r0022,9609cde9cb21d6386b2402ffe18b49139b28136a831cc394d23a82c3f1ebf2db,bf16,1374,f4b79db9cc1541d005fbcc00022388ab7b16cb0706160893b2fd6bf1c87fb3ef,true,true,true,true,true,true,true,true,false,0.9375,0.006536644217722913,208.64687219858365,24177.411739409377,24178.082812422577,0.00862958712720522,false,0.375,0.05824676528573036,true,967cbf22cb9a87bd7fae1108eced4a342439bf18deec63464ab08a3c6f4df44f,967cbf22cb9a87bd7fae1108eced4a342439bf18deec63464ab08a3c6f4df44f,4e87ead5caf0f316a843278323a11322a3f4ac7b7eef2a18262876eeb4970741,4e87ead5caf0f316a843278323a11322a3f4ac7b7eef2a18262876eeb4970741,false,132,false,false,true,true,true,true
r0023,b3e0edc478781f087a2db7348b478d01c15640599c023cf4bc82566dd69c438a,bf16,2044,493f641904244b8882732d1e3ff2267967c2828d08f864fed2a7f10817507894,true,true,true,true,true,true,true,true,false,2.25390625,0.006345435824868647,253.86209855390322,29655.79924198171,29655.926663506776,0.008560248392652464,false,0.375,0.06218497082591057,true,8bf07871ab740dcb783d7d404e03ac52a8e88128dc99c56d31fd4cee6f3ff100,8bf07871ab740dcb783d7d404e03ac52a8e88128dc99c56d31fd4cee6f3ff100,c6782d5c6d66f3800dd38d2de7a6e36e77fab2c2916c55c269a92bce056e63e9,c6782d5c6d66f3800dd38d2de7a6e36e77fab2c2916c55c269a92bce056e63e9,false,34,false,false,true,true,true,true
r0024,49250b517a52862603dc4b1321f667a3682c39d0509840ba8bc0ee89dffd213c,bf16,2245,c1807cfe4d5a776e788b1862772a335d1ffecddc1d92433ad69d2509cf1d16e5,true,true,true,true,true,true,true,true,false,8.765625,0.008167637829307397,628.1257726553132,31459.13119179434,31458.741822600972,0.019966405582718404,false,0.5625,0.0777256116271019,true,dce04535ab0f2b66ffa2ed8d8dda3b557995df74bb2864343bdbcfe9142bce6b,dce04535ab0f2b66ffa2ed8d8dda3b557995df74bb2864343bdbcfe9142bce6b,882313da2bb46a9d72209fb7583bc7bd628954e0942fa4d87b122bfee4180f24,882313da2bb46a9d72209fb7583bc7bd628954e0942fa4d87b122bfee4180f24,false,245,false,false,true,true,true,true
r0025,f540e3cef3f5d36e45485a92ca8bca52d89c786d068d485da7f681525d7368a2,bf16,2542,a8aab782efb82403d72f123d3401123e93339b0b06426be17ed75ad3e70a9185,true,true,true,true,true,true,true,true,false,4.390625,0.008159972042793867,437.5325884255973,33366.07738639356,33366.22585006677,0.01311303802808497,false,0.390625,0.06523621827363968,true,20fdf63e271c9452df3c367a595f5c3cfee76871815165106475f797d3a2f8ed,20fdf63e271c9452df3c367a595f5c3cfee76871815165106475f797d3a2f8ed,a1b932cbd675eba2ac33755abb87aed3ba26dc4c7a486cf09caf4880cffbcb05,a1b932cbd675eba2ac33755abb87aed3ba26dc4c7a486cf09caf4880cffbcb05,false,11,false,false,false,false,false,true
r0026,f2ec43798d5b62850baf6129e29816ec9ee8a557d6e0bb414c4c66f56712bd56,bf16,2062,ae1ac5790ed33d231af100a1a75f1077e8459305ae2448194937bf054120418c,true,true,true,true,true,true,true,true,false,3.38671875,0.007838241507951205,343.80587900051967,29817.587158204256,29818.23244359458,0.011530055634614737,false,0.421875,0.06203814968466759,true,10c932f0bf17073177a12d0dc1108598d7bcf071d1196e2b8dc635a4b7bd0e3d,10c932f0bf17073177a12d0dc1108598d7bcf071d1196e2b8dc635a4b7bd0e3d,8706250b2c855a183a80cfd241f61ad326f8d9f175668a7d736028d2c20b5e23,8706250b2c855a183a80cfd241f61ad326f8d9f175668a7d736028d2c20b5e23,false,71,false,false,true,true,true,true
r0027,5e46b34a84dddae6b51d850eff1960520983bae2dd1729dd545dec92757275a0,bf16,2127,faf6f7e273a7ec5d0ec016b6190888739ef0589d70870290847aea732179c4e1,true,true,true,true,true,true,true,true,false,5.427734375,0.008912196694928117,466.6953002190457,30789.661360822523,30789.654273571115,0.015157532742886207,false,0.43359375,0.07194346934556961,true,88e0ec3f3d5ce106843e5eea4d4da9c68fbe6146ddcebb81e911cc9e30761823,88e0ec3f3d5ce106843e5eea4d4da9c68fbe6146ddcebb81e911cc9e30761823,73ee2fbc411239836f331a5be06f8af650953a516cb58a9cf4348103a898e138,73ee2fbc411239836f331a5be06f8af650953a516cb58a9cf4348103a898e138,false,104,false,false,true,false,false,true
r0028,a01c92d7f311ee10b924d4f3ed01ba0067746aef10c2ab8c7cbd5dcefe383b41,bf16,2199,2f873b7f289c9467b2f9f66699eb46b10a0afaeedc04db2be02ac64bbcf47eec,true,true,true,true,true,true,true,true,false,4.9140625,0.006886271677635901,367.0777755223714,31197.038803805845,31196.6228769178,0.011766430071484547,false,0.5859375,0.07052440196275711,true,5dc966ff31d514b027b68e7b2acff97527bdf8a793b703ddd03c82232a98fb03,5dc966ff31d514b027b68e7b2acff97527bdf8a793b703ddd03c82232a98fb03,89e5cd2de12e47e4fb6560c12677b260c07e4047a35f6e32752b982f0f3d2096,89e5cd2de12e47e4fb6560c12677b260c07e4047a35f6e32752b982f0f3d2096,false,175,false,false,true,true,true,true
r0029,0979db73ad24867f1611e9a46c34cf97819d3db4ed1abc75322aa2a7a958d187,bf16,2462,1d4920de8663b46c4c26d8e81a002f486d487eaf9438bad3fd33404badd74028,true,true,true,true,true,true,true,true,false,10.125,0.011738408142790424,785.7555871355785,33650.25659822244,33651.90332414642,0.02334951398044019,false,0.4375,0.07097518444061279,true,c34b67fc60c1e83c6b1e88e60e81d8f27c8a2d26133490c081c294683a2baf8d,c34b67fc60c1e83c6b1e88e60e81d8f27c8a2d26133490c081c294683a2baf8d,c076e5de945a6bf401f103ac6ccf64ad709d6158017259012e4c818feed47c48,c076e5de945a6bf401f103ac6ccf64ad709d6158017259012e4c818feed47c48,false,71,false,false,false,false,true,true
r0030,2d30898e2c8cd87289c02ba6b61ac805794a984b752576b9f57ca7547504fb4e,bf16,2307,ee4532fd527d9ec08b5430190dd6385ae890650a0a7cfe7be710f0609587185a,true,true,true,true,true,true,true,true,false,13.01953125,0.008468844604184548,631.6145246705303,32153.071889598334,32155.15504217013,0.019642714328144104,false,0.484375,0.07877879589796066,true,ea801f1c4cf31ba1824fd11047789f772667dbe318d68833663ffa0558ed25bb,ea801f1c4cf31ba1824fd11047789f772667dbe318d68833663ffa0558ed25bb,50d198cbbf9f3039e13c56253a075bc18dd7e9d72d8bd536d34fb3a186b261d1,50d198cbbf9f3039e13c56253a075bc18dd7e9d72d8bd536d34fb3a186b261d1,false,35,false,false,false,true,true,true
r0031,4db267230e7013b0c05e16d9a0b72bb037ef011969852abadbcebf11d94a7483,bf16,2183,04a709be9d207119ff02cdda060d4fadbab4b8d2cfcb9ed356eb045f8c3b7f37,true,true,true,true,true,true,true,true,false,5.484375,0.007381045468607573,387.24884071916017,31061.79886898281,31062.692878108992,0.01246668607382937,false,0.40625,0.0678960457444191,true,f5cfb1538d922ef9f84fb02eaa03ce5449228c038e6b0feefeeb2d1e44c5dac9,f5cfb1538d922ef9f84fb02eaa03ce5449228c038e6b0feefeeb2d1e44c5dac9,f5cfb1538d922ef9f84fb02eaa03ce5449228c038e6b0feefeeb2d1e44c5dac9,f5cfb1538d922ef9f84fb02eaa03ce5449228c038e6b0feefeeb2d1e44c5dac9,true,,true,true,true,true,true,true
r0032,e437a4bc0c60606492e202ec0e64cc6dac77ec0a2975ce52ad6667a42e044183,bf16,1623,432306c3600d0ebe007b84ecc450f02faaef91345297b5031b780833d374d6a6,true,true,true,true,true,true,true,true,false,0.875,0.006031946195802829,208.6656013348273,26416.488667481444,26416.832460090147,0.007898963725120103,false,0.5,0.07373227924108505,true,5c24673eac446724fd0c16f35151ef57e4f1391de1494a78c3e67d697dc35bec,5c24673eac446724fd0c16f35151ef57e4f1391de1494a78c3e67d697dc35bec,e5cc027b2b1bede7080f83bc86cd63010f2728da443cf95b914206330c38ca47,e5cc027b2b1bede7080f83bc86cd63010f2728da443cf95b914206330c38ca47,false,65,false,false,true,true,true,true
r0033,e514208e2b08217aab5f750012fd4a7111ac8c469e00f1240aab74d91eeaec87,bf16,2167,2973279accc0436a8ebf498cb418d9daed363ffb074f304d8caa662d43ab4b89,true,true,true,true,true,true,true,true,false,2.76953125,0.00784698013697808,364.91988312813396,30813.767712794714,30812.733007620962,0.01184275439892439,false,0.453125,0.07897280156612396,true,111a55b1ab27ec813098117b17cfa5f8e220d79c8a0e032d9a7038fb09920edf,111a55b1ab27ec813098117b17cfa5f8e220d79c8a0e032d9a7038fb09920edf,5dcaba53017f421967e154dd4dc9204877c08c60342b040a829995ee827335b1,5dcaba53017f421967e154dd4dc9204877c08c60342b040a829995ee827335b1,false,97,false,false,false,false,true,true
r0034,6087c969b67158e6e4e39eb8861f300799c746c97b328aa59faf66975a24de97,bf16,2423,24561cc64f35c5eab245f225622dbdf4451b23cd65623c79e88ecc794c1dec39,true,true,true,true,true,true,true,true,false,4.671875,0.007992828034586933,370.3392389596834,33025.476247706974,33026.19164009226,0.011213501180987179,false,0.625,0.06356322765350342,true,ab1bf2176d02dc9242a49ee929d1ec39c35a613745d87a6344b0d2d4787a8e11,ab1bf2176d02dc9242a49ee929d1ec39c35a613745d87a6344b0d2d4787a8e11,58cd77efd0febce0782980b3e404d89475a852c439c664fd465e3be729e07f3e,58cd77efd0febce0782980b3e404d89475a852c439c664fd465e3be729e07f3e,false,7,false,false,true,true,true,true
r0035,b26158501a21d2726b0dee692c66fc93f82c75c921372fdf7d1d49b4797381cb,bf16,2399,4e6ce3bed765cf33376e2ecc6f084a60b981ab28f0c279cd98aa3cf510466245,true,true,true,true,true,true,true,true,false,4.875,0.008372750376896925,464.4377144221336,32476.832704613014,32476.9187711717,0.014300547342391178,false,0.46875,0.06996090710163116,true,2bba723cee931ad2fd5ad7dd080ce7c46a8a234d765d8ec6ce496afbbfdcc989,2bba723cee931ad2fd5ad7dd080ce7c46a8a234d765d8ec6ce496afbbfdcc989,3da0501bf64906e175bd52b4cf8d879b55880b01a6fceaf26f26cfb23fd3f036,3da0501bf64906e175bd52b4cf8d879b55880b01a6fceaf26f26cfb23fd3f036,false,125,false,false,true,false,false,true
r0036,61b74e0d3b8cfb3efc75d4d299eb689a184325b3255abc0ba72bb6719a3c4e3a,bf16,1811,a458d0573acec8a0fb3b054b0a28fac500bb24fb7a32ee23b2e435a8b208a5f5,true,true,true,true,true,true,true,true,false,3.28125,0.007029012159802654,275.76997788384955,28091.388933903,28091.015148908016,0.009816886538886216,false,0.625,0.07426940649747849,true,80f32b6fb1d5ba52783eafb78f549514080c94978192bb079f7fb50e6aa52cd1,80f32b6fb1d5ba52783eafb78f549514080c94978192bb079f7fb50e6aa52cd1,801a7063503a63735410905cebc3f95b4af07c8a8ff2c6a46f9819e77e3bd637,801a7063503a63735410905cebc3f95b4af07c8a8ff2c6a46f9819e77e3bd637,false,34,false,false,true,false,false,true
r0037,d5aef42a2fa4cf5997aec72c82aa672df9f7be455f770386ba7fc6abce90f301,bf16,1621,20fd819c12eefcbdf7f32852f8fc75bedfc35108dad09139b43cdec66fd7d739,true,true,true,true,true,true,true,true,false,3.5546875,0.00691572810838063,355.5704871138027,26349.739479262626,26349.171840361552,0.013494269550317127,false,0.3828125,0.05841716006398201,true,c4187b5606d031a1694d6ccd3ac87b7199e8685203bd63cc76748d3510412b0d,c4187b5606d031a1694d6ccd3ac87b7199e8685203bd63cc76748d3510412b0d,c4187b5606d031a1694d6ccd3ac87b7199e8685203bd63cc76748d3510412b0d,c4187b5606d031a1694d6ccd3ac87b7199e8685203bd63cc76748d3510412b0d,true,,true,true,true,false,false,true
r0038,3d6e8a7812f88dc8a55ae63175363bf7a136ab5643238a3ff9ff43aa0276791b,bf16,2114,024a1881e37a8548455f6f97918ccbe7b69aefdb0e49a32eb765cf3741185bb0,true,true,true,true,true,true,true,true,false,3.80859375,0.004386096639465617,228.0038054634619,30322.93262717073,30322.53216700006,0.0075191871533942635,false,0.39453125,0.06396558880805969,true,1572d46fc8aaea30a04074bfe1e2c72680a0def2871a55a34d49de8dba645e62,1572d46fc8aaea30a04074bfe1e2c72680a0def2871a55a34d49de8dba645e62,b0e6869d51f399526e03e01580ff52daeed096910db5c5632ce739f381b01f91,b0e6869d51f399526e03e01580ff52daeed096910db5c5632ce739f381b01f91,false,32,false,false,true,false,false,true
r0039,a9f9b9912fc3679836e6d4dfd56454dfed3632c40b93ac11c880871ac4f5481f,bf16,2133,6396389e3cece7a02604a21d21e2fc642550d4013cac561560a79ab1fed1fb12,true,true,true,true,true,true,true,true,false,4.421875,0.008068862351877648,371.3095344415794,30272.35693122231,30272.63254594344,0.012265518496881936,false,0.4375,0.06609075516462326,true,0a463614c0c6c7fc16dfebb480c3077931bdc4420e3e2cc07f7ad3ea761daf5d,0a463614c0c6c7fc16dfebb480c3077931bdc4420e3e2cc07f7ad3ea761daf5d,0a463614c0c6c7fc16dfebb480c3077931bdc4420e3e2cc07f7ad3ea761daf5d,0a463614c0c6c7fc16dfebb480c3077931bdc4420e3e2cc07f7ad3ea761daf5d,true,,true,true,true,false,false,true
r0040,c5fa81599c67a93c7ba6019b30144224aee8ebc298477bd35d47590aef94e9c7,bf16,2366,acddc13a6c2708603d0c13c38a6b2481ae81499269c72bf09c47cf4852118ed8,true,true,true,true,true,true,true,true,false,8.953125,0.00860065564722623,563.639951500326,32191.309038537147,32191.873855183774,0.017508764914893716,false,0.390625,0.06281380355358124,true,ed033e4789d58812ea5de3788f1975a595e971e4ddab68e2d5106c9f27bd17ff,ed033e4789d58812ea5de3788f1975a595e971e4ddab68e2d5106c9f27bd17ff,06703fb12b6c8cc3b0b0670d58939d94912c1cf7669a8f138048ff3a61d0c63b,06703fb12b6c8cc3b0b0670d58939d94912c1cf7669a8f138048ff3a61d0c63b,false,94,false,false,true,false,false,true
r0041,a86aa04fc85dcadf5bae75f62e74641c23480410fea2e42f2325acbf9d30b356,bf16,2513,c93aa56e06d179684cd59651e17f8fbca7224a13e2eee6387abec38a51639f46,true,true,true,true,true,true,true,true,false,5.78125,0.008569672285361244,538.626112102125,33236.6048534523,33237.06108841043,0.016205587812634276,false,0.390625,0.06240435317158699,true,f9cd7e3f5f75061fb687cf21213a70b0d493815c333e2b206bb7400d53b86396,f9cd7e3f5f75061fb687cf21213a70b0d493815c333e2b206bb7400d53b86396,4147aec7e99236b47f76719942807b2626dcd984180871753955be4e372f6cc7,4147aec7e99236b47f76719942807b2626dcd984180871753955be4e372f6cc7,false,453,false,false,true,false,false,true
r0042,58fd765e7bd0469676b0ea66f3b47890bfc0520c45a61224a9fbe7357cbd3c4a,bf16,2373,567bca4c9426c702ddbc9c9047c3e7546bcce0046852383d2df3d433ecddca12,true,true,true,true,true,true,true,true,false,6.3046875,0.007393597118670177,452.14661331956916,32475.862722824193,32475.52292007813,0.013922543557304741,false,0.46875,0.06669545918703079,true,8721ee7c37e61218febb222fdaa18baad60ae63a957105ec8da31d82bfb9ac81,8721ee7c37e61218febb222fdaa18baad60ae63a957105ec8da31d82bfb9ac81,8629cb270347c2e9ab4108b0ca6e4efa08ad6b3ed38fc764b47d993b25b39ae3,8629cb270347c2e9ab4108b0ca6e4efa08ad6b3ed38fc764b47d993b25b39ae3,false,4,false,false,true,true,true,true
r0043,cc2321c5761284961939dce6f08444e3d643fd1755f2fd92342cc1b3a8351451,bf16,2250,af4d9e365a8572cbd294ddd5177a36e041ea83faed310be6dc45a8e0f8267e1e,true,true,true,true,true,true,true,true,false,3.673095703125,0.00823997993926534,452.36168857301493,31681.513276338646,31681.068950423836,0.014278411660053546,false,0.4921875,0.0711105540394783,true,de8fa9df25b6dc60b9bd49a0a2c28fbbb52c44c4266a922621f2d692bc56dafe,de8fa9df25b6dc60b9bd49a0a2c28fbbb52c44c4266a922621f2d692bc56dafe,abf0c34c29eff3adfe3c483bc980ebe37fb66f8959402ff901b97d33fe3302ed,abf0c34c29eff3adfe3c483bc980ebe37fb66f8959402ff901b97d33fe3302ed,false,113,false,false,true,false,false,true
r0044,3fcbcb3d36a52a1116a5c10fcd680ee6626453ee8d1d6278d0948e5b1e749eff,bf16,2042,b6fbc1942d87f698fab21e719e8c00a968101f7792ef73841b919111db143d8f,true,true,true,true,true,true,true,true,false,5.98046875,0.007191879856360235,365.80246262592283,29906.457293668947,29906.602893192037,0.01223149496224442,false,0.421875,0.06369489431381226,true,10dc67dd624718bdab427dc84510a9736684e77188dfa5b69c40ed6ff1f95e83,10dc67dd624718bdab427dc84510a9736684e77188dfa5b69c40ed6ff1f95e83,15b730ee143ef0ad6a6054f5632526fa50b80a065ec3b47a205f8b40e2cd3487,15b730ee143ef0ad6a6054f5632526fa50b80a065ec3b47a205f8b40e2cd3487,false,6,false,false,false,false,true,true
r0045,026e43eded39f90e23b8e68c6e87e1dde968bec51414a4eef4f5526f9e7eb32f,bf16,2067,b2d5c6e228437da9c2e259d7ece48c4de73ad82a41be0255273c8b1316bc1cc3,true,true,true,true,true,true,true,true,false,3.9375,0.007878145460456879,314.7196579954362,29965.105879091152,29964.451476568003,0.010502871548838381,false,0.4375,0.06740258634090424,true,79e330ef7dbbf6e3db01f9c8469a2778ecc4ff335331dfe85d84c422d7838faa,79e330ef7dbbf6e3db01f9c8469a2778ecc4ff335331dfe85d84c422d7838faa,79fa05f6513e82e56dd1f46c48f250ee0ac7a2eac81906d558048bca0b4c1613,79fa05f6513e82e56dd1f46c48f250ee0ac7a2eac81906d558048bca0b4c1613,false,155,false,false,true,false,false,true
r0046,f9d1171d3e7e28e1a8db1f7561ebb990fb513bfb089b69b77fa294023561db98,bf16,2268,f54de6daf4bd0247172c96849e5a6feacb52f9399c649d5ecf5f3173f06f92be,true,true,true,true,true,true,true,true,false,9.25,0.008024641914153696,441.6602551297966,31848.519520947622,31848.77605918397,0.013867416892538283,false,0.375,0.057594407349824905,true,38389291a4ac6820574e629aa6f21048752a1f3d7657c371f74864b9aabd2a9b,38389291a4ac6820574e629aa6f21048752a1f3d7657c371f74864b9aabd2a9b,77d1afdb8b8effe78185d2c229486c6804290c0553aa135a9a972cf4f17187fc,77d1afdb8b8effe78185d2c229486c6804290c0553aa135a9a972cf4f17187fc,false,90,false,false,true,false,false,true
r0047,f9bcf1f570f8be903059b0aa44310031a0ff6c8c5f6744213e53093295ccaad6,bf16,1897,4785cfad29ec2aa255237cd1806bdc94383a699a761dad87abc033ab2f173023,true,true,true,true,true,true,true,true,false,0.96484375,0.007058658911772967,256.14847629239625,28849.277518112187,28848.761982381464,0.008878852377900306,false,0.34375,0.05976293236017227,true,cd206ddf2e7bfa0f3d93c593fa23fc5630c657195246c09dc8a4370945f82361,cd206ddf2e7bfa0f3d93c593fa23fc5630c657195246c09dc8a4370945f82361,cd206ddf2e7bfa0f3d93c593fa23fc5630c657195246c09dc8a4370945f82361,cd206ddf2e7bfa0f3d93c593fa23fc5630c657195246c09dc8a4370945f82361,true,,true,true,true,false,false,true
r0048,04b291282159aa128048670f8f3e2ef9cc71c4a7194413e866319a925c8dc20e,bf16,2152,8e1c36f245a182571111b12e8727ccfb645f862b77f774a98d625e7575eacef5,true,true,true,true,true,true,true,true,false,2.9375,0.0072997263578710855,325.771058948829,30760.483041460306,30760.86492065704,0.010590438851089063,false,0.431640625,0.06470806151628494,true,3119dca811682993753df2b0105772d405c07efe896b9ffceab1ad71c416599f,3119dca811682993753df2b0105772d405c07efe896b9ffceab1ad71c416599f,8587cd9635fda0c9cd756acd6f17b37e0ca14355b92067186b98d1d54cad8a7a,8587cd9635fda0c9cd756acd6f17b37e0ca14355b92067186b98d1d54cad8a7a,false,214,false,false,true,false,false,true
r0049,6cdb0ac2904962ca3f58ba0d862ba5ce4c34c31fce9531100b1e510600a4242e,bf16,2203,fb9112ec7f655ccabe558eb673d873fdf0e13e71044ba9f212539b2c97c9f6e1,true,true,true,true,true,true,true,true,false,2.474609375,0.008140350907375119,354.8318877048728,31323.51541517428,31324.330155143136,0.011327676791409794,false,0.421875,0.062238287180662155,true,7b1d635848c8346e3847774ea4bf7c51df01031f927666293bab3840b637b108,7b1d635848c8346e3847774ea4bf7c51df01031f927666293bab3840b637b108,70a07a3d4e48488b48df10d0d192ce42bd035dd5f35a279e62e4552618893bb8,70a07a3d4e48488b48df10d0d192ce42bd035dd5f35a279e62e4552618893bb8,false,165,false,false,false,false,false,true
r0050,d5f0cb9b260eaf04d9933f09575e7aedb5aca13a842eabe2db2d7a04baf43a69,bf16,1843,feee1ba20207a30651034899f61c30b1f8a5a63c3858b771ce48c362ba0ace8d,true,true,true,true,true,true,true,true,false,1.140625,0.006831803323279743,246.62332660485592,28378.634763739152,28379.525495538182,0.008690184994235718,false,0.3828125,0.06277202814817429,true,380b8dece1a5ef4032cc6987d95fd450d81d72b9a7734a2681f2e450c9c6f69b,380b8dece1a5ef4032cc6987d95fd450d81d72b9a7734a2681f2e450c9c6f69b,380b8dece1a5ef4032cc6987d95fd450d81d72b9a7734a2681f2e450c9c6f69b,380b8dece1a5ef4032cc6987d95fd450d81d72b9a7734a2681f2e450c9c6f69b,true,,true,true,true,false,false,true
r0051,a6f14e6509ab61fc1187c370d1f0e632a1da5a0d64701ad79fc064505c485775,bf16,2285,d5462a88e8c0dc39d9d472eb6e648d966821a0b68b09b341ef56fdf667fc0be8,true,true,true,true,true,true,true,true,false,7.1875,0.009588862418396932,558.6733011490309,31872.66578942714,31870.219226030255,0.017528289125233916,false,0.453125,0.06818411499261856,true,351c74fdae1b8e778a98ed77d64e0a32aa1774fe40d747418ffa635a735f6c24,351c74fdae1b8e778a98ed77d64e0a32aa1774fe40d747418ffa635a735f6c24,351c74fdae1b8e778a98ed77d64e0a32aa1774fe40d747418ffa635a735f6c24,351c74fdae1b8e778a98ed77d64e0a32aa1774fe40d747418ffa635a735f6c24,true,,true,true,true,false,false,true
r0052,4fbcb4af3faeee413237e387d2a30c3c3cc5336e1307e6679e9e072c2b2b6e53,bf16,1590,69e5b9204f66e8e7f03f0b2692d44494a2d308cc63d57987711f21505b13b6e0,true,true,true,true,true,true,true,true,false,0.900390625,0.006543850575586541,216.22181478711894,26157.92643373905,26158.601487442604,0.008265801781907793,false,0.40625,0.06600767374038696,true,ecf777835cc782a0638fb25a5b2a81188b41246d4c8097dae940bbc98d730edb,ecf777835cc782a0638fb25a5b2a81188b41246d4c8097dae940bbc98d730edb,c7b8b7664fa4cdc3386b898687d0dd5217ab27fb5f01a697458d94af01d3e439,c7b8b7664fa4cdc3386b898687d0dd5217ab27fb5f01a697458d94af01d3e439,false,7,false,false,true,true,true,true
r0053,0ede8da716649a8a6fa423a9eddbbe5b635d6e29c41747c7bbed0bf0cec853f0,bf16,2555,8c89f52ca7b37c90d77b520ca9186323cbe29811f6909789e572dbffcfcf1b2d,true,true,true,true,true,true,true,true,false,4.828125,0.006356232856983955,375.9308024234546,34615.179098643435,34614.90665280114,0.01086028766028217,false,0.53125,0.07346412539482117,true,4c2305b00db061ea56afa806e59ad9327a977348e679e753e33b78fc11ed179f,4c2305b00db061ea56afa806e59ad9327a977348e679e753e33b78fc11ed179f,363c97de4f3816edd472b2d0ce063a6560172f3c75571b7f2f2820fa75d3af6d,363c97de4f3816edd472b2d0ce063a6560172f3c75571b7f2f2820fa75d3af6d,false,26,false,false,true,true,true,true
r0054,0db4710bf9a9defbc6ba7402e3508b8a26150ffb41c61d0ee7f57fafb8ff978c,bf16,2152,78735457a8ec202570b1e9910840d26734de8e3b3f5ea80c86a46ca0e37f9978,true,true,true,true,true,true,true,true,false,5.078125,0.006971282885875485,318.2890443742359,30642.117762900514,30641.93559387185,0.010387305695939842,false,0.421875,0.0679287239909172,true,e163fd486ecb87bd4ca3bb4bd0ae71569c2f4ba72191d58d37d1b692f5c2aeb8,e163fd486ecb87bd4ca3bb4bd0ae71569c2f4ba72191d58d37d1b692f5c2aeb8,e163fd486ecb87bd4ca3bb4bd0ae71569c2f4ba72191d58d37d1b692f5c2aeb8,e163fd486ecb87bd4ca3bb4bd0ae71569c2f4ba72191d58d37d1b692f5c2aeb8,true,,true,true,true,false,false,true
r0055,bdd25925373d0aa419ee03310b566600784a9eefc4a48fdc9416685a17469fb7,bf16,1540,24bfc3d0de63d394e2f698ed8dee540636f3e6fe3a55ead3cc328df555d92f61,true,true,true,true,true,true,true,true,false,1.453125,0.0070954202287345685,255.7880056011774,25817.544964868826,25818.229434145724,0.009907263635316785,false,0.46875,0.06451572477817535,true,aa13d5f6ddc8c0bccb44cf50053c05020a0442776ef2f8cca26abd1bcd60d9fe,aa13d5f6ddc8c0bccb44cf50053c05020a0442776ef2f8cca26abd1bcd60d9fe,0463cf0a7992e15d1d95f3a8d82c69605db06e039e167973ee68d26080d55eb5,0463cf0a7992e15d1d95f3a8d82c69605db06e039e167973ee68d26080d55eb5,false,119,false,false,true,true,true,true
r0056,322095c0d14de272c9ae7743631c69bf745921fb22a82661121c4ab24c88ca78,bf16,1046,c0010bba28c3badd7c3a986ca58149ff4502b0f8a8f12c6e1eaef80194cae430,true,true,true,true,true,true,true,true,false,3.1171875,0.005939908241896405,235.66712594227275,21069.266052733055,21069.789242008188,0.011185072771036936,false,0.421875,0.07043254375457764,true,e4872b73e6cdbae85206c7afa59e7d2afbe53530d88487081b06b20bb0755cc6,e4872b73e6cdbae85206c7afa59e7d2afbe53530d88487081b06b20bb0755cc6,0e4cf50bb0c04e832179ddfaf801dedbd3a788398fe288096978420b3ae739d6,0e4cf50bb0c04e832179ddfaf801dedbd3a788398fe288096978420b3ae739d6,false,79,false,false,true,true,true,true
r0057,edd9959d33ecc090280778692380844dbf365be716885b1a9a2d7c91294d4e67,bf16,1837,e71c423cb2a5011d09f87db63eb17acb890580711b95adcef5b726796a4aa8c8,true,true,true,true,true,true,true,true,false,2.7890625,0.005850467118969563,256.6474324111114,28412.803063093834,28412.997031599127,0.009032747658604423,false,0.4296875,0.07018492370843887,true,a69ccd9a753dbaee9de4fbc86a67e9903ac494f5ee1e1a0feee77df9042f7b3e,a69ccd9a753dbaee9de4fbc86a67e9903ac494f5ee1e1a0feee77df9042f7b3e,f397fb9f8513dead4f4cfe6fe74be8ee6099c1335479d302e6a1c4f7fca69bb6,f397fb9f8513dead4f4cfe6fe74be8ee6099c1335479d302e6a1c4f7fca69bb6,false,35,false,false,true,true,true,true
r0058,9449dae88ae1fc4342b6af0374ec7dacf8f154bd40cc9d58a93ba4b615d99d2c,bf16,2499,1055fe68426d0b9d5d341b9c05bc9ba41d2dced3b4e6cbcebe7443c1717528a3,true,true,true,true,true,true,true,true,false,5.1484375,0.006910724656764788,408.55398994843523,33587.02526020678,33588.19495467249,0.01216361851239049,false,0.4296875,0.06451715528964996,true,143de71092779d532a93e1d6941bf98f5e5aeb50f56cda6513d0b5a7f4ec9ad5,143de71092779d532a93e1d6941bf98f5e5aeb50f56cda6513d0b5a7f4ec9ad5,7a6bec55d9ec9196cce70c38286eb04cdf9ca726004ef833304139b43f795a70,7a6bec55d9ec9196cce70c38286eb04cdf9ca726004ef833304139b43f795a70,false,157,false,false,false,false,false,true
r0059,db86a6ab289db463011e3bd090d1489362729a4cc2c6022fb78dc609af18a6b5,bf16,2147,707317acdc7799e06ff1dac2d2af98f0d1887811d8342f9c4d7993447601671b,true,true,true,true,true,true,true,true,false,4.703125,0.007688894574199448,350.0994395349206,30762.19694797358,30761.21079075683,0.011380833434199274,false,0.375,0.05760068818926811,true,97530ab92344e079bacc93209d466b100cb7d80b341b8823ee32c0b3392d4216,97530ab92344e079bacc93209d466b100cb7d80b341b8823ee32c0b3392d4216,97530ab92344e079bacc93209d466b100cb7d80b341b8823ee32c0b3392d4216,97530ab92344e079bacc93209d466b100cb7d80b341b8823ee32c0b3392d4216,true,,true,true,true,true,true,true
r0060,af0a31666d5642ffd3aebe9433609ffab66b4892b81604c3b7a4dab32ae376d3,bf16,1813,b3bf521a14fa04541d3e0bfb2fa65abd1ebeedcb34a5fb357f11353548bea509,true,true,true,true,true,true,true,true,false,2.59765625,0.00703302929218837,252.54059734885124,27718.44158046052,27718.435302674705,0.009110923376257702,false,0.546875,0.08715004473924637,true,6896c8d38df6b93ee0515031e4fac830762217bd78785212e0d566dc15f78f0a,6896c8d38df6b93ee0515031e4fac830762217bd78785212e0d566dc15f78f0a,d3943b535ec74b8b789e9169b9b64c35108dc092defe441a72f6a37c90a09937,d3943b535ec74b8b789e9169b9b64c35108dc092defe441a72f6a37c90a09937,false,7,false,false,true,true,true,true
r0061,e9fe08e8a6a6bd59f275e798d6ec570197a4d1a8c2b30f62ac5a3d6b04b3c2c4,bf16,2427,5232ba3340b34983d8dc4f187fb319e441f0b742e6327d8ce78e58696846a674,true,true,true,true,true,true,true,true,false,6.8798828125,0.00891696114522473,493.96882720008404,32677.13267954395,32677.06751878622,0.015116651514204335,false,0.625,0.08306121826171875,true,db635c61e95c72885bd20529232fd954298bcb1686d2d455ebf7f20f2d7edce5,db635c61e95c72885bd20529232fd954298bcb1686d2d455ebf7f20f2d7edce5,274379a273c17c34f1f8f648d8828d9b9ca2ec24649a3ecf3f131e17f278ccf6,274379a273c17c34f1f8f648d8828d9b9ca2ec24649a3ecf3f131e17f278ccf6,false,48,false,false,true,false,false,true
r0062,c5d1abdee945f72a548af919c4283e0eefd4952450543a7b2694c912ffd9e1dc,bf16,1941,7d546aa39419f50857eaedca9b2b1013ce00c9dfb41e671449ae8a659bda6a4c,true,true,true,true,true,true,true,true,false,0.984375,0.006599632525920889,230.98688203872507,29027.734810359547,29028.906493750826,0.007957133421076353,false,0.40625,0.07046400755643845,true,7e769af3d5abd3048949688435614b0e5397ce857ff7fb1303752d31f6af726b,7e769af3d5abd3048949688435614b0e5397ce857ff7fb1303752d31f6af726b,7e3078c4af0a12e488a84687bfb1a6c2bba09dfa0d2b90792c0b4c20e5b9b0de,7e3078c4af0a12e488a84687bfb1a6c2bba09dfa0d2b90792c0b4c20e5b9b0de,false,96,false,false,true,false,false,true
r0063,19ccdee5cfe9c637b2d0ef72b63fd69c029ad39f7cdefbbbad189ba7ae2869fe,bf16,2069,d63d671680d758584b7804369e75c4fc3c6c918b4c064f7d66be8fbab3de34ce,true,true,true,true,true,true,true,true,false,7.46875,0.008133048559089287,418.79215682645145,29760.926936353622,29761.424165222816,0.014071643698953883,false,0.375,0.05902114883065224,true,a7aa28d2b9bf658232c17cb59cea2592be002cf2d9cea1de5195e7e28d26365a,a7aa28d2b9bf658232c17cb59cea2592be002cf2d9cea1de5195e7e28d26365a,f3bd085503194a632c2105bcf802a124455f5dc9bd61a1f603f59b1d97201e75,f3bd085503194a632c2105bcf802a124455f5dc9bd61a1f603f59b1d97201e75,false,49,false,false,true,true,true,true
r0064,b63ab02a48637692674f6c5b749d50f4df16dcdf410eec0558f91de2f4f549ab,bf16,1941,5981042fee13212bcfa7011b109f5847f694850d657820fcd7b35ea4580fd77c,true,true,true,true,true,true,true,true,false,2.71875,0.0076546203821733026,322.01637342214,28939.545651574066,28939.541933922086,0.011127209020457619,false,0.40625,0.06661674380302429,true,b1e0fce104312799660faeee7d33a2826f3197f4f71c2c77bd8032e86a37ae14,b1e0fce104312799660faeee7d33a2826f3197f4f71c2c77bd8032e86a37ae14,f457e5162e643a88f729783c754945d622af7c5fbc822d5eb4bc2e03cf0c683f,f457e5162e643a88f729783c754945d622af7c5fbc822d5eb4bc2e03cf0c683f,false,10,false,false,false,false,false,true
r0065,59dcacc07388c77e22e8c1b2b5271ada9656301ae060964865b9e7cc586743ce,bf16,1779,aaf78353b782d6316b4cdc3813af7cb8d5cdfd6a7878c55dd08068ec7edf2dd0,true,true,true,true,true,true,true,true,false,3.9375,0.006532442547704982,301.170217047788,27534.941497963795,27535.103232607802,0.01093768251034317,false,0.421875,0.06278157979249954,true,9bab7f82a68c5416a560c9b713572cff12a7c2e17b0bcd4eba2fd8ee520491ce,9bab7f82a68c5416a560c9b713572cff12a7c2e17b0bcd4eba2fd8ee520491ce,9bab7f82a68c5416a560c9b713572cff12a7c2e17b0bcd4eba2fd8ee520491ce,9bab7f82a68c5416a560c9b713572cff12a7c2e17b0bcd4eba2fd8ee520491ce,true,,true,true,true,true,true,true
r0066,8442ce45d2ac645ed658691c638e69edbcd803b9ac1adc716ffb4e8b53cb8413,bf16,2110,76e30f486e0459d421cb32ccc622f4e9fce0ffddd98130ed67e80cb7056fe71f,true,true,true,true,true,true,true,true,false,5.6875,0.008885070591215646,484.46530144238477,30780.691173650197,30782.175783980994,0.01573850090527064,false,0.4375,0.06812460720539093,true,9a8ba4ec4434df26e2ffda40f4fb7c33f8b91ceb068f8edb4e86d032c5c850d0,9a8ba4ec4434df26e2ffda40f4fb7c33f8b91ceb068f8edb4e86d032c5c850d0,d2e5da6989c0145951be273838f7f1aba8f84667034b32106bbd636913e0fdec,d2e5da6989c0145951be273838f7f1aba8f84667034b32106bbd636913e0fdec,false,128,false,false,true,false,false,true
r0067,e2099d7c30d43617d1e6ca3528a162cab13847818f1a8e877c434fa2e1d26c95,bf16,2393,a44304cbfff9da9d42cfd2820ab7021fdd88d96da2a9fc20761fa0a2e04a6662,true,true,true,true,true,true,true,true,false,3.03125,0.00749102483432539,351.24817085928834,32269.59815805977,32269.414885270875,0.010884801513140608,false,0.4375,0.0651714950799942,true,a97e21d0f1faffee385ecdb6353ce2f397e75c273435669f2bf3ed36ecdfa919,a97e21d0f1faffee385ecdb6353ce2f397e75c273435669f2bf3ed36ecdfa919,a7e354ee8c45a62eb11c6e1eef54486dda1083aaf8a511f8a3b53d62fe0aeeb3,a7e354ee8c45a62eb11c6e1eef54486dda1083aaf8a511f8a3b53d62fe0aeeb3,false,117,false,false,true,true,true,true
r0068,7f8f28111b35f98a78065f5d45587f2baaf6dae9a6cc723d7d7e1ed45f102e40,bf16,1210,f9b984c26d75878658d2acee3a768955efffab4da7917736663072351575a90e,true,true,true,true,true,true,true,true,false,1.734375,0.006336040157533048,202.61119744703805,22469.297663428868,22468.045902581747,0.009017246577173125,false,0.40234375,0.06207908317446709,true,616ae8a8ca69a9d77e828877398b4c16a5a3cad3792bc2b26601c6051950d204,616ae8a8ca69a9d77e828877398b4c16a5a3cad3792bc2b26601c6051950d204,31d59e6112dcfb9a40ec5e4fef9650380248d3046423c42135ff9b23bd2e1ba6,31d59e6112dcfb9a40ec5e4fef9650380248d3046423c42135ff9b23bd2e1ba6,false,28,false,false,true,false,false,true
r0069,d421191ac0c8fbb3dad501c2ef922dcd8f4eb79ce3550224c32f41f6d4d9b920,bf16,2269,aaac418c355003a9aa45c9b45fdc6649d6308094caa1620636e442ae6e8366d8,true,true,true,true,true,true,true,true,false,5.578125,0.008559152658698374,427.50710581600475,31601.00178245167,31600.894169043364,0.013528277007136004,false,0.4375,0.06610298156738281,true,391d5ce9c13bc68c6fe732f4d6ad12e485e7cdf88b1371b77fdb23cea9cf5409,391d5ce9c13bc68c6fe732f4d6ad12e485e7cdf88b1371b77fdb23cea9cf5409,e1ccbfc6f744f85f971b83c95a81d4afb58c74545f9e4b716931b6905f25815d,e1ccbfc6f744f85f971b83c95a81d4afb58c74545f9e4b716931b6905f25815d,false,259,false,false,false,false,false,true
r0070,1c177a055c8fe8cd6b621fc1f378a927104fefde4fdd6905d074ea2df0cd6adf,bf16,1366,98812ab59256e63a5e0338fa43809a8f0c14a1eb9e05482870f6ac52a91bd316,true,true,true,true,true,true,true,true,false,1.265625,0.005227112025640006,190.26964311131624,24347.342007404848,24347.59164902076,0.007814721301971923,false,0.4375,0.06726367771625519,true,edfe1947cf32b03655da2fada03a74214bceea55a3f8ecb5bf8359a2bf9ba629,edfe1947cf32b03655da2fada03a74214bceea55a3f8ecb5bf8359a2bf9ba629,edfe1947cf32b03655da2fada03a74214bceea55a3f8ecb5bf8359a2bf9ba629,edfe1947cf32b03655da2fada03a74214bceea55a3f8ecb5bf8359a2bf9ba629,true,,true,true,true,true,true,true
r0071,4fd74571b688b2c3e7a5857e559bcd0e5b5328d82aeda42c4124a09f0b4c6016,bf16,2189,ac850b92fbb995b4d9fd5826f8607d7dc887d2bce752390e34dbb1d264f1e706,true,true,true,true,true,true,true,true,false,8.06640625,0.008779038057140346,475.1930686208707,30974.725514683385,30973.18959880942,0.01534131653226784,false,0.4375,0.06087884306907654,true,ceb14b9c77823e8c5efd5b72892e6db41f397ea01998d0e386d0b52fcddb0932,ceb14b9c77823e8c5efd5b72892e6db41f397ea01998d0e386d0b52fcddb0932,c9cd82748b9e19f7c70c01aef0c338bdabd036099192dbd3553874e827084862,c9cd82748b9e19f7c70c01aef0c338bdabd036099192dbd3553874e827084862,false,124,false,false,true,false,false,true
r0072,7df7c83abdfc60191ddbb97ca61e2a591b4198239ff3cc18a968906fa539943f,bf16,1822,f38e94be09bfcde8030ce74910a10056a6820310a0dd99551b67802bba7b3996,true,true,true,true,true,true,true,true,false,4.25,0.007188710239234694,361.8377126647213,27960.844342518823,27961.282245343147,0.012940669511856314,false,0.515625,0.06606369465589523,true,538ce27af6a5c080f9fed297716980042505488973d44d6ac3559c4aec9fb655,538ce27af6a5c080f9fed297716980042505488973d44d6ac3559c4aec9fb655,26e5b6c1d0f7d36e3e69a61f365de05d0d2dfbffcdaffa01953ef3c88fb0e0bc,26e5b6c1d0f7d36e3e69a61f365de05d0d2dfbffcdaffa01953ef3c88fb0e0bc,false,22,false,false,false,true,false,true
r0073,5b7add60ad775e42982728aacb4c78b3f011f4c56e49056a87f7e8a2139176b9,bf16,2070,389f19ee6a6d127182153a9c1f51447b636bddc5601f3193cf012fa5fffe48d8,true,true,true,true,true,true,true,true,false,6.9453125,0.008660027624620776,467.26971489859466,30207.137907262942,30207.191020751925,0.015468823783634393,false,0.3984375,0.06192842498421669,true,999b59ae9c5f74c74cc46c2b9217d80bda7afafe78816bf3775fddc4fc55e2cf,999b59ae9c5f74c74cc46c2b9217d80bda7afafe78816bf3775fddc4fc55e2cf,ba50524992d3b351addf3ebce28714ba290ed14807b25d14b449fac821474e36,ba50524992d3b351addf3ebce28714ba290ed14807b25d14b449fac821474e36,false,85,false,false,true,true,true,true
r0074,c19ca0246f43d55980847ab4236c6f6e30df66a75db1301cbc1459196ea16211,bf16,2224,882e0e77287038d8d1f6fcf2457222c6cb35523b3c80af3c1e3aa14c749ba161,true,true,true,true,true,true,true,true,false,6.27734375,0.008911016910942352,485.84036124832534,32022.77988006838,32022.918153460963,0.0151716454734097,false,0.421875,0.06391933560371399,true,41efe6c7a4084add36423e937202d1e126795ba12f78e735130bfd89cd381d5c,41efe6c7a4084add36423e937202d1e126795ba12f78e735130bfd89cd381d5c,fa1467f97c87c81f018cb99b8de6fc38f5bf9b89128dacfabf89ec3109a5fe91,fa1467f97c87c81f018cb99b8de6fc38f5bf9b89128dacfabf89ec3109a5fe91,false,220,false,false,true,false,false,true
r0075,cadeba7aa9056f6d936217d4ef9698376f45bfeaabab36461da35c16dd3987f7,bf16,2318,f6f666619a326df44597a9c5ba967da20789e7fc4e2632ee49f3f78606391884,true,true,true,true,true,true,true,true,false,3.23046875,0.007075551761792383,356.0674010974022,31906.494288686852,31905.87478124701,0.011159715569994592,false,0.4375,0.06376451253890991,true,bb5c00f9f0defb9700dd12eb803e055494d4e78b67ffafeeb029501b31740622,bb5c00f9f0defb9700dd12eb803e055494d4e78b67ffafeeb029501b31740622,526b9ae34d740bbc741efa835cf91d6ad4a1fa26f237e586083853325f7c0a75,526b9ae34d740bbc741efa835cf91d6ad4a1fa26f237e586083853325f7c0a75,false,184,false,false,true,true,true,true
r0076,b731377a202f5e47bacef06e1d7632493ceb4a311d6988b3cd05f9aee7af6ace,bf16,2323,44c49f693d01d8e8e29e4f0683038f5dd37c911564782334e517df0e424795b4,true,true,true,true,true,true,true,true,false,5.78125,0.009065589838688548,453.6262845266355,32003.89989941303,32004.62617061543,0.014173772319925603,false,0.4765625,0.07454711198806763,true,e3b78300a4b0275b4d78a7b709420bd42cfdaf00a639581ae7f1f9535807d65d,e3b78300a4b0275b4d78a7b709420bd42cfdaf00a639581ae7f1f9535807d65d,4b6e928e00b4f044b689c6a22c404028f60ad7f10418bc63eb9aa0b26fa8db75,4b6e928e00b4f044b689c6a22c404028f60ad7f10418bc63eb9aa0b26fa8db75,false,25,false,false,false,true,false,true
r0077,6d577d64733602f7d4feae4a52103e494b4b2fa54beab87d63f0dd0f90d81ffd,bf16,2320,fd438c34065598754e7b607db28c3db9c8fb288a6745cad35215ec1debce91c3,true,true,true,true,true,true,true,true,false,6.78125,0.009654866655367383,543.1191335195495,32134.883637041894,32133.718006398103,0.016901232307357596,false,0.4375,0.06937391310930252,true,f49f146716c93ec40e7c227d91a2e03e270df7fd39a242904a1ea8ff20b4afe0,f49f146716c93ec40e7c227d91a2e03e270df7fd39a242904a1ea8ff20b4afe0,daf8abe62e314c94742ec6aa1e07f811e053f6007ef6cc022ebe5cbec17435e1,daf8abe62e314c94742ec6aa1e07f811e053f6007ef6cc022ebe5cbec17435e1,false,201,false,false,true,true,true,true
r0078,baeb88ff4ea28120fcb6d58cec12179ae23a76f080b6d5e663043df70c1fb135,bf16,2026,152a58e3e394df8b687576693966deb0b3e7b3b3731d4f9f7af2cb8fe9a9a25a,true,true,true,true,true,true,true,true,false,5.4375,0.007680089119631768,360.1967714459777,29784.54204790015,29784.831355224207,0.012093295649391005,false,0.4375,0.06670662015676498,true,13840763537a6fdcb3f0c8d2375aaac0afc58ee69a07703fd7d691cccaa36423,13840763537a6fdcb3f0c8d2375aaac0afc58ee69a07703fd7d691cccaa36423,ae1f50b789871afbb11337e65c07845ee20ffdf6d98e3b7bf7ce1c36dde46aae,ae1f50b789871afbb11337e65c07845ee20ffdf6d98e3b7bf7ce1c36dde46aae,false,144,false,false,true,true,true,true
r0079,0f8e0983ecf82dc4350b3fa3cf0d1df4ee587daa0769b462aab91b0847b01e9a,bf16,2045,e51b191b1947702948803d3ed182ea674dc75f22c9ad5f7a7a57f9283843cc4b,true,true,true,true,true,true,true,true,false,7.3828125,0.008163288824650228,465.7793186965123,30019.83116811364,30021.086308848106,0.015515072103144826,false,0.6875,0.06809335947036743,true,2c9e0b84779471c26134daf93ad6156c98ad9f2d81b483118f07b6ac071e5fea,2c9e0b84779471c26134daf93ad6156c98ad9f2d81b483118f07b6ac071e5fea,8065f3affa9f89c30f9ca3a59c46ca77b7f8acf1722156c98c35b74335e9c862,8065f3affa9f89c30f9ca3a59c46ca77b7f8acf1722156c98c35b74335e9c862,false,146,false,false,false,true,true,true
r0080,1e73b92a8661d71cd0cc35823cda3d02381afe5b6e97f7978c13ff6079cc1dc2,bf16,2022,060d4fe2fded6a66a58e9db0e1255c68d5300d779ec3a0d50eda2a89be6628f2,true,true,true,true,true,true,true,true,false,4.796875,0.007317697709637816,353.02720053898673,29582.802785565997,29583.429286737042,0.011933275115513984,false,0.453125,0.06447692215442657,true,42c7c1632581338e2355bccf753687661d19c4602a47d0d7d92b145deeaac15e,42c7c1632581338e2355bccf753687661d19c4602a47d0d7d92b145deeaac15e,d8e893bc896aa32b73d22129259f5c1efcdbc7636304046a08515669704009c9,d8e893bc896aa32b73d22129259f5c1efcdbc7636304046a08515669704009c9,false,7,false,false,true,false,false,true
r0081,5aa06bc933c9def96aa4be13007cb88efb54bd6f072e6b08029cc0bd97331f89,bf16,2373,5ddbec0cc6e580912532e7e478ba796327cd723e33462ae38c5bef4b0c5af812,true,true,true,true,true,true,true,true,false,7.84375,0.00941960237820194,600.8770895389335,32386.332995617417,32385.415206789123,0.018553415405820887,false,0.5,0.07720156013965607,true,b2b24378cb4fec0b31bf79c9c07b801ecf20455683fd50c0d41849e9003fe309,b2b24378cb4fec0b31bf79c9c07b801ecf20455683fd50c0d41849e9003fe309,e79fd237b354a11eff52e75b415272ae126324b08326bff954701affcc6ec46a,e79fd237b354a11eff52e75b415272ae126324b08326bff954701affcc6ec46a,false,31,false,false,true,false,false,true
r0082,3f871964fa4dbad46e0a8469c5ac0c7e118166a9292a1528e54f50f8f4c83312,bf16,2222,d7b0d60e3dcf420c26aed9c09dde1d18cd4b19e5c341bbb1fb05dd269c900a6e,true,true,true,true,true,true,true,true,false,5.265625,0.008541513483858015,512.4428504602224,31332.665714969517,31331.674744523098,0.016354907530749845,false,0.375,0.06057931110262871,true,e9a1a323d20e7e3eb94771dec9262a431000fa5677afb65220d6534e0d8fdde9,e9a1a323d20e7e3eb94771dec9262a431000fa5677afb65220d6534e0d8fdde9,c84baa7763c3bc3c38253c0caaeec86970b0621b480f43bd9c9ae543e1db21a0,c84baa7763c3bc3c38253c0caaeec86970b0621b480f43bd9c9ae543e1db21a0,false,53,false,false,true,false,false,true
r0083,1a651670cd1b1dc81128253a4c793e7a90bee4471a2107fd6d7d71199aba566e,bf16,2218,cc5c31a8c104eabe9f8f2b122685b4b4ece1a46a08616e447dbb66d70e66b428,true,true,true,true,true,true,true,true,false,9.390625,0.009176840932115163,600.4365770366821,31376.02111007267,31377.751714046186,0.01913574250024733,false,0.53125,0.07281108945608139,true,28328ab1049b44d491191aec576af6d995a3b990d28a8d8f71ea4b7f8345ebb9,28328ab1049b44d491191aec576af6d995a3b990d28a8d8f71ea4b7f8345ebb9,d665d90fb4289c5abe9babd0b836acc39207a3b2c625dafabdf4ffc053dbd5f8,d665d90fb4289c5abe9babd0b836acc39207a3b2c625dafabdf4ffc053dbd5f8,false,36,false,false,true,true,true,true
r0084,1b43b182c02ecb488441535badcf3037e18f2046de686d1583718904f49bf4d0,bf16,2208,f188d0f7950afb46e3451a4d93ee49c792a713e1e964ee133f70c4d2d740e2ac,true,true,true,true,true,true,true,true,false,2.8125,0.0072764176223504475,336.7215787637166,30822.482870266016,30822.54952416833,0.010924520650041916,false,0.4375,0.067352794110775,true,361aca0c46e164a141b5c7f254fb887396e86c6fa487c6abd357d9d153e9f575,361aca0c46e164a141b5c7f254fb887396e86c6fa487c6abd357d9d153e9f575,361aca0c46e164a141b5c7f254fb887396e86c6fa487c6abd357d9d153e9f575,361aca0c46e164a141b5c7f254fb887396e86c6fa487c6abd357d9d153e9f575,true,,true,true,true,false,false,true
r0085,dfe94546877522969f9c1bca3266733cce9fbf401868aab8cc7463942f568c24,bf16,2076,2dcf0007a43702f17dbdae507d63474f5e83a2c7466d1541fb1460979c524f57,true,true,true,true,true,true,true,true,false,11.3671875,0.010302372970474769,806.2529683128419,30400.444259657386,30398.633786170136,0.0265210916467682,false,0.40625,0.06647666543722153,true,8557c708f774e00413658604d6841ab251c9c3ac4ff3af0355cc2265d07f2864,8557c708f774e00413658604d6841ab251c9c3ac4ff3af0355cc2265d07f2864,8a754c077b73185fe0c6757e2b195519d8b2d29161d1ffc5371d5e7c81f16915,8a754c077b73185fe0c6757e2b195519d8b2d29161d1ffc5371d5e7c81f16915,false,27,false,false,true,false,false,true
r0086,ca31d3abb6df85757a68f3a576b8fbddadd037f1429b61f550edf1ec859978d5,bf16,2544,77e674a8a4916f011436037fdf18ec6f50e8baccfcfead2bdf96a75016b00944,true,true,true,true,true,true,true,true,false,8.8125,0.009678555354158106,638.0994967648203,33765.57917341101,33765.645515265125,0.018897891245003493,false,0.421875,0.061066847294569016,true,4715ece77f07536b640b055e42bd3e4b9da5a2868be2a1b4c8c7e04ed1b69b03,4715ece77f07536b640b055e42bd3e4b9da5a2868be2a1b4c8c7e04ed1b69b03,b195e96ed88402cdbbda2be782a634383a7c5a3aaa3d7db36ace639c531326db,b195e96ed88402cdbbda2be782a634383a7c5a3aaa3d7db36ace639c531326db,false,66,false,false,false,true,false,true
r0087,3fb91942f293ba27d18ecc32cc2f58c2a3db84abd8805fe38db703331e3cb086,bf16,1399,22cb42d99474bc535068443352faef413290bc79998a13da051715eb2d612403,true,true,true,true,true,true,true,true,false,2.125,0.006177041509348316,215.38577637409242,24331.810660302737,24331.898665994006,0.008851992165950996,false,0.40625,0.06034475937485695,true,478ae0480337ca576d67a7513a4e70eabdb418e14587debad665d5a8979f19ca,478ae0480337ca576d67a7513a4e70eabdb418e14587debad665d5a8979f19ca,d7e690573fd183d36a77402390df4389ff302d4b6649a3e4c40e4f69af96fd47,d7e690573fd183d36a77402390df4389ff302d4b6649a3e4c40e4f69af96fd47,false,67,false,false,false,true,false,true
r0088,0bd43518ebf9172d66e83cd92e65931da223ff931fa2eb947b9b30ca0e9f216b,bf16,2256,eb141b65dcfdf958eb5147335b6523d297bc0f7a10cf4f3eae2249af9bc3629d,true,true,true,true,true,true,true,true,false,4.396484375,0.007989085352255046,376.755378284709,31247.56392509537,31247.60489071627,0.01205709620312832,false,0.53125,0.07714821398258209,true,ef9423636813610b91ee7579f3779df89dde141ebc11a0cb7acbb2ff984e5169,ef9423636813610b91ee7579f3779df89dde141ebc11a0cb7acbb2ff984e5169,6c52d4b9b2fd4e6351963684c405282132a81570e3d6946893cc0a9f35fff04e,6c52d4b9b2fd4e6351963684c405282132a81570e3d6946893cc0a9f35fff04e,false,231,false,false,false,false,false,true
r0089,3dbfb98e0aac35df4bd3c915daebcf42ceba74a328e65277c27782e6fe9b6227,bf16,1451,eb3cc6f620f18766751642d354ab6e7a25386dade6ba0857361f6d1a8fa82145,true,true,true,true,true,true,true,true,false,1.6875,0.006529936235407281,227.0782808725493,25063.75662499929,25064.37427673466,0.009059802505555811,false,0.375,0.06012822687625885,true,0aa245908dbba65c26222d45e26b0e8fafed855abfee593b9314f507cd15b42c,0aa245908dbba65c26222d45e26b0e8fafed855abfee593b9314f507cd15b42c,443b71ab9035608b6aabd6ed2266e3318e4f5ecafe22bb63786bef4e7933ef46,443b71ab9035608b6aabd6ed2266e3318e4f5ecafe22bb63786bef4e7933ef46,false,91,false,false,true,true,true,true
r0090,ccaf2211a91e1b6df3ec69eb287c48916cf7e17e68a84e32d5245731769264b4,bf16,1943,3f8b823c8fd9b0bf3ad4a6fce6f3615313bd99aa0b7a47068edf4251ac7d206c,true,true,true,true,true,true,true,true,false,2.8515625,0.007736055956322614,307.64456038435776,28817.989242412958,28817.533591652093,0.010675434632045077,false,0.51171875,0.07215270400047302,true,52baca03a216211583d6aae90d3f8c797951e909b9e7a7f1680d8f4244c5c056,52baca03a216211583d6aae90d3f8c797951e909b9e7a7f1680d8f4244c5c056,c879699a4eaed09d63c797d24d573c7b50be8cabe642dbabf16982ab43ee1f61,c879699a4eaed09d63c797d24d573c7b50be8cabe642dbabf16982ab43ee1f61,false,101,false,false,false,false,false,true
r0091,8760efa1f724694de55429a5ee3a0a4016729cf53419c7cabb5424fc826cbf30,bf16,1747,bffdd316c8e139a528eb395450d21995daccfc6e4f03dd829eec26d18c45b447,true,true,true,true,true,true,true,true,false,11.09375,0.01685312405863541,1133.7212133486173,28790.229515344105,28791.32243778685,0.03937718442070162,false,0.34375,0.059536583721637726,true,15f270c4831f91bd3d0f51fc73c840797eee5eafe930895c248db12718b4152c,15f270c4831f91bd3d0f51fc73c840797eee5eafe930895c248db12718b4152c,15f270c4831f91bd3d0f51fc73c840797eee5eafe930895c248db12718b4152c,15f270c4831f91bd3d0f51fc73c840797eee5eafe930895c248db12718b4152c,true,,true,true,true,false,false,true
r0092,a79f58bd1e3f9d699ee7fac529ae353c7017812ebd1c835b9feecbdc8970bc31,bf16,2605,c395c843eb624f3c5216a0838fa09e38739726cc3cf60590d4ab8c013d8da5d7,true,true,true,true,true,true,true,true,false,8.25,0.013009735001341016,1020.2756982814999,35202.931402903305,35205.348155946136,0.02898070184569888,false,0.4296875,0.0673876628279686,true,58f72fa2fe3a56e772d0befb79bc45ac91849ccc35b69f73569e963d945b2b29,58f72fa2fe3a56e772d0befb79bc45ac91849ccc35b69f73569e963d945b2b29,ec952297ab01c2a0e15a417493b87dfbd4e5f6c5fa9a0c27b11c23c5a6d709cc,ec952297ab01c2a0e15a417493b87dfbd4e5f6c5fa9a0c27b11c23c5a6d709cc,false,20,false,false,true,false,false,true
r0093,84c6f74bf4e318de2abef85bf697696b87024cd97e6246b7e987e91001eb47d1,bf16,2177,5a65723d4df1ec972d9fbc0e88c2c29dbf7d3d55c82aa2407acfe05db91d36ed,true,true,true,true,true,true,true,true,false,4.0703125,0.008228271064218157,449.02163573553815,30837.143472279113,30835.92200110171,0.014561064520751859,false,0.46875,0.08075688034296036,true,9ba0f691680240b22dc0069b79d5e6435ad6240720bcdfe0952be22d34340422,9ba0f691680240b22dc0069b79d5e6435ad6240720bcdfe0952be22d34340422,50ba667d4b8e515c7085a24f0c280e85cbf884beeeadeae9b790f03b1f47bf70,50ba667d4b8e515c7085a24f0c280e85cbf884beeeadeae9b790f03b1f47bf70,false,74,false,false,true,false,false,true
r0094,389c1178258f977d555659c48ab2dfaee465eb8350112d4327c802942ae504db,bf16,2234,eb637bda97f5d7a7710a154ff1e76c25045fcf427be68f3873aa124aaf66115e,true,true,true,true,true,true,true,true,false,2.4130859375,0.007823063630063723,370.92561991605675,31354.75642938361,31354.988915479327,0.011829875651237696,false,0.42578125,0.06890869140625,true,24f1a9f51b5ff14748272fdf23c4f68de668a17a0c8e7df0f845d974a1de48f3,24f1a9f51b5ff14748272fdf23c4f68de668a17a0c8e7df0f845d974a1de48f3,2b926404e054bed36a111fe280b9b6db7870094f01c10428d732447405b86924,2b926404e054bed36a111fe280b9b6db7870094f01c10428d732447405b86924,false,45,false,false,false,false,true,true
r0095,73eb098963297e2534072d88dbb09a3d2611627abb4ee53b2c52f989348d814b,bf16,2559,2485ddab1578b2a5a80ddc4bec722f34aa41b8e439068afc3a73a8688ea67339,true,true,true,true,true,true,true,true,false,6.796875,0.008797933828457024,561.1250733139268,33770.47091755758,33769.75786185179,0.01661584982583683,false,0.375,0.06253981590270996,true,d0aebb0fc7f9decb98d395d9a19c89546248896194f6de83c3017c64369e7aaf,d0aebb0fc7f9decb98d395d9a19c89546248896194f6de83c3017c64369e7aaf,d0aebb0fc7f9decb98d395d9a19c89546248896194f6de83c3017c64369e7aaf,d0aebb0fc7f9decb98d395d9a19c89546248896194f6de83c3017c64369e7aaf,true,,true,true,true,true,true,true
r0096,b7ca64810403c0d3735fe28d0d2bd97f4a2490004ac007e0307d75d10e981ec6,bf16,2015,4c0caf262750dc5e68941ad21b20379af4e375d0347625445c490ba4e9e1a415,true,true,true,true,true,true,true,true,false,3.8515625,0.007612806947599027,376.12415363367427,29754.63320050034,29755.05419801951,0.01264068118076925,false,0.474609375,0.07474135607481003,true,666d42dd5ae887e13f7e59a63bec7ca092a2ffee8791f54fb1467562018d1a71,666d42dd5ae887e13f7e59a63bec7ca092a2ffee8791f54fb1467562018d1a71,ce9939b19b8361b2f89628d278ab728cdd7eb0a435e5b6eb08ebc0987828ce22,ce9939b19b8361b2f89628d278ab728cdd7eb0a435e5b6eb08ebc0987828ce22,false,59,false,false,true,true,true,true
r0097,76970a60bc7fe142e4252214d2b4699d867781425db2fe6482be3cf28408b011,bf16,1032,b56c04d4131eba07db79b4e0375c65b770e864585531bfc3f236bc45b27aa42a,true,true,true,true,true,true,true,true,false,0.63922119140625,0.005115871659619427,148.10133100630304,20851.904158231602,20852.195285870337,0.007102433531622353,false,0.484375,0.06144161894917488,true,f57e95239a4f7b0e595ab9fb60df1d51aa185018b71a0be3567506d9d4184b44,f57e95239a4f7b0e595ab9fb60df1d51aa185018b71a0be3567506d9d4184b44,f57e95239a4f7b0e595ab9fb60df1d51aa185018b71a0be3567506d9d4184b44,f57e95239a4f7b0e595ab9fb60df1d51aa185018b71a0be3567506d9d4184b44,true,,true,true,true,true,true,true
r0098,beab0df3e12de1e8bf0b36383dd5a07176894e604236c25e437afcf0cceaaf1b,bf16,2363,d4de2bb2f0b0bafca04b3af0f3984cce587e30e8c8f01402e71927f2bf9b9e78,true,true,true,true,true,true,true,true,false,10.375,0.00746225648960989,500.1262176594223,32171.786271092948,32172.79773785685,0.015545002387869348,false,0.421875,0.06960463523864746,true,e889c38794a9dccee225aee58b8c76fbfe0ffffed80fe497611dfeb5265c03cb,e889c38794a9dccee225aee58b8c76fbfe0ffffed80fe497611dfeb5265c03cb,1ec5e5a3138d857ef17952776e59331898438b11e273ecd006dc85034b993199,1ec5e5a3138d857ef17952776e59331898438b11e273ecd006dc85034b993199,false,67,false,false,true,false,false,true
r0099,a116d8737f022787de0e90a70baa51895f496aef30cd5d90e04fae272d939747,bf16,2244,bd375d6d834f74623aa064aaa7194775d037c17c631fc9446750e7517f5e9a7e,true,true,true,true,true,true,true,true,false,5.390625,0.007305586616347023,384.9019004779295,31577.347129176615,31576.33693674656,0.012189177859158743,false,0.5,0.07315155863761902,true,21aa81853d28dcc69393c6d83badfcec83d8b59cea039f08ca0ad9c681fbacc6,21aa81853d28dcc69393c6d83badfcec83d8b59cea039f08ca0ad9c681fbacc6,c735169cd328fdb8987fe6ac17876c15723f3636e895d03db7076598f1742b7c,c735169cd328fdb8987fe6ac17876c15723f3636e895d03db7076598f1742b7c,false,206,false,false,true,true,true,true
r0100,9a7bf6aa29460c2e781b59c6b7080f836972546763e19156b802b6d290c7e0cc,bf16,1384,7a2e28961fa3581ec79ac708eeb29e553ef51a374350f25c1662eb9358497cc6,true,true,true,true,true,true,true,true,false,2.828125,0.005149919650142461,205.45063546813782,24264.342989984703,24264.321666632943,0.008467183123521588,false,0.46875,0.07277919352054596,true,9cf9aa0dee1b3e76b00904df98e560a38232e3135252fdc3f3c66dee99432393,9cf9aa0dee1b3e76b00904df98e560a38232e3135252fdc3f3c66dee99432393,6390d5eff2735aaa403b28429b61e439c2822d542aefe0e6dba060faec797c12,6390d5eff2735aaa403b28429b61e439c2822d542aefe0e6dba060faec797c12,false,73,false,false,true,true,true,true
r0101,6102cb7fe24227da70894a2325be1a6d8a4867bb9deda208e80ec93e3f0e07e0,bf16,1713,812833366b31c20baa95b514cfb6c4217b586da1239124df533ff717ac71a441,true,true,true,true,true,true,true,true,false,3.2109375,0.007429865991069058,297.4788951776887,27405.322176204154,27404.448573376878,0.010854785550960882,false,0.375,0.06247066333889961,true,b4e16f11f860ac5a902f5706f8363edb03f931f98959b34a394b9a19c5e51e6d,b4e16f11f860ac5a902f5706f8363edb03f931f98959b34a394b9a19c5e51e6d,fc29aa2231d75ce7e607e61f61912f21b6ea5afe856ad6dd6a5432076bf0ec36,fc29aa2231d75ce7e607e61f61912f21b6ea5afe856ad6dd6a5432076bf0ec36,false,63,false,false,true,false,false,true
r0102,d75866baa57c71037f494c8058de10180bde85907b368ae5a020fabaae152c09,bf16,2095,ad41b7f086fad96fbb114594266b922c457df1394a0d106a4fa08b23e0dc44ca,true,true,true,true,true,true,true,true,false,1.71875,0.007220492775531828,296.5664398430704,30340.487101116752,30340.21966961105,0.00977461036979049,false,0.40625,0.06383726745843887,true,4694a923eb206abfac114d2999bf44afafa20a3b41acf549ea60c601efe2631c,4694a923eb206abfac114d2999bf44afafa20a3b41acf549ea60c601efe2631c,ef1f8650a7d9d994a8155c00ec8cfd6a304837df39e875c03c81c27846cd4ddf,ef1f8650a7d9d994a8155c00ec8cfd6a304837df39e875c03c81c27846cd4ddf,false,98,false,false,true,true,true,true
r0103,33ded8593236da9874a8b6330ae27d93ddfc1e3b4d0c86afc4179694514f3cb1,bf16,1575,4ee57d15806509bd03e6af9860e5a57e91ea9660c27364aa92384046e75a1331,true,true,true,true,true,true,true,true,false,2.59375,0.006252361299730539,248.64153495966664,26055.35044458282,26055.267700021723,0.009542820599880354,false,0.3671875,0.062003958970308304,true,f119b5179964e8f74b6b2fb439d9e9af77bdc7599ab7b5189fd5d38ddb4b01a3,f119b5179964e8f74b6b2fb439d9e9af77bdc7599ab7b5189fd5d38ddb4b01a3,d72cbe39a414877689a317e45e92709985039b811e4d77db15fec04e8d8d069d,d72cbe39a414877689a317e45e92709985039b811e4d77db15fec04e8d8d069d,false,100,false,false,true,true,true,true
r0104,38b31c6cc51e14497ebb9d0178556ed11e442051b558ee506a85c9547d79f22f,bf16,2103,08add4299974d3ef7e8312baa20066e9b0546e6dcd4f852472982f2b8fae25a8,true,true,true,true,true,true,true,true,false,7.234375,0.011628742281857174,738.0948000475787,30342.209773626026,30342.091057683785,0.02432567718548777,false,0.40625,0.0643746480345726,true,907bb5317c4e9e81fd2e450d217a5335b823ed4c1d4f3d888c4d77a673df0cb9,907bb5317c4e9e81fd2e450d217a5335b823ed4c1d4f3d888c4d77a673df0cb9,1e58b28f6072a4dccb3bb44f3e960a4968f834b50dcbe96555599db561257773,1e58b28f6072a4dccb3bb44f3e960a4968f834b50dcbe96555599db561257773,false,349,false,false,true,true,true,true
r0105,4f794148ef1497ca40a50f564e658fb1fd782073f483b8a2a309ab206a37c095,bf16,2199,9a30905a33cc70ba1da38d80bb664793712d22fc29377e1a4d09266ea6c77e73,true,true,true,true,true,true,true,true,false,7.828125,0.010375723777531624,720.126245258224,30929.74442398795,30928.776201301975,0.02328264454392714,false,0.4375,0.07280177623033524,true,5541a0985b3c2560f780833516dfc41225fac197fdcd5af449406f255e589c07,5541a0985b3c2560f780833516dfc41225fac197fdcd5af449406f255e589c07,c6e18d3d65b49a7fe7b292831334b8d2a9ff4c7becfbf8b3c31485ba68c871b6,c6e18d3d65b49a7fe7b292831334b8d2a9ff4c7becfbf8b3c31485ba68c871b6,false,140,false,false,true,false,false,true
r0106,7913f55efbfc947ee905cc09f8c907586ca6ca6eee0fb6cf51a5f288dce21ea7,bf16,1569,df161840aa1628c760773fea3b95bdba84bb7131b8b1a09719e41cce0624bccf,true,true,true,true,true,true,true,true,false,1.40625,0.0054935280008553775,205.20960744166888,25920.64932855889,25921.054455232188,0.007916715263111032,false,0.375,0.06244798004627228,true,4ad882e3beb2b6d2a0ab16f82154901f7c84df204e4d9d5a1237da0b84b5450b,4ad882e3beb2b6d2a0ab16f82154901f7c84df204e4d9d5a1237da0b84b5450b,4ad882e3beb2b6d2a0ab16f82154901f7c84df204e4d9d5a1237da0b84b5450b,4ad882e3beb2b6d2a0ab16f82154901f7c84df204e4d9d5a1237da0b84b5450b,true,,true,true,true,true,true,true
r0107,3595a8e74f90a2ab6a37b2f60eaa13c4040bdb905402ff4be88f179f3efd0446,bf16,1584,c351615b954f72cc3d91f1d262c7be7334724a6f9522b30a8ed2e9c414bb2fcc,true,true,true,true,true,true,true,true,false,0.96875,0.006960673530313007,227.59510372102974,26228.625162693108,26228.88272231885,0.008677270249386684,false,0.385986328125,0.06090380996465683,true,3b83e1a478d4b353f9620c9a82d660e019f12aa40eec40a273bfc91ea1946738,3b83e1a478d4b353f9620c9a82d660e019f12aa40eec40a273bfc91ea1946738,3b83e1a478d4b353f9620c9a82d660e019f12aa40eec40a273bfc91ea1946738,3b83e1a478d4b353f9620c9a82d660e019f12aa40eec40a273bfc91ea1946738,true,,true,true,true,false,false,true
r0108,356042f14c31791366b278054ce11d3db38d91baed14f1960de59178236d54e7,bf16,2329,cf3a5761954f80bed54d977d8800d95ea98054e2006f5da27885ef855b1a01f3,true,true,true,true,true,true,true,true,false,8.046875,0.008905304204466558,500.19719047755393,32417.322864295624,32417.933573887927,0.015429644500242111,false,0.453125,0.06639259308576584,true,c8c0a50102082af6617267bed2bc796bba464f0d9d3de9567ea7d592103cedf8,c8c0a50102082af6617267bed2bc796bba464f0d9d3de9567ea7d592103cedf8,47671ace1490243479ff377589c2b802c760fdb5e2dc41cebf53d89882382d2e,47671ace1490243479ff377589c2b802c760fdb5e2dc41cebf53d89882382d2e,false,51,false,false,true,true,true,true
r0109,109ab558772acf59ad737016cb27537c09102c635f9e1c88a0479a65eb412f7d,bf16,2210,9c54608d4dacf32f7229e68061ed82a4651942689b6ad00168f8d97f3554cf0a,true,true,true,true,true,true,true,true,false,3.10546875,0.008378496479100531,424.1671166162916,31199.986581244375,31200.526759374767,0.013594870365092245,false,0.40625,0.07419285178184509,true,0660ef032b8068e59d5f8ef813e4a984b88d35028592ac35b56aca40defbe618,0660ef032b8068e59d5f8ef813e4a984b88d35028592ac35b56aca40defbe618,78a3645e11e1f763ff35a812410e0ee782ddd8ea0700000286d168633b3c9fc0,78a3645e11e1f763ff35a812410e0ee782ddd8ea0700000286d168633b3c9fc0,false,159,false,false,true,true,true,true
r0110,d2c61138b5512d7b6a7aa0e1b6461f8a4349179a74e095524deefab560876667,bf16,1890,2509044aaeda72fc97618c31fd6ae9d3202ffefe59442de79617c75db253d13f,true,true,true,true,true,true,true,true,false,2.57421875,0.006853106083356171,301.61583223384713,28838.639680155415,28837.968020009263,0.010458739925981893,false,0.4375,0.06916596740484238,true,c1877aa4b33d84f44e41ba36b1edce1c27617671d03a872388f7ac77fc0b6088,c1877aa4b33d84f44e41ba36b1edce1c27617671d03a872388f7ac77fc0b6088,c1877aa4b33d84f44e41ba36b1edce1c27617671d03a872388f7ac77fc0b6088,c1877aa4b33d84f44e41ba36b1edce1c27617671d03a872388f7ac77fc0b6088,true,,true,true,true,false,false,true
r0111,99eaa8c31d441d1bc7966782efe5ddd186576905f26a2e530d808f4194c3fd54,bf16,2066,7b02ce43ef6a8f70cba08403ed95fa291e13422e2490a70e1fb616a088d9f7a6,true,true,true,true,true,true,true,true,false,1.515625,0.006698180310373652,267.77804213157265,30140.669764705035,30139.28797918893,0.008884276435195309,false,0.390625,0.06543140858411789,true,61328b1d649a07ec7fb026499a07a40c056b5068dd71560c39d2ab07f0506c74,61328b1d649a07ec7fb026499a07a40c056b5068dd71560c39d2ab07f0506c74,70b1ce39fede74bc134646f5ab015ebfcbcb82e934f8f0415cc29f1e6ac04129,70b1ce39fede74bc134646f5ab015ebfcbcb82e934f8f0415cc29f1e6ac04129,false,132,false,false,true,true,true,true
r0112,3693320293a90f1430526bcd04417a004b766de4723d6849aa72acff4f6f8dcf,bf16,1908,22af96fa385c2e945dd6da16328d31f81b36cbdcf4a2ad63b1222e694b75785f,true,true,true,true,true,true,true,true,false,4.578125,0.0069587875325572614,318.61389341363184,28476.33017560545,28476.30244035212,0.011188727320157842,false,0.53125,0.0888529047369957,true,fe4e9090931b0d7111d2f7c9bc1a5f5a77d0e547df3aa391c931cca27748de92,fe4e9090931b0d7111d2f7c9bc1a5f5a77d0e547df3aa391c931cca27748de92,eee43d15146b3ce16b1a1c66a3db9aee11a4e29639bbc64edf5c9ae12dc17f88,eee43d15146b3ce16b1a1c66a3db9aee11a4e29639bbc64edf5c9ae12dc17f88,false,21,false,false,true,false,false,true
r0113,2a4697052fbada584f0118b941d830e6894022f3321191939dc5511f1a43b03e,bf16,2079,667eddcb86c972a4f217c2f5645b97f8f610905f10ea22013a9487f304e5073e,true,true,true,true,true,true,true,true,false,2.59375,0.007831801258829133,298.00443744890634,29975.558460227123,29976.00318468553,0.009941433339623947,false,0.4375,0.06559167802333832,true,5cb3426e0a9edd0c38b1d4e1cab19470a2ca1b62cb83f1cecfc03029832f03a0,5cb3426e0a9edd0c38b1d4e1cab19470a2ca1b62cb83f1cecfc03029832f03a0,79045c6a6aba9cb227d90220c4ed46e031ff4235bb4f7c08173e102513d8df9e,79045c6a6aba9cb227d90220c4ed46e031ff4235bb4f7c08173e102513d8df9e,false,146,false,false,true,true,true,true
r0114,8772948140baeee2743ee66f4301ae1ba1ffa81f5edb60ce7ba20afac9905bff,bf16,2366,134851fde6db6c8e39a00cf18cc49de3e63fcbfd686343cb9badf9fbab558189,true,true,true,true,true,true,true,true,false,4.34375,0.008151004841582897,432.4911919734986,32337.013547152783,32336.55218373047,0.013374493947712703,false,0.3984375,0.06411628425121307,true,524d98b1abd8987f150860ae12080ebcbc84f1b883cb5dab03c4323b16a23051,524d98b1abd8987f150860ae12080ebcbc84f1b883cb5dab03c4323b16a23051,524d98b1abd8987f150860ae12080ebcbc84f1b883cb5dab03c4323b16a23051,524d98b1abd8987f150860ae12080ebcbc84f1b883cb5dab03c4323b16a23051,true,,true,true,true,false,false,true
r0115,a12ffdab10cea0d5f98faaabb90b72c3464eef8e18ac8d36c38e7e88527c2fb8,bf16,2080,f616076bbfa54acbd58834f47d33ce5d41e199cc78363f88d98615a8b9db1604,true,true,true,true,true,true,true,true,false,5.7294921875,0.008569714610245,480.45931194206634,29906.842546139098,29906.71826623283,0.016065196825804418,false,0.484375,0.07101999223232269,true,ad7d90dbdcae2543f700fb1885feab61bcd269d3ca1176127e510fb4e364236e,ad7d90dbdcae2543f700fb1885feab61bcd269d3ca1176127e510fb4e364236e,60e8d11c32edb80f20e31defecad6f747c3c423b0146d06ccf894125bad597dd,60e8d11c32edb80f20e31defecad6f747c3c423b0146d06ccf894125bad597dd,false,53,false,false,false,true,true,true
r0116,08b95fe7fefde739a2ef13ea0639ac78f39ce5ab9de31947c614398eb3ca40e0,bf16,1835,539ad64adb40cb9c913eb87ac803f6163f8b97b1353b1ad747239b91476961c4,true,true,true,true,true,true,true,true,false,3.59375,0.006176549560014788,293.7902495364545,27836.80846019241,27837.35272522642,0.010553814237882595,false,0.421875,0.0645260214805603,true,fed1a20f7df781c5a2256563360875ed5136e94f28760f56d4acf64288d1a47a,fed1a20f7df781c5a2256563360875ed5136e94f28760f56d4acf64288d1a47a,fed1a20f7df781c5a2256563360875ed5136e94f28760f56d4acf64288d1a47a,fed1a20f7df781c5a2256563360875ed5136e94f28760f56d4acf64288d1a47a,true,,true,true,true,false,false,true
r0117,34a3dd983d28c793131d72ab87b6c2aff595a699e5b347a618c22a0c77141d2c,bf16,1998,1830aee8a2d4650a45f40a16ce565369bfdb405ffa568e28044e47b8024c37f6,true,true,true,true,true,true,true,true,false,8.3828125,0.007229721655954553,459.91682558888215,29225.216789063994,29225.068806183066,0.01573698593609687,false,0.40625,0.062334027141332626,true,f8eb38c63f6839d6cb11a4ea08c2e02c174d6cc5b2696d11e09b8bb868ce5863,f8eb38c63f6839d6cb11a4ea08c2e02c174d6cc5b2696d11e09b8bb868ce5863,7dff8cd4a293ad2a5098d46c668f246127e9bfad8458e42bdbf96e9b3e0e6d65,7dff8cd4a293ad2a5098d46c668f246127e9bfad8458e42bdbf96e9b3e0e6d65,false,57,false,false,true,true,true,true
r0118,9c5b62faecf07b3931020e6bb3c5f4d4e2ca1f6a964dde084d086edda32f834f,bf16,1250,97ff2a5af674816c13b0a5a5a4f13e014e5b68e81e5bdd10e006cd9ecfb7c5df,true,true,true,true,true,true,true,true,false,0.515625,0.0058364394936494994,172.86505628638454,22814.462051758383,22814.09129147525,0.007576994622718325,false,0.4375,0.06528311967849731,true,e125c2c9c6080078ad8e814c5a98f8056b514f296bbc9645ec2bf3ae7a1a0979,e125c2c9c6080078ad8e814c5a98f8056b514f296bbc9645ec2bf3ae7a1a0979,de344b06e2ec746f04c4e46042e997fbecdba33849795d73dc63eb1fba777fda,de344b06e2ec746f04c4e46042e997fbecdba33849795d73dc63eb1fba777fda,false,78,false,false,true,true,true,true
r0119,8d5400f96b722636f1e10d629628feb25a70c10bbd6eee13779e9eb07fdef5a3,bf16,2023,e12cefb2a1c76da9120230bb9df9f01d1cc564f60979fbe3468be7df802e6bea,true,true,true,true,true,true,true,true,false,1.0625,0.00666496586401416,244.4909887416595,29628.896578662407,29628.71552632249,0.008251775022824594,false,0.4140625,0.06293188035488129,true,6e79bc0a116a3456329415fb7d1877bc887a5dcc528ccad66b238c0ddbf139bf,6e79bc0a116a3456329415fb7d1877bc887a5dcc528ccad66b238c0ddbf139bf,3c7b05b07011550dc5b3ae7cd564664e5dc693d3ee6cfef51aef54413a91acdf,3c7b05b07011550dc5b3ae7cd564664e5dc693d3ee6cfef51aef54413a91acdf,false,89,false,false,true,true,true,true
r0120,7c53c7694d8844c0d8006343cc932f48d8fabf4eaf1ead162a647df0645775b9,bf16,1647,f412ff7eddf494ab97a2654b6622242be6a26541ff125a065d18d81645f7b310,true,true,true,true,true,true,true,true,false,6.205322265625,0.007774881545879797,317.1611158844369,26787.498712078504,26787.522421276215,0.011839882423487177,false,0.5625,0.08368732780218124,true,a22a8933b2e6e2cc5b8e97650684862473f765af9027f35282a86fd318f15787,a22a8933b2e6e2cc5b8e97650684862473f765af9027f35282a86fd318f15787,41c1a5131d4c0b278195ac7344350c72a8e5056409342b0f851f76236cd7f6b0,41c1a5131d4c0b278195ac7344350c72a8e5056409342b0f851f76236cd7f6b0,false,245,false,false,false,false,true,true
r0121,69c058e34a53ea2c762ace9477e752b44d1897c3cba0530cb549c93a19ac7e3b,bf16,1938,e1bdba366816105d1aa5305d1d984a822f1dfc78af5fd6928308857894ac08f9,true,true,true,true,true,true,true,true,false,6.421875,0.008897244120632678,459.218289841894,28800.67564967567,28801.67422131179,0.01594415263200552,false,0.46875,0.07540582120418549,true,a2fa11594d589605fbae4dbc0475759dce2d1a1f5c2e26ae5611a49b27f8e1b1,a2fa11594d589605fbae4dbc0475759dce2d1a1f5c2e26ae5611a49b27f8e1b1,691a26f138808c72e9c1d3b49fad1f1c6831cdb1657546057710091b075bae2c,691a26f138808c72e9c1d3b49fad1f1c6831cdb1657546057710091b075bae2c,false,451,false,false,true,false,false,true
r0122,a12556082f5be2de754ef1f3f27a6c929c9e3ca8a75e794dadea9039accc15a2,bf16,1740,1dad54486d62e2046d8095cf56936f3e9c5d805bb3103d479fa977711310edc1,true,true,true,true,true,true,true,true,false,0.875,0.006209178111704608,213.13349716213042,27403.731772889685,27403.91751488777,0.007777482801367397,false,0.4375,0.06404851377010345,true,14120cabac96a490bca47a1ad1a56fd6817f273921b9a017a9e4a28c6b33ccaf,14120cabac96a490bca47a1ad1a56fd6817f273921b9a017a9e4a28c6b33ccaf,143b902b52c6b1823bdae1c9e1887d67045e38a14a9bed4e13bf3973c6fe0071,143b902b52c6b1823bdae1c9e1887d67045e38a14a9bed4e13bf3973c6fe0071,false,110,false,false,true,true,true,true
r0123,4d18abf7f678a1a0e5fb576bda23e58b44ed0e12c6a6359dc95b7b6c8b050816,bf16,2126,c14ffa2202bd8f51474ada87e5e36571cf9165f9c5284badf2f20ea7c5f93b04,true,true,true,true,true,true,true,true,false,3.0859375,0.007109626270617443,312.0723878759802,30251.686915436127,30251.930779927858,0.010315784144364104,false,0.421875,0.06931889057159424,true,9d83430568428c69c568d05b8c8b8e1669a9b27bec2734da434937091d8c1d24,9d83430568428c69c568d05b8c8b8e1669a9b27bec2734da434937091d8c1d24,af323654445d745465e7627d8917cdc88adb74b08135def830b0362e7cae0f0c,af323654445d745465e7627d8917cdc88adb74b08135def830b0362e7cae0f0c,false,127,false,false,true,false,false,true
r0124,ea6d7156f69664cdf55ff79dd6d5cc25aef7ce794ef32b56a6aed4a6a1b02d5e,bf16,1957,bdd55d53742f833909cdffe51dbfdde6f46e709bbd046e55e86169af3be904fa,true,true,true,true,true,true,true,true,false,4.14453125,0.008396907135596007,410.75540623054735,29229.89406549079,29229.93463327214,0.014052559863168104,false,0.4375,0.07189775258302689,true,1f7bc0703bd9537bf365b2170d974cb83c298a61b0c881482d7c2274024fd1df,1f7bc0703bd9537bf365b2170d974cb83c298a61b0c881482d7c2274024fd1df,cf85f916d3b2206d242fb8f840db0f6233ee00844f923a716931bb3e8992670d,cf85f916d3b2206d242fb8f840db0f6233ee00844f923a716931bb3e8992670d,false,131,false,false,false,false,false,true
r0125,e92944526f03e6cc6a613ac8fdacf474c4fcfe67ecfa6afef4fc505ee976a63d,bf16,2116,9dd6feb202c4588fff2899d2cc715484a0f701509892859303bf3740db856fd5,true,true,true,true,true,true,true,true,false,1.96875,0.006755752158651892,274.69277469238835,30354.37134261441,30354.05954564557,0.009049529360759583,false,0.4375,0.07158257067203522,true,bcd4566bb699bbd50b1fc83ca2adb89f8740c53235da5c908ab43de7db0a1acd,bcd4566bb699bbd50b1fc83ca2adb89f8740c53235da5c908ab43de7db0a1acd,bcd4566bb699bbd50b1fc83ca2adb89f8740c53235da5c908ab43de7db0a1acd,bcd4566bb699bbd50b1fc83ca2adb89f8740c53235da5c908ab43de7db0a1acd,true,,true,true,true,false,false,true
r0126,cbf61d54722905f9304dea01d69ba93f7044b826ed5356a82c08dfbaddac8e58,bf16,1590,aff753bbc4a599ca3a42d1dc4f084cb39016cc9ebf1b75d804736f3d1d682049,true,true,true,true,true,true,true,true,false,2.765625,0.006837748205718253,254.867448730742,26113.914665205306,26113.09194328403,0.009759833100409584,false,0.515625,0.07591855525970459,true,e3eea28ed83e48e6ea52d6d6a2cc638380e34ff4c7b32363f0a2950e884c2df4,e3eea28ed83e48e6ea52d6d6a2cc638380e34ff4c7b32363f0a2950e884c2df4,d7390a8708d0b59b261da529ca919ca9a5210fda81932fa99081f551db119f59,d7390a8708d0b59b261da529ca919ca9a5210fda81932fa99081f551db119f59,false,135,false,false,true,true,true,true
r0127,2d587e96885f3e1c6fb5223042d9fde129abd57148c23dcca90204ca575865e1,bf16,2216,5da0d386e19c8302016822192a10d7633c7f96d4428f64a929a79f29d2c0b82f,true,true,true,true,true,true,true,true,false,5.05078125,0.008433874927631516,396.12207450814276,31249.620362286336,31249.699178044273,0.012676028407545573,false,0.421875,0.07689951360225677,true,2350f0a4a18ac4b19f3e1de76401e677db3e0c108a9c1c6ad242f9eb15fce0f0,2350f0a4a18ac4b19f3e1de76401e677db3e0c108a9c1c6ad242f9eb15fce0f0,e68acd312d2c91b967736e31b2df52a2f7bfa0ab95285d2c34354c424134e8cd,e68acd312d2c91b967736e31b2df52a2f7bfa0ab95285d2c34354c424134e8cd,false,99,false,false,false,false,true,true
r0128,a39fea78c89ef032d17e7945756aaceea9054d226b65f8e1ef1eca3e6976941d,bf16,2226,233790a8c613906d583c29f75d86158ec4255b51edbe532d1f650dcdf2ece969,true,true,true,true,true,true,true,true,false,5.3125,0.007582467001226482,345.32296717203326,30981.76687247921,30982.139858858187,0.011145872065169864,false,0.390625,0.0649271085858345,true,6d1e9f8d120a027472be4e1b40c163cbb389c80ad09e741fbd7f6ecff66dc51e,6d1e9f8d120a027472be4e1b40c163cbb389c80ad09e741fbd7f6ecff66dc51e,72cd5d9ead2a2261906a30103a719a7fd16671d6eab15ef53e93ffdeb45b7488,72cd5d9ead2a2261906a30103a719a7fd16671d6eab15ef53e93ffdeb45b7488,false,6,false,false,true,true,true,true
r0129,40a5204209bac0d6d83423f1ee81de9d587f781d8dbdea8ec8770cef833a6974,bf16,3192,d094e96bc221e7d13d67280cdd15045ea4c099a27cc7e7be4eef670fda1a8237,true,true,true,true,true,true,true,true,false,5.296875,0.006800026916165731,515.7029474882646,38463.56187683791,38462.705235319474,0.013407571278488692,false,0.4619140625,0.07538903504610062,true,b5769a1d6031212d1a2c4c482bd7342980e81ef0f8f058c172dca229b5ad884b,b5769a1d6031212d1a2c4c482bd7342980e81ef0f8f058c172dca229b5ad884b,ac4f9708bfac46560105ad920bfd1cabe8e11c72793fda3cc6be29bbf31b32f0,ac4f9708bfac46560105ad920bfd1cabe8e11c72793fda3cc6be29bbf31b32f0,false,115,false,false,true,false,false,true
r0130,21df9dc89dff3ecde73670f999a05aa52386d99bf900647059eb35d8027bcb67,bf16,2092,1137132140bc867225b9543bb2d6817aa6fd83edd4a1ebe35e772e977d44cf06,true,true,true,true,true,true,true,true,false,11.140625,0.011633341739021827,961.4471015508319,30526.270314978174,30527.238177804174,0.031494729262795985,false,0.4375,0.06926382333040237,true,2f81bf62adc60fa2f7307fe74cdd604794cf4379ac21efdd4834b18a21df8575,2f81bf62adc60fa2f7307fe74cdd604794cf4379ac21efdd4834b18a21df8575,98dd2a4ce7ee4d364e006866a646ee8e148b0ff8abe94b12ffc0f84d305886fa,98dd2a4ce7ee4d364e006866a646ee8e148b0ff8abe94b12ffc0f84d305886fa,false,143,false,false,true,true,true,true
r0131,4a40d05c410878c36ce5b399826506945c46bab682475b48292beb9a51877968,bf16,2120,681e3dfe8132a4047ca369d5b27dcb55095968beec33539ebf96fb583642589f,true,true,true,true,true,true,true,true,false,7.5625,0.008684173258806735,474.0677830329795,30669.49859912543,30669.594997123037,0.015457256056933568,false,0.46875,0.06994655728340149,true,e06242592308926bb4eb8a1208b019f08533acee3745de2bd0ad7696eededf0c,e06242592308926bb4eb8a1208b019f08533acee3745de2bd0ad7696eededf0c,e06242592308926bb4eb8a1208b019f08533acee3745de2bd0ad7696eededf0c,e06242592308926bb4eb8a1208b019f08533acee3745de2bd0ad7696eededf0c,true,,true,true,true,false,false,true
r0132,e6f98c3774d319bd6e7a674e508299e74d1fef38dfb9f1574c1b1f320c0e55a4,bf16,2607,2136fc03dbbaf1530d163d49d3ca96d39a6bb2460cf770788c7af1cea58485b9,true,true,true,true,true,true,true,true,false,7.625,0.011442323162181226,843.6313616031799,34391.26433074808,34391.990880667945,0.024529878614191914,false,0.4375,0.07337044924497604,true,3f812a78b68712240fea3d66257f9ce55c2fc62d7e99045082ca65a70e99b3dd,3f812a78b68712240fea3d66257f9ce55c2fc62d7e99045082ca65a70e99b3dd,ef28a67ae8e157d72868c3dc758c68e4767805b1bd7b9b7c81ebd36bb3989d01,ef28a67ae8e157d72868c3dc758c68e4767805b1bd7b9b7c81ebd36bb3989d01,false,70,false,false,false,true,true,true
r0133,8758dcd15537c2848aed06ecb2e33708c6a64a3a414032b9bec68bd8a855b3b9,bf16,2128,42aaa861ff8409ad171bd037667fae1eb300a31b997e6be37b10ef824e9a6d9a,true,true,true,true,true,true,true,true,false,5.65234375,0.009626600595454459,620.480883909609,30705.889063547213,30704.91992985614,0.020207227435281097,false,0.46875,0.07040012627840042,true,dec4491141ab451225ee92000aba2f4e0fd3bf3049eb2fa9cd592dba401ebd87,dec4491141ab451225ee92000aba2f4e0fd3bf3049eb2fa9cd592dba401ebd87,1ea0617b57244c72435c54d263fb2c0a01732ce03c636e3e228669eee49a0ff2,1ea0617b57244c72435c54d263fb2c0a01732ce03c636e3e228669eee49a0ff2,false,216,false,false,true,false,false,true
r0134,84a04879d040849e81639dc4b41e7a2b06e1cfbaf5109384af14d7620823869d,bf16,1698,c5f4ce4a8aac7ad3015655d4a0982ba383f49690d7c62fddd89d64f2e26c34ef,true,true,true,true,true,true,true,true,false,1.83984375,0.006594672250052331,256.4099447499271,27099.833262994023,27099.859915220917,0.009461670486566308,false,0.4375,0.06720196455717087,true,52e214983e189c6aac8a20d0a93fc58b3133e85bb421c9ec059a36cf56acd2b3,52e214983e189c6aac8a20d0a93fc58b3133e85bb421c9ec059a36cf56acd2b3,4ef6f545caf3045aed34e04b48e28c1def4162f8ecb7959ce51dff98ddb5e62c,4ef6f545caf3045aed34e04b48e28c1def4162f8ecb7959ce51dff98ddb5e62c,false,100,false,false,true,true,true,true
r0135,927ecf786f9e7d1a6984c15130cc89a8df5255d5b8854cf328af671785ce1b92,bf16,2207,c0b4ef88dbf2287a938574ce6f0f19cf5fd7967adadd1f9107b5b8ccafb21f8e,true,true,true,true,true,true,true,true,false,4.3935546875,0.007606824510806372,383.9283256057129,31136.6299330718,31136.759201484503,0.012330388115260512,false,0.375,0.06014792248606682,true,726f0c4c3d2c5479bbb1edeccb3cf0877d45d15b3609f347c2bf495c901ef2f9,726f0c4c3d2c5479bbb1edeccb3cf0877d45d15b3609f347c2bf495c901ef2f9,726f0c4c3d2c5479bbb1edeccb3cf0877d45d15b3609f347c2bf495c901ef2f9,726f0c4c3d2c5479bbb1edeccb3cf0877d45d15b3609f347c2bf495c901ef2f9,true,,true,true,true,true,true,true
r0136,160130b6fdbe25d2d6d158467ed5df18ccee3a378fc0ec26b67d349d5056b3f3,bf16,2686,835dbbc855cd86606c8673c13f2e380b72412f7e313a17f57e7562f7b1760b12,true,true,true,true,true,true,true,true,false,10.953125,0.008867246010080414,568.1048593803602,34821.877650853734,34821.577509672126,0.01631459581463528,false,0.46875,0.06971215456724167,true,40f7aa529a4f3df0ef279c36b321b2d1fcc33ad6eb35b7c3d9f8bf577308f788,40f7aa529a4f3df0ef279c36b321b2d1fcc33ad6eb35b7c3d9f8bf577308f788,65946520d4275b186c7ef394029c10b452c67690028a8f996e790fc7d0e44b7c,65946520d4275b186c7ef394029c10b452c67690028a8f996e790fc7d0e44b7c,false,102,false,false,false,false,true,true
r0137,85b03e8f42c14134b3ab70eeaf525d0ebcfa7e7e229ac390c2d7e44aad75938b,bf16,2210,ebd3c21fa22efa1a4739348a0e7730a59de7dfe488e4175bf21b7e6cfd7ad176,true,true,true,true,true,true,true,true,false,5.921875,0.008326322151330931,412.5831419125144,31383.790398137564,31384.149076387108,0.01314622680730684,false,0.4375,0.07215379923582077,true,0c605d5a1bc76f335236b5b55d5154ab22c053d6eb3bcbe8f05c6db60247c240,0c605d5a1bc76f335236b5b55d5154ab22c053d6eb3bcbe8f05c6db60247c240,b29dc8fe1124bec6f633da0a3afd510b1efd09a050b2a53167659cc82312932b,b29dc8fe1124bec6f633da0a3afd510b1efd09a050b2a53167659cc82312932b,false,392,false,false,true,false,false,true
r0138,67a33b9682c310c6dfe4ae3c3c2da4a0c8413a24d053acb84455f1beb3c68991,bf16,2333,b3613529812e137efb2d45c3f492e35900e1094e18318d66dc680e055e2c51d6,true,true,true,true,true,true,true,true,false,5.96484375,0.007538728781122772,411.2338405126019,31779.266151283216,31779.289514492062,0.012940309452955835,false,0.40234375,0.060278765857219696,true,95fbae503389c4a330807a4d5d682b67887338d93cc083e81cd14c8535ae1b3d,95fbae503389c4a330807a4d5d682b67887338d93cc083e81cd14c8535ae1b3d,a48d190f42e9e7139b3c94017a723ed6e584cc6069cdbeaffc70b017f644c5bb,a48d190f42e9e7139b3c94017a723ed6e584cc6069cdbeaffc70b017f644c5bb,false,81,false,false,false,true,true,true
r0139,8618e4a38801b78fc7bd80731d9f4e3c274c796d9da4e79cc5e3a687d8254275,bf16,2161,1c4a1def28071ac9a13e75d4523a8ed6b340c970c02b143ef913eff50f7be244,true,true,true,true,true,true,true,true,false,5.78515625,0.007969522785746122,498.6372788469313,30594.622534970375,30595.758181200075,0.016297595107589942,false,0.43310546875,0.06677673757076263,true,b8f60bc62a47eac51822ff14c0a540957c94355998b50f2196b336e3bc189918,b8f60bc62a47eac51822ff14c0a540957c94355998b50f2196b336e3bc189918,179d4946420ecfbb0bb2c42033bb74d39a2e2fe74bfb16884bb2ed0c73280705,179d4946420ecfbb0bb2c42033bb74d39a2e2fe74bfb16884bb2ed0c73280705,false,66,false,false,false,false,false,true
r0140,1af790ad9697879bbbe2add85a921129910b4dadeb7ec3b2c43cedd9e606d8d9,bf16,1954,9b0dc72175f5ad193b2d60449dce4686098f9b02175429a92f8426c55846d1d6,true,true,true,true,true,true,true,true,false,6.080078125,0.007510734730544181,372.24141130659115,29121.53706741331,29121.15369649752,0.01278234079625987,false,0.53125,0.07490485906600952,true,28f2682f370bb9720f583ddab6b5c6c6f1e4bd68e49d16edcd3f865db43033a6,28f2682f370bb9720f583ddab6b5c6c6f1e4bd68e49d16edcd3f865db43033a6,d6294c2909d3641acbd05934c7cc15d445da19274ea4d58c3a60ddc66493a5c2,d6294c2909d3641acbd05934c7cc15d445da19274ea4d58c3a60ddc66493a5c2,false,48,false,false,false,true,true,true
r0141,c9088ce569d2a2a24da5b30435d83ea2c344952a199e0869745d1216c8fb902b,bf16,1436,ed2e6e6dcd8d2e5df08f0cab16ea81c423f8bfe2c781f9f76e413bcc3d76489c,true,true,true,true,true,true,true,true,false,1.40625,0.0062042886892530085,196.29581473278435,24508.63829822916,24509.3434547803,0.00800901970691095,false,0.40625,0.06611824035644531,true,45591472690bd2edb9aa0380b7f3fa1ecce9a695d2e2dc74291eb34a5ab247b8,45591472690bd2edb9aa0380b7f3fa1ecce9a695d2e2dc74291eb34a5ab247b8,9f957cfef842e9bc278db56b809ea6f59d8b79f931b55e141ccf4db014bc5c50,9f957cfef842e9bc278db56b809ea6f59d8b79f931b55e141ccf4db014bc5c50,false,96,false,false,true,true,true,true
r0142,dc796495c01f0e6ba20e1b6054a0b28224ff4c0c1337c912160dfaf426534ec4,bf16,2439,5ab7c54cf5fd4c7664157f4f741818b779167fba31aaa7ae326adf954bfc7dd3,true,true,true,true,true,true,true,true,false,20.015625,0.013562307737378357,1532.600008459798,33136.273167928644,33133.284345253065,0.04625142968531368,false,0.5,0.07372216135263443,true,cf6964aa6a8f598d89a2f9fafcbd0811e83766aee12660aae3eeda976001b121,cf6964aa6a8f598d89a2f9fafcbd0811e83766aee12660aae3eeda976001b121,d11f59f0a04bee542a076fe49b0cc41904481b715932301700e0cd8676f691cb,d11f59f0a04bee542a076fe49b0cc41904481b715932301700e0cd8676f691cb,false,358,false,false,true,false,false,true
r0143,8a130a811343bb3861b5b7679ea0de2ec34e67044c245e88974cb6ce368db429,bf16,2466,679877ff9170e2d59ff7408790970d2c2ae139094f5f8dac39a53fc66615fe0e,true,true,true,true,true,true,true,true,false,8.203125,0.010535170876530628,633.8658346967649,33398.23187704733,33399.1803210681,0.018978484759307825,false,0.453125,0.06711778789758682,true,421f92ffd9426fbf355822f8894d3898f05fdd4a8f1fe1cfea4144131e61031f,421f92ffd9426fbf355822f8894d3898f05fdd4a8f1fe1cfea4144131e61031f,93f8d7837bd47276961826793f6fa7d8e2c4670400e517786a0a31d6b1cb2c0e,93f8d7837bd47276961826793f6fa7d8e2c4670400e517786a0a31d6b1cb2c0e,false,10,false,false,false,false,false,true
r0144,5e15cef99a08bfed851fb4806e659af9134a1b03668d2f5baa917edbf06a74f2,bf16,1938,490d312325a074d5ecfea7da4d49832a8d259b8de19d5896adfc4b6aaf6be546,true,true,true,true,true,true,true,true,false,2.546875,0.006885493756169351,254.6830830751229,28902.428787192268,28901.08140448255,0.008811822873099938,false,0.4375,0.06480322778224945,true,0674602e561fd137776dfbd3d65219479b7986748ffa8b3ea549b97363c521be,0674602e561fd137776dfbd3d65219479b7986748ffa8b3ea549b97363c521be,1dc06e0287ad5a8895999095647d4a5d55deb4a2ccbe4e0e283031222b85a404,1dc06e0287ad5a8895999095647d4a5d55deb4a2ccbe4e0e283031222b85a404,false,102,false,false,false,false,true,true
r0145,575859a620081d7669c47a2f4630fec3b4538445594efa2c1605d2f0f3229c61,bf16,2080,d5604cd89c502e8fff1edaa3b209c1433b843153f88072695c5cafaa69d9be69,true,true,true,true,true,true,true,true,false,4.671875,0.0082977475967523,433.83872875152946,30102.53671078305,30102.84159332942,0.014411886246900528,false,0.46142578125,0.07080789655447006,true,d792a24f5222b6fc347b5b3e9cc7801caf7e4c71ed4f1b8032e28796cabecb62,d792a24f5222b6fc347b5b3e9cc7801caf7e4c71ed4f1b8032e28796cabecb62,7972881afd5f4b20583be51e1b3d45238cca8770610b82f492b54af1c80e8035,7972881afd5f4b20583be51e1b3d45238cca8770610b82f492b54af1c80e8035,false,110,false,false,true,false,false,true
r0146,a94878916d8e38ea561be48ad0762c3c012307ef27c130777444938b6a26d51a,bf16,2488,0416d4cd06371f1e5ad21ec4438a0a479bd0da6a8def8e8fe85103b56568a8bf,true,true,true,true,true,true,true,true,false,11.3125,0.009709457319671082,838.3047231984386,33557.0066229011,33557.22121196619,0.024981351045226207,false,0.46875,0.06242409721016884,true,61eed057112cb7fd2c033555f0bb009d9f99c1771d604a186755fe007e2521ac,61eed057112cb7fd2c033555f0bb009d9f99c1771d604a186755fe007e2521ac,5dcc2c9bf1f6ad18e7fba61ba4d8579f28b749eeba83f1b85761db08ee5b6f6a,5dcc2c9bf1f6ad18e7fba61ba4d8579f28b749eeba83f1b85761db08ee5b6f6a,false,39,false,false,true,false,false,true
r0147,d5b55a1cbed0ffacbe25c85d04257832811c63b431bd3177a7159a062a0c08bc,bf16,2266,b5cbb7fb4c5fb9ea0b8d981eedb1423662ef101c2275b384b17437f0f55ad22e,true,true,true,true,true,true,true,true,false,2.71875,0.005824078485822541,292.1559729681293,31603.354994096753,31602.13234464185,0.009244460691679779,false,0.4609375,0.07173743844032288,true,2d99d785f3f77c317dc77d9d6d48160a308853b85c51bd9f94259660bf190ea3,2d99d785f3f77c317dc77d9d6d48160a308853b85c51bd9f94259660bf190ea3,d621430a943dfeb934f75ab4b3ceb8c4c5eb8424d06694f0c0481b754def1850,d621430a943dfeb934f75ab4b3ceb8c4c5eb8424d06694f0c0481b754def1850,false,34,false,false,true,false,false,true
r0148,94a2da1f4e5b8f66f6fd1d12589dcd16ec5312a6b7b07f9647ce3ed3cda25ba9,bf16,2151,b9c7c1c88558a979ca9608ff84e3204cdabb6f5cfd244b992cebeb53c1c4a78b,true,true,true,true,true,true,true,true,false,3.275146484375,0.0077405869914883765,369.01840538284813,30872.69420944699,30872.839874193305,0.011952849394049806,false,0.375,0.05952677130699158,true,4a93902fa71149f8cadaea51eb8f90e702f4cfa370fbc8eb9d89ecb4f2b74858,4a93902fa71149f8cadaea51eb8f90e702f4cfa370fbc8eb9d89ecb4f2b74858,4a93902fa71149f8cadaea51eb8f90e702f4cfa370fbc8eb9d89ecb4f2b74858,4a93902fa71149f8cadaea51eb8f90e702f4cfa370fbc8eb9d89ecb4f2b74858,true,,true,true,true,true,true,true
r0149,eeb36463325429996cfdc249b418c7b74849247281792c91ee3cba974150e988,bf16,1758,34c5c8651ab75323bdd20ca043cc6d34e9602095d868207917125719201b9b68,true,true,true,true,true,true,true,true,false,1.875,0.005534964385976634,217.7034938215293,27210.223554258508,27210.39354772364,0.008000747708396958,false,0.3828125,0.06228209659457207,true,8ec60635b8e03e8fbc0768502d37e2d4c62eaa514765549635d432cfde026fda,8ec60635b8e03e8fbc0768502d37e2d4c62eaa514765549635d432cfde026fda,b27fa6b7b880fc74fecccbb4624dd96e3f86d8ac028d5541256ad5ea2d92de5e,b27fa6b7b880fc74fecccbb4624dd96e3f86d8ac028d5541256ad5ea2d92de5e,false,34,false,false,true,true,true,true
r0150,9c9f52e1be7a88e3929c047eec8da911ba0ab30bd0f9d68bcf574724dcae7423,bf16,1681,ffffbc26ffbb644db09c0a2f72c30789732118ad8e6047076c677c927e7d4e01,true,true,true,true,true,true,true,true,false,2.2281494140625,0.006670583560924574,267.4474554131994,26902.012892631326,26901.982359110887,0.009941540675064333,false,0.4375,0.06708797812461853,true,d0ba7bec07ef04c7582ada2a57c68929cf6dd446102592578848f8c2032bed1e,d0ba7bec07ef04c7582ada2a57c68929cf6dd446102592578848f8c2032bed1e,777d672fb41ba187300d4b5ddc5e3508d3ac24c634d0786c5d17410cbbce4a06,777d672fb41ba187300d4b5ddc5e3508d3ac24c634d0786c5d17410cbbce4a06,false,77,false,false,true,true,true,true
r0151,40bc4aa15a738cb87c80f5ce505b48860c504dd6422b50e8d091741c1ec566e5,bf16,2048,cd28ca01fc972fe4f0a68ef4f7c907f1e36e64e3b52c4ea2d7e150aea1e034bf,true,true,true,true,true,true,true,true,false,10.037109375,0.006898342884339807,370.5097821311235,29866.985358539634,29867.240906457362,0.012405222942806828,false,0.4677734375,0.07392630726099014,true,e213182ac60081cbbedbd4909e2e17f2e188102a0b55a51076b35fc222ad4410,e213182ac60081cbbedbd4909e2e17f2e188102a0b55a51076b35fc222ad4410,1db7104c8159cb9577e73d381864185a9acba5473027a064d486d846294f43dd,1db7104c8159cb9577e73d381864185a9acba5473027a064d486d846294f43dd,false,153,false,false,true,true,true,true
r0152,8040c863c42be356692949be8279372eec1299caabcc5ade44af15100410505e,bf16,1953,454af48abda70f74a77bc576ee27d5f8d34585517f59d9d20ec688d0b9dceaaa,true,true,true,true,true,true,true,true,false,5.03125,0.007350890959963145,304.89794050426076,28851.906211110418,28852.347000738566,0.010567526464881901,false,0.46875,0.0711168423295021,true,e7bcd53feb60ae05597dc3cf345dd7c1a495ecf9a8ca5b4a03f5fe310ff267a8,e7bcd53feb60ae05597dc3cf345dd7c1a495ecf9a8ca5b4a03f5fe310ff267a8,f4c24b28ce23a29c3c06b2b90f531084d38468d8455a75e88cb7f4ef0d558df3,f4c24b28ce23a29c3c06b2b90f531084d38468d8455a75e88cb7f4ef0d558df3,false,231,false,false,false,true,false,true
r0153,49352057b62a3452c0f788c82d0849f12b04fc1802ac927948db3a3e320cea21,bf16,2302,a97bc3e1ccba1bcd414285f755fc76f3e7b720efefa9b611e0ef831720b1f49c,true,true,true,true,true,true,true,true,false,7.5078125,0.011010436832625056,687.2734069623807,32195.876765920373,32194.476082066914,0.021346628077849577,false,0.4375,0.0668308213353157,true,86149912692bae09411e9baeb94d2ac1102e4f0feaecc194916e6923dfc4a5c2,86149912692bae09411e9baeb94d2ac1102e4f0feaecc194916e6923dfc4a5c2,3d2a85c526d90be7a5f7145a7ed7851e5da34a87c7b9423948c8d8b1dec1339a,3d2a85c526d90be7a5f7145a7ed7851e5da34a87c7b9423948c8d8b1dec1339a,false,107,false,false,false,false,false,true
r0154,c01a33bfacb0fb810f43d10286384d34e48dfb135f6367395349eb4ecab64795,bf16,2010,c9fd70156bc8c6401d5911904c9e454efd2fdaaf75b1214a5c50cd87de6766ae,true,true,true,true,true,true,true,true,false,0.484375,0.006608195854896007,235.37293300072625,29597.138725215562,29597.26179949085,0.007952523939386016,false,0.4375,0.06353579461574554,true,d9976f00249980379247495d5bb71f17989900af4860037a7ead4128f2d07292,d9976f00249980379247495d5bb71f17989900af4860037a7ead4128f2d07292,fd610f2eefbb436d11ef395e78b3f5a7e183497086a48b6c47b0b829636c17f0,fd610f2eefbb436d11ef395e78b3f5a7e183497086a48b6c47b0b829636c17f0,false,59,false,false,true,false,false,true
r0155,7e0616817b3bff1ef116dd0669d3becec72449710aad795b51feaba8a8229105,bf16,2148,ada2f0683934e4783220793d2cdc05b361439cdebc2be6dd225a25b75ca1f410,true,true,true,true,true,true,true,true,false,3.634765625,0.007805952133294486,353.8030493759288,30657.255312010522,30657.861619778323,0.01154036944141204,false,0.375,0.05983265861868858,true,707896ca52873b5888f047c1800aa038a0047afb6584a08c544fde47fc26e882,707896ca52873b5888f047c1800aa038a0047afb6584a08c544fde47fc26e882,6c99425764a3370e5e2bf89ffdd3e803472ac622089ba29e215fb41885229e40,6c99425764a3370e5e2bf89ffdd3e803472ac622089ba29e215fb41885229e40,false,13,false,false,true,true,true,true
r0156,826c3fb0d45b3649e0e1eb3458ce9e6423a20d2877d401c2c0b74763e30e227b,bf16,2060,55f49b8daefee37a507d442c12d3e4911a952958455e296cd285885b15058243,true,true,true,true,true,true,true,true,false,1.94140625,0.007331645933873514,290.27115862441497,29960.45467816689,29960.643072848394,0.009688415496243838,false,0.5,0.07310324907302856,true,e977a172a064860d2435e66df6ce862b28ce796a5e6390378b2948cac76b8e23,e977a172a064860d2435e66df6ce862b28ce796a5e6390378b2948cac76b8e23,78e626a548f97684ad5900a602c15acc4643e8e7e348103c5e2c9cc8b8f923c8,78e626a548f97684ad5900a602c15acc4643e8e7e348103c5e2c9cc8b8f923c8,false,144,false,false,true,true,true,true
r0157,a6010c55f8d035289976860ab16f19c1cbb6e2284f83f36ea706825ed3f0bd67,bf16,1481,50ddfb8a71c6057fb78a2708b9c3ef6b41182c95a93e0a16821d7bbbab21457d,true,true,true,true,true,true,true,true,false,0.640625,0.0054177684393916055,182.82534261441606,25262.136138058417,25261.813093853623,0.007237129180813114,false,0.37890625,0.061583612114191055,true,77e9792e60505fd358368044e5b9b2ffab771eaf3c29cb5a95f3952a36ff6748,77e9792e60505fd358368044e5b9b2ffab771eaf3c29cb5a95f3952a36ff6748,da0413955997073d83d92d2a65248da6c46a60bda2b4f0480ed3869985bfc732,da0413955997073d83d92d2a65248da6c46a60bda2b4f0480ed3869985bfc732,false,161,false,false,true,false,false,true
r0158,01793d2be247bbf175a058ba0347fb06f12226d628b8780813ee63c2558e3aae,bf16,1862,489bd8a0111d4dd5972f12b4b1239b07a0e99a1b69a19d5ff2952b0c54634ee4,true,true,true,true,true,true,true,true,false,1.5,0.006034119566602196,232.35045753261775,28537.770134459806,28538.52420784101,0.008141642358254078,false,0.46875,0.07254500687122345,true,ce7d737cd4a3754a51846c9cf9bd39543f1523ab7f4bb75cf3a9331ddff07e68,ce7d737cd4a3754a51846c9cf9bd39543f1523ab7f4bb75cf3a9331ddff07e68,b88541cfea2688841b38eba59a2b9327e010af8be6df97f76e503bcfa7b87758,b88541cfea2688841b38eba59a2b9327e010af8be6df97f76e503bcfa7b87758,false,313,false,false,true,true,true,true
r0159,9a175b2ea405f2978a07bdd979fd8051164f7ea25f0917b8be2bfec6eac661f2,bf16,2220,60c60f87b73027c5ab1b7626711f0befe5faf185d4d2e324e0ceb7ca1f9bec32,true,true,true,true,true,true,true,true,false,5.0625,0.007085788353946206,367.61277412823125,31132.536736378,31132.380318822317,0.011807992944522254,false,0.388671875,0.06368382275104523,true,525e8fc23dd274da76c1f998ed78fa5a68d2581ec668c850078187c6c5554bd4,525e8fc23dd274da76c1f998ed78fa5a68d2581ec668c850078187c6c5554bd4,65638b1d4d43019eb696804ff8f8230d378dfddcb0041dd5ee3e4dd3e088e9b5,65638b1d4d43019eb696804ff8f8230d378dfddcb0041dd5ee3e4dd3e088e9b5,false,34,false,false,true,true,true,true
r0160,9a82c5df8979a9cbc848674d76051b9dcd005ef35e741b74997cc9577b8b4e17,bf16,2026,677d80d25a077eca0556e894bbc2e0a24edd0bdc68b5324ea284541df16994be,true,true,true,true,true,true,true,true,false,3.32421875,0.007307025024055521,330.06834159158467,29755.38298169048,29755.946545554976,0.01109251695577102,false,0.5625,0.06522151082754135,true,287dc8c6a133225316c18ee570213eb1a955730973a0b480a3a95867491042d7,287dc8c6a133225316c18ee570213eb1a955730973a0b480a3a95867491042d7,44e780ecfa5781b65ee67686592831dc7622ecd50a8c8db896f6545f643f28fe,44e780ecfa5781b65ee67686592831dc7622ecd50a8c8db896f6545f643f28fe,false,76,false,false,true,false,false,true
r0161,83b01933e087ab80e1185dae80180ac2dff7b29e8f61c4b9d4b6991662dad0cc,bf16,2147,c4ee9bb2c1363533189788dafccddff5854f812984805d0d84939d6691fa3f2a,true,true,true,true,true,true,true,true,false,4.169921875,0.00754390536614652,403.15231444891253,30870.41579436374,30870.614486721,0.013059419812402134,false,0.5048828125,0.07038137316703796,true,eba902716d5fb68178f1b5cd983358505360449a690a443d5247612d1572bc67,eba902716d5fb68178f1b5cd983358505360449a690a443d5247612d1572bc67,eba902716d5fb68178f1b5cd983358505360449a690a443d5247612d1572bc67,eba902716d5fb68178f1b5cd983358505360449a690a443d5247612d1572bc67,true,,true,true,true,false,false,true
r0162,6937a492d34d77fe0f96863b83f29b58ec497e49e5f40f64b04118ef26061fc8,bf16,1550,38689d692dd25cdd4f5fdd43e5689e7d7ebb15fc1b8b8392bbf830b0d63b6a8c,true,true,true,true,true,true,true,true,false,2.8515625,0.00700341538828908,273.0883107582632,25714.760444144853,25715.013555465397,0.010619800381175448,false,0.46875,0.07020863145589828,true,6649e19f39b4d2e8ce6c0287dbbeafcae778639f7e2c5ac4e99db1318b406143,6649e19f39b4d2e8ce6c0287dbbeafcae778639f7e2c5ac4e99db1318b406143,6649e19f39b4d2e8ce6c0287dbbeafcae778639f7e2c5ac4e99db1318b406143,6649e19f39b4d2e8ce6c0287dbbeafcae778639f7e2c5ac4e99db1318b406143,true,,true,true,true,false,false,true
r0163,bac68dfcd4ac4cc76ec010f2d0e6b3cc85dd9aff4e854765224b47ba47768fa0,bf16,2423,d99be7e9905a345d0a09a72bcca092055a93a2046d4996ec3c963a15af9219f6,true,true,true,true,true,true,true,true,false,2.625,0.007684444476897793,399.3133377149809,32572.20981175481,32572.59138558185,0.012259182359427983,false,0.5,0.07355305552482605,true,bf90db2a7312a52d00b3574cd894343f44fe2321cfea18e069c2a2adff2b0162,bf90db2a7312a52d00b3574cd894343f44fe2321cfea18e069c2a2adff2b0162,8a01f634efb3dd504d61460254078246efb33097ef99d3e96033113b5983b36e,8a01f634efb3dd504d61460254078246efb33097ef99d3e96033113b5983b36e,false,55,false,false,false,false,true,true
r0164,65f6c04d34cafdc78b7ae35df6a5c9334d804bf2dab8f687a7f95bc7817f92b3,bf16,2307,8e4f533d7b5b40cf234d06e6ca2fad30f38c8b5cc77ab599a1ff55669a170a02,true,true,true,true,true,true,true,true,false,3.5859375,0.007628217131618468,388.3593775949778,32076.619045218657,32075.88824517373,0.01210724163439746,false,0.5,0.07443512231111526,true,b9253090c97b94316d77c5721bac2e1fb87e60e5574d8406b9321d63b2902fac,b9253090c97b94316d77c5721bac2e1fb87e60e5574d8406b9321d63b2902fac,eaf8fc3d251b5e3f163762af5f10fa788968077d024366877c6b53319d7b66de,eaf8fc3d251b5e3f163762af5f10fa788968077d024366877c6b53319d7b66de,false,93,false,false,false,false,false,true
r0165,caa38b1c76a99fdd3ddd3f0f851687254d1717af37e1cdc6be5f7770e118f344,bf16,2027,2696d5173d3cf880f76fb64a795fc5541e4399293c4f49b67bf14d62697bb57b,true,true,true,true,true,true,true,true,false,5.0625,0.00810734236394008,363.678013090735,29643.703929570696,29645.203328907344,0.012267684895117884,false,0.390625,0.06594716012477875,true,530ab2f96f214d2de10927dbafac18f35bf10fda537329b24d94b824a796dc5c,530ab2f96f214d2de10927dbafac18f35bf10fda537329b24d94b824a796dc5c,b3538073f2a39f489e6e59164c49a3ff2fbf2df800aaa2b02302dd1d4028e4d2,b3538073f2a39f489e6e59164c49a3ff2fbf2df800aaa2b02302dd1d4028e4d2,false,106,false,false,false,false,false,true
r0166,a469e8f96ca631367a9ca4a45fe3aa7c92fd297fdeba1ea826410009956baa60,bf16,2058,64e8f44e191773fea44ab4567d4d25dac7e974e3467745469919504894bead85,true,true,true,true,true,true,true,true,false,8.0,0.007831375982682614,479.0685003189912,29813.521585908158,29812.182481295884,0.01606883302727413,false,0.53125,0.08388558775186539,true,af82e06f6b6f9f6a1c206f3eadf28b6d46de7f1d4e6cc6dfeb1301505805e72f,af82e06f6b6f9f6a1c206f3eadf28b6d46de7f1d4e6cc6dfeb1301505805e72f,af82e06f6b6f9f6a1c206f3eadf28b6d46de7f1d4e6cc6dfeb1301505805e72f,af82e06f6b6f9f6a1c206f3eadf28b6d46de7f1d4e6cc6dfeb1301505805e72f,true,,true,true,true,false,false,true
r0167,f2e011a09e62f541273affa8ff0b45ef991c5a598d1da5c9783fbddb4d06beb6,bf16,1330,4b4a79e7704e0d049eb103d8566ad57051b3d820908603e4880b067eb8638c90,true,true,true,true,true,true,true,true,false,0.9375,0.006017977769274559,188.26291609193632,23624.39563066742,23624.1846504324,0.007969004542387003,false,0.40625,0.061678554862737656,true,9520a4d5077a7a69271d86fd81c0a8171eb3933b9ad44b5e92561401f742f2c2,9520a4d5077a7a69271d86fd81c0a8171eb3933b9ad44b5e92561401f742f2c2,9bdce38260c0ef48c6fc49d75aef11a023abb5abddbde0606c810222ec01ce83,9bdce38260c0ef48c6fc49d75aef11a023abb5abddbde0606c810222ec01ce83,false,50,false,false,true,true,true,true
r0168,26a01bd60cc9391dce16848d5823b6fb9733852b8d66f20101a2628a5dfdd16f,bf16,2082,f7131c9b6edaaecc8b7c0d7c7e46468307a7b69720a8e6ab461113f459a0154d,true,true,true,true,true,true,true,true,false,5.1875,0.00772256789845618,438.39396640120873,30283.057240321734,30283.155117662875,0.014476495751445403,false,0.4375,0.06467677652835846,true,97bdd97df6b38e34519250aae349266085852546c5d408958de9ed007aa19c8f,97bdd97df6b38e34519250aae349266085852546c5d408958de9ed007aa19c8f,4410c42906f957f23d70602b482c4506ddfc63838dd07e0786a5faf5dc1201f4,4410c42906f957f23d70602b482c4506ddfc63838dd07e0786a5faf5dc1201f4,false,55,false,false,false,false,false,true
r0169,ac88872592e629f4d030d05624bbd8321c07185899cb7ec6aacbcdbf6ff71e90,bf16,1025,8d9e58fc5b71c44fd176606882451fb5a0b76bae4ec6ed1ff6d7049dc82bd8e2,true,true,true,true,true,true,true,true,false,2.9609375,0.007255207425851535,278.51617091994177,20763.929411062683,20764.639236867843,0.013413003122415596,false,0.40625,0.06425662338733673,true,001273e182fd6e1c45ac2f4f5eb9912f6e90864e22a9b1b3459eb8ed5a759e63,001273e182fd6e1c45ac2f4f5eb9912f6e90864e22a9b1b3459eb8ed5a759e63,a6bb16563a039e6f50958134b6279c6cb3e6321037cb0d39c4d6d6e6a8fea99b,a6bb16563a039e6f50958134b6279c6cb3e6321037cb0d39c4d6d6e6a8fea99b,false,87,false,false,true,true,true,true
r0170,61e3b6c6f121b322eb5beb4883f470c72bf26f2b4b68b572f65470301c1e3814,bf16,2164,36bfbe2f9e0c02a8c56344e175c894ca97fb2ef54eb2e30e93ac79dc2c38a228,true,true,true,true,true,true,true,true,false,2.65234375,0.007872313049027265,340.8102240849175,31133.9642636029,31133.91985418214,0.010946573369178722,false,0.421875,0.06962211430072784,true,1c36a4e386cafe90c1b6c6b1b3e6c1d59eb17a218555f07724d18c3e3f2c9782,1c36a4e386cafe90c1b6c6b1b3e6c1d59eb17a218555f07724d18c3e3f2c9782,4ee339b9e6de9006ac0a5d9935bcb966ea8ed106414abd3fbaee7771c94030c4,4ee339b9e6de9006ac0a5d9935bcb966ea8ed106414abd3fbaee7771c94030c4,false,63,false,false,false,false,false,true
r0171,2ff5bc1bbde2510a9dc3a447fb6518127f3f149ca33d5fbe704824e25a3c7964,bf16,1602,767cd5ccd4a15600dd1125898db17379bb7fd019643439288f77689bbee3b559,true,true,true,true,true,true,true,true,false,1.732421875,0.006061887613626545,223.17392617314545,26019.22151985888,26018.537986966192,0.008577271460747219,false,0.45703125,0.07381277531385422,true,319a2e34a47f2d0b114372fa89565ec66d2e576140f63173744480c08d1bdd60,319a2e34a47f2d0b114372fa89565ec66d2e576140f63173744480c08d1bdd60,a30ced49ab6b1cf9278b272e76fb274e143697fb97d19fdd47779ce4741a8361,a30ced49ab6b1cf9278b272e76fb274e143697fb97d19fdd47779ce4741a8361,false,118,false,false,true,false,false,true
r0172,7c76a0514e5d1e4dc7e286d2fddcc741d57d9e094cfffbf06304d56a0fcc4ab9,bf16,1296,7e126970c11eccb7ce401e9b8f53eff01417f191b1dcf6d096573b5132ad5b00,true,true,true,true,true,true,true,true,false,0.6640625,0.005220355067717157,166.7991417194972,23492.88816822749,23493.04088865733,0.007099938339613985,false,0.4609375,0.0703413188457489,true,c2ac3b0f5386315d8ef874795001e85020003fbae5ab9f5b9cba6072b39979c7,c2ac3b0f5386315d8ef874795001e85020003fbae5ab9f5b9cba6072b39979c7,c2ac3b0f5386315d8ef874795001e85020003fbae5ab9f5b9cba6072b39979c7,c2ac3b0f5386315d8ef874795001e85020003fbae5ab9f5b9cba6072b39979c7,true,,true,true,true,true,true,true
r0173,aeb3d0c69b26da804713dd1b9d8561ec447a034fc9d132b904cf73b5af15c5e4,bf16,2373,67e9aaa752bf11a7bffc8929696ac39e16140e8e85f3a17681cd237051ff31b4,true,true,true,true,true,true,true,true,false,7.40625,0.009362644899268932,610.6757145110552,32739.626852313948,32739.457730506252,0.01865249464405225,false,0.421875,0.06805387139320374,true,1e38c627a0e93e6ce1871b9073a4272bd0ccf20acf5d96ba779c7f4b33eb298e,1e38c627a0e93e6ce1871b9073a4272bd0ccf20acf5d96ba779c7f4b33eb298e,793064cca0c91490302bd9050603a7ec48aa1a73d01b46819e4eb88be7a49bbe,793064cca0c91490302bd9050603a7ec48aa1a73d01b46819e4eb88be7a49bbe,false,73,false,false,false,false,true,true
r0174,801d1a47b076fe0496fc619ec281b6ec5078e6542155c6014afb8ee7e5ef02b7,bf16,2111,be33071c7751ae19b4f31c9514b0229bb0c3c7474f8dc156b296aa234b220059,true,true,true,true,true,true,true,true,false,6.4375,0.008067228444297614,430.3306039442271,30023.027881060105,30022.881058623585,0.014333351241221719,false,0.46875,0.07399016618728638,true,a4a74a32a71e96b66a188169162331edc3deee30eab7d8b67e7718cc880afae4,a4a74a32a71e96b66a188169162331edc3deee30eab7d8b67e7718cc880afae4,653dbbca5540c1dc5605e50e44f0963f6ebaa53d6597d2f0293f2c34340e169c,653dbbca5540c1dc5605e50e44f0963f6ebaa53d6597d2f0293f2c34340e169c,false,7,false,false,true,false,false,true
r0175,b237d5b090a047b206d0f512868b54b22e626d25a84e845aa47cb2e123c03130,bf16,2189,d8ad3b45bbbf4eb2bc3a866b5fcee8ca9dbc74af6dcff1343d6732e7e2015719,true,true,true,true,true,true,true,true,false,5.4609375,0.00857347204727362,439.6668335770103,30809.211234245617,30808.254359398932,0.014270629333356766,false,0.375,0.0633094385266304,true,2af4ebd81613e7a73fdafa477a770925dc875827b7b5376ccaeebc7a1512fa54,2af4ebd81613e7a73fdafa477a770925dc875827b7b5376ccaeebc7a1512fa54,a21c388f9fca6f569cb553c1aabc9e782a5ff644cc7bef0bbf6b2df1d7e0ad38,a21c388f9fca6f569cb553c1aabc9e782a5ff644cc7bef0bbf6b2df1d7e0ad38,false,126,false,false,true,true,true,true
r0176,b7622d518272344c5bcebbca99effcffedb587de8852470bfdb16107770eb661,bf16,2194,a43918b806c3cedd53e8b1adbb3e63d772ddffd219e46a1cfc7f181811cea6ab,true,true,true,true,true,true,true,true,false,4.3125,0.007146380400284498,350.19332569307653,30928.13569783733,30927.27099654762,0.01132280746290065,false,0.453125,0.07722806930541992,true,93ad5f3393ba3a0e2b9cb341639ea5e8c7669f6e531b1ef3ccc523e7bd01931f,93ad5f3393ba3a0e2b9cb341639ea5e8c7669f6e531b1ef3ccc523e7bd01931f,93ad5f3393ba3a0e2b9cb341639ea5e8c7669f6e531b1ef3ccc523e7bd01931f,93ad5f3393ba3a0e2b9cb341639ea5e8c7669f6e531b1ef3ccc523e7bd01931f,true,,true,true,true,false,false,true
r0177,8148873d705f0a3533e5455032dae841355e57bbbf19a13d34770b2a824d7e7a,bf16,2443,40db2386b1dc4ea332750c7d38df25cddba330bd681be4974df28a6f9baf8552,true,true,true,true,true,true,true,true,false,8.25,0.006896130753495747,562.2616480597334,32684.03086867691,32683.34628695793,0.017202946916764262,false,0.375,0.0628015324473381,true,5f5bd2a80ce4a1e992819e4a2b58cae64d01ebbbac79b5e93ef06056c8821355,5f5bd2a80ce4a1e992819e4a2b58cae64d01ebbbac79b5e93ef06056c8821355,97cd07cc2b642e624fbfe15c8b694216c35e5e452761ea38deaaad50590c9ed2,97cd07cc2b642e624fbfe15c8b694216c35e5e452761ea38deaaad50590c9ed2,false,37,false,false,true,false,false,true
r0178,76e8b66e085203a90d6976729185e966cb72fcc6c5af3adc379e3c0714699f0d,bf16,2070,d03d41acb480df0aab4425488ccc61fe12aaea562eab9a068519c823a8d21f59,true,true,true,true,true,true,true,true,false,4.1328125,0.008802173823195147,429.46382440286226,30427.241771538014,30425.539403537532,0.014114451373130625,false,0.40625,0.06566040217876434,true,163f6644bd4c6abf18ae6d0d4a01dbe2508f587a40888418d49c151d6cd3bde5,163f6644bd4c6abf18ae6d0d4a01dbe2508f587a40888418d49c151d6cd3bde5,feca4a060c8e4da496b59c32d6391650d451fad21c9082b630029deaa01a25df,feca4a060c8e4da496b59c32d6391650d451fad21c9082b630029deaa01a25df,false,7,false,false,true,true,true,true
r0179,7752e807ea76dc6b21ee4a2990fb0efc1e591989a3bed752d17fb1d29c67e526,bf16,1237,252ad8464e172421da634ae5dbc10aeb4552a60b9c8ca1da7fc5ed126858b9d8,true,true,true,true,true,true,true,true,false,0.984375,0.006068787028471172,200.17998498617843,22961.045097519534,22961.948592239816,0.008717900581566101,false,0.46875,0.07069207727909088,true,d739d7104b9cd1109f343a80c644589e25abb88dceef4a8a6331634d031a78c6,d739d7104b9cd1109f343a80c644589e25abb88dceef4a8a6331634d031a78c6,6f371a5bd8da37d23a0ad995997fa760959f8f8fcd02f7600e0a6dd95a00eb03,6f371a5bd8da37d23a0ad995997fa760959f8f8fcd02f7600e0a6dd95a00eb03,false,25,false,false,true,false,false,true
r0180,e22c96aa6b6f90cc8c989ca89f018779350c8cfee55abd9edc56995cb461392c,bf16,2316,21c1980ba3a7aa39b0337f890e9503ded0632fc71d85fc8232db456986e06594,true,true,true,true,true,true,true,true,false,3.744140625,0.008273518900842713,432.986254810256,32117.328076970298,32117.41982686979,0.013481352398302397,false,0.46875,0.0722803920507431,true,598b1c044d21d487371444ad14b2e853ebf38739dc55bf46508c83363a211689,598b1c044d21d487371444ad14b2e853ebf38739dc55bf46508c83363a211689,598b1c044d21d487371444ad14b2e853ebf38739dc55bf46508c83363a211689,598b1c044d21d487371444ad14b2e853ebf38739dc55bf46508c83363a211689,true,,true,true,true,false,false,true
r0181,567afa93ffe21b5801a95c349003f23011eda25df1e79c94f93f8b6ec4371976,bf16,2032,848b4ac33e44554c3558b80b9c51ef1f93aae64c9977de87eee8d9acb73f6964,true,true,true,true,true,true,true,true,false,2.953125,0.008039694447574195,332.47879333671,29637.522412151156,29637.439610029847,0.011218170962914102,false,0.41796875,0.0657876506447792,true,feea860e601114d9605edf9e4235fda926d902e2453aba18669be9c43d21b953,feea860e601114d9605edf9e4235fda926d902e2453aba18669be9c43d21b953,ad4edafac8869f88d722a06376461a9cc365fc3009af249d02265b8ee137848c,ad4edafac8869f88d722a06376461a9cc365fc3009af249d02265b8ee137848c,false,205,false,false,true,false,false,true
r0182,a1acfbcde2b04cc92e5a961ece506b5babe12c9c132dae9bee176204445b3229,bf16,1836,1a773a82b5831462346189aeb4b77aa3b9f7d1f5eba0f895e4caff5d23e4f648,true,true,true,true,true,true,true,true,false,3.9140625,0.0073497267263894495,316.52777072847744,28383.734236241427,28383.298909538906,0.011151731061669919,false,0.5078125,0.08624276518821716,true,06e511f35b0ef285341a676732cda44d7d08a22978d7c2827464d0b8b6210c57,06e511f35b0ef285341a676732cda44d7d08a22978d7c2827464d0b8b6210c57,d746bb63d3834f261830cd3a7acc59b54d45fd6649d5aff2ce67cc453567fd42,d746bb63d3834f261830cd3a7acc59b54d45fd6649d5aff2ce67cc453567fd42,false,53,false,false,true,true,true,true
r0183,3a4c5b216c7b37a1e80f2e015c13d2b80b9bf1e69faebbecd9fc466406749f25,bf16,2152,c5f86830c143d818bafadc3662b069364cd50fbde4a06239000fc1a3c5f2bda3,true,true,true,true,true,true,true,true,false,6.9375,0.008309520089764119,518.9646414545814,30746.001552362108,30746.24396830072,0.01687896062978074,false,0.43359375,0.07114025950431824,true,751f3974f253e2709cf86e70337e6908b120423991b3f5278de10080a26011c1,751f3974f253e2709cf86e70337e6908b120423991b3f5278de10080a26011c1,be04a0b5838d9853c9c88ca69a84fc130f30f524946e617775835f6cb85edc11,be04a0b5838d9853c9c88ca69a84fc130f30f524946e617775835f6cb85edc11,false,131,false,false,true,true,true,true
r0184,6200ba95f752db1f23645340ae0ac08f750adb99913ca6ac5fc590dcd9409152,bf16,2514,6017adad8b49fc839ecd478f1f96583cb1b2af0cffa34f47ba4d47a50c3c7079,true,true,true,true,true,true,true,true,false,5.453125,0.00997850563987244,549.9341474633497,33649.86850461914,33649.871271462405,0.01634283064642018,false,0.466796875,0.07745518535375595,true,efce0fc098e52c9ad1759d79ef5ec2001b7c5745d557d837251ac3df1a873f9d,efce0fc098e52c9ad1759d79ef5ec2001b7c5745d557d837251ac3df1a873f9d,ccef2c818b3797e19268a798727dd6ddd136e4ec22db02db9534ba9fabf0066f,ccef2c818b3797e19268a798727dd6ddd136e4ec22db02db9534ba9fabf0066f,false,165,false,false,false,true,false,true
r0185,a9461e565bf03c59348d56ee98047ed35fea054d405ac7d05c774480ee6404d1,bf16,2140,ca736379b9b9b1644bbf6b83c269233ad4eeb663f1ea0f3e6e1912f4ce219b5e,true,true,true,true,true,true,true,true,false,4.53125,0.007926852623840075,365.2478916163389,30480.55069278402,30480.72389485052,0.011982913951661256,false,0.40625,0.06670837104320526,true,03e5a1b8c42ae9623c6fd67d5b66e0109984c619daf42d8fd503d2ff46715b63,03e5a1b8c42ae9623c6fd67d5b66e0109984c619daf42d8fd503d2ff46715b63,f204f937572e4c8452c0168ec2fe56d63f204419fd49428ac37bb8fb6c32ac18,f204f937572e4c8452c0168ec2fe56d63f204419fd49428ac37bb8fb6c32ac18,false,99,false,false,true,false,false,true
r0186,bf7354ebb858bd1459510b81afc2c64b8eeff6997159fa0ba0abc2d668011ce8,bf16,2011,b917dd05461ab02b34bf5ab2ff5a7ae59f4ed0f5a02b0e4a2e3f475d3b8cfb42,true,true,true,true,true,true,true,true,false,3.4921875,0.007904919654355599,336.73538182253816,29240.496048209567,29240.80990099948,0.011515938955269095,false,0.40625,0.06211450323462486,true,add91a70b69efd496c1cd712d96c0bd229ad4d783cd1a9551e44b9a33380ca09,add91a70b69efd496c1cd712d96c0bd229ad4d783cd1a9551e44b9a33380ca09,90b90459b66bb2cab7a3091850d4979d85261a81c93cb80e3bbc5b1b7951617d,90b90459b66bb2cab7a3091850d4979d85261a81c93cb80e3bbc5b1b7951617d,false,33,false,false,true,false,false,true
r0187,2a64d342d9ff38c620e37bf22db8185e5107f1b41e7d8da71bd34a5f661124f8,bf16,1756,d9e9ce8a2d304d108e2a8562044553f47aa7c0b70a5f9844304abcac79503ad8,true,true,true,true,true,true,true,true,false,2.529296875,0.006531370102257553,245.971209898494,27420.988046986466,27421.06905335212,0.008970153914127756,false,0.453125,0.07186020165681839,true,e037ddcebc7ef900c6501b64fd4622f1f55780feab9fad6f44c101d259153d5f,e037ddcebc7ef900c6501b64fd4622f1f55780feab9fad6f44c101d259153d5f,e9bd580ea0646df17f43ee9ce6e295db178c7e7b6013e482952ada1c22ba67ae,e9bd580ea0646df17f43ee9ce6e295db178c7e7b6013e482952ada1c22ba67ae,false,62,false,false,true,false,false,true
r0188,dd673724174c77db818a9ed8582d6f959cd87844fc83e9dad24f4d9f5fc94529,bf16,1993,6779344c218a9d4c2efcd05397fc9ef819d2e7d843ff946a77110daf1d9993d1,true,true,true,true,true,true,true,true,false,3.0625,0.006783019511299074,311.407260751482,29160.184039793367,29159.800723565848,0.010679193942209723,false,0.4375,0.06534726172685623,true,ae034a2977017feb179424ba81a5c435fd5e21cc6cd3535a3dc5cc751683ff33,ae034a2977017feb179424ba81a5c435fd5e21cc6cd3535a3dc5cc751683ff33,325f06daace64cbb7c90c5343185dd04f4adcea9c4fa0023cb514cb7d552e916,325f06daace64cbb7c90c5343185dd04f4adcea9c4fa0023cb514cb7d552e916,false,93,false,false,false,true,true,true
r0189,2a081157ad68a5c62c762496300af94c546a626945cad0567dc61c2e8c650a59,bf16,5080,f200002242ac5a4c032da9ebef87e83fcb8985eb10d2d470c323fb845d4ae663,true,true,true,true,true,true,true,true,false,8.859375,0.005549898019588348,994.9206046910972,50434.65547184873,50434.6838889471,0.019726912671482747,false,0.40625,0.06858395785093307,true,256989bbd2c3016248ef41cb14625a725b3bd4c023b690a5cf794969f9f740f6,256989bbd2c3016248ef41cb14625a725b3bd4c023b690a5cf794969f9f740f6,63bd47c37b89b99394435c1b2b236fd6ff96ab87ce35d772132687a2db0396d3,63bd47c37b89b99394435c1b2b236fd6ff96ab87ce35d772132687a2db0396d3,false,134,false,false,false,true,false,true
r0190,3d49b1c93df023db0758d9ab6a5354578366a2efd0a68ee159459f531481a811,bf16,2312,97e0aeb33dacc18d90768bfdf6bd63f6f80f70dcc16be8248ca30e880ed9f8a7,true,true,true,true,true,true,true,true,false,5.9609375,0.008196403880440647,451.14729080885616,32208.30610423718,32209.529833789846,0.014006640057675537,false,0.44921875,0.07198198139667511,true,95a3701ab5221713a542e82891d75ec07a4e1eed0a28b1627b67b83bf7d03822,95a3701ab5221713a542e82891d75ec07a4e1eed0a28b1627b67b83bf7d03822,8bd3262d715081c59a3b6464ff9a27f04f6f6ede666b86222c2fe536b8121259,8bd3262d715081c59a3b6464ff9a27f04f6f6ede666b86222c2fe536b8121259,false,71,false,false,false,false,false,true
r0191,114f976749d9b25a05180bef3edab82552d43d571bbe827f23afc77ab9fe48b3,bf16,1392,4225c4b91263e1743e849724b834590fa91dcd41d51fdf6980935264ba1ddd82,true,true,true,true,true,true,true,true,false,1.015625,0.00433201076311196,162.9440416050355,24474.508199250882,24474.8707266548,0.006657605812298666,false,0.40625,0.06691750884056091,true,57585d24d064e3b5f54b88d3b60a1caeb24aeebcf61568c1cf6069210f1d93d6,57585d24d064e3b5f54b88d3b60a1caeb24aeebcf61568c1cf6069210f1d93d6,ea469f0fd3f14bb37f72d4db7aebd488b3c7a64cbad76f26a4e7c5782ddf3929,ea469f0fd3f14bb37f72d4db7aebd488b3c7a64cbad76f26a4e7c5782ddf3929,false,104,false,false,true,false,false,true
r0192,9b54b25da34b7b0503dccac2703833ad4921a4aa46f8f1ce116f32d382e147c7,bf16,2338,ba7cafecf6cbfc0ae2aa81c482e07ba3f7e685861339c15e9dc8c34c2b063b46,true,true,true,true,true,true,true,true,false,4.4296875,0.008424256609352643,418.8666808833722,32079.59098336309,32079.204572018178,0.013057107900802169,false,0.375,0.06279197335243225,true,7862bb11c8c62da384c55c70a4aadb0e01b537838703431b05314cbce1e9cd50,7862bb11c8c62da384c55c70a4aadb0e01b537838703431b05314cbce1e9cd50,265717c6f005788e7c1f06fec127001b374329e909b517ddd19687cb6941cbce,265717c6f005788e7c1f06fec127001b374329e909b517ddd19687cb6941cbce,false,146,false,false,false,true,false,true
r0193,157ed6aa035878b1d43bc84e42894e6f9913510050514649e6f3ae19fe8f6845,bf16,2325,fe263ff76c14b6771590dba5fdb0e9d6ae8fb19a5fcbe802636a80b66c213c29,true,true,true,true,true,true,true,true,false,4.5625,0.007977568922875183,412.16158104200065,31612.706273330714,31613.03832880409,0.01303770857945221,false,0.4375,0.06654244661331177,true,700ba98dfdbdee5f75d4678ee8612e180ad26efe7e9dfb7853ebd3df1f04868d,700ba98dfdbdee5f75d4678ee8612e180ad26efe7e9dfb7853ebd3df1f04868d,700ba98dfdbdee5f75d4678ee8612e180ad26efe7e9dfb7853ebd3df1f04868d,700ba98dfdbdee5f75d4678ee8612e180ad26efe7e9dfb7853ebd3df1f04868d,true,,true,true,true,false,false,true
r0194,037c145cae9357eba4b6c3f1264e6bb64a875f85033d4d3b16c406de91b237be,bf16,2114,34fa323441a8080e293418c0c90a0dca3f62a30f6c74780fc250059b4fc134cd,true,true,true,true,true,true,true,true,false,4.4453125,0.006796150323692926,332.68885960031963,30579.390382161648,30580.059072916614,0.01087927458894176,false,0.40625,0.0617632232606411,true,24872901751708572c707a19ba1efa0901c5a7e1d38d60e702fac3ce080d3a01,24872901751708572c707a19ba1efa0901c5a7e1d38d60e702fac3ce080d3a01,24872901751708572c707a19ba1efa0901c5a7e1d38d60e702fac3ce080d3a01,24872901751708572c707a19ba1efa0901c5a7e1d38d60e702fac3ce080d3a01,true,,true,true,true,true,true,true
r0195,eb255f26ff815c429dcc29909f48e499b691fd3e3e4f59d7d141fdcb0fecaad3,bf16,1454,7853597cfe1f2fd64208d36fa17a30d710253dbe6ff3b7c89a2a20b202fdbd15,true,true,true,true,true,true,true,true,false,0.9375,0.005529199959173929,191.22495863060425,24981.089630018203,24981.37594413267,0.007654700808244187,false,0.3828125,0.06462014466524124,true,7ac185780f3996aba6e8da9daa951f75a091e2aba1829032018c330bff10fbd7,7ac185780f3996aba6e8da9daa951f75a091e2aba1829032018c330bff10fbd7,ea8233e10f6d8e98388ebac0620a28b92008342b3311532f5a603cdee0864754,ea8233e10f6d8e98388ebac0620a28b92008342b3311532f5a603cdee0864754,false,50,false,false,true,true,true,true
r0196,52037ae9519c07f4f6dc74d04ea80f02d6f266de2182c1a87962daee048629ab,bf16,2129,17d8de39dd48a3fe935702e070e6a4a58186c8b2785e7ac8113aada061c0fdf6,true,true,true,true,true,true,true,true,false,5.375,0.009024109757099021,483.0401648913561,30546.741808489154,30545.496479470334,0.01581314851579738,false,0.46875,0.07021309435367584,true,96a1d263f9d1069a9deacab324ba70a89da8cbb57a388e4dedae75238b1073e9,96a1d263f9d1069a9deacab324ba70a89da8cbb57a388e4dedae75238b1073e9,96a1d263f9d1069a9deacab324ba70a89da8cbb57a388e4dedae75238b1073e9,96a1d263f9d1069a9deacab324ba70a89da8cbb57a388e4dedae75238b1073e9,true,,true,true,true,true,true,true
r0197,e1f659579dc11819e09a70c916bd97ebd1e5c4afeee36c906ca6b2dc1fa98ced,bf16,2423,dd7dfdbca769012028a755310ef94a68a3d0a451cb506c16b6bc4cdafb3a7edd,true,true,true,true,true,true,true,true,false,7.65625,0.01003976442236513,569.4913632546089,33232.18876071944,33232.69388969924,0.017136479069219474,false,0.421875,0.06830960512161255,true,8275a7c07f369c9af38875746187c5673e757b3fd9fcec526ac36dc2ec1a97e2,8275a7c07f369c9af38875746187c5673e757b3fd9fcec526ac36dc2ec1a97e2,e03057ae7ccd5dc3b1b4a18b0f5ea3200ce3d514d9810877dd05a092d1540ba4,e03057ae7ccd5dc3b1b4a18b0f5ea3200ce3d514d9810877dd05a092d1540ba4,false,247,false,false,true,true,true,true
r0198,e4a6f2133468f4ffad6d6b81d0028c90d533b031f0172171663ba85727e32500,bf16,2032,9f7cd1dfd1b6cc3f181cf503fe17db4996389e8a64a7cdad2593695de10d88b3,true,true,true,true,true,true,true,true,false,3.75,0.009102139497307671,407.25280869602864,29958.362205349713,29958.501093621482,0.0135938980199092,false,0.4296875,0.06595392525196075,true,821c0a37e21649edaef75665d503403f924196ff9e9dd1db9497e8774ac0823a,821c0a37e21649edaef75665d503403f924196ff9e9dd1db9497e8774ac0823a,5601514390d731a477b937c1092f221e1cd4d249c1c2a350812c253e9172fb9a,5601514390d731a477b937c1092f221e1cd4d249c1c2a350812c253e9172fb9a,false,232,false,false,true,true,true,true
r0199,4c029c140860e466318795839322e01a2d26e5ef826698c763a9ad2e81b4a6b4,bf16,2409,d93f3cbc17ffa1530828ed106470431a4d1458f2110ea86ee1421072cd6ffaca,true,true,true,true,true,true,true,true,false,15.6875,0.008361654029197974,614.8741343695709,32525.037897844555,32527.335041232825,0.01890330497687973,false,0.5,0.0747111588716507,true,519403322d646acb9a81767232a61424264e3b56346e451f02dd6570d44dae93,519403322d646acb9a81767232a61424264e3b56346e451f02dd6570d44dae93,48e6cb847a331122c2389cfc6b1a7d1a20ec4097308867a62a87911911bdd520,48e6cb847a331122c2389cfc6b1a7d1a20ec4097308867a62a87911911bdd520,false,65,false,false,true,false,false,true
r0000,71d7b14df13302d13184d0c08ecfa6d170e5108f06e9c912614b04dfcd2798fa,fp32,2260,789182f0b36136507d7ffd765c503ab103b6e5d416686149e99e32c6066a29b7,true,true,true,true,true,true,true,true,false,0.020070098340511322,2.723521211889235e-06,0.6594268102499911,32068.874963334867,32068.875897494236,2.0562828967182994e-05,false,0.00013208389282226562,2.479895920259878e-05,true,f98a9662de7a68fdfa2128f4db924ec92731590a2e291f8f20a82f16667d55ff,f98a9662de7a68fdfa2128f4db924ec92731590a2e291f8f20a82f16667d55ff,f98a9662de7a68fdfa2128f4db924ec92731590a2e291f8f20a82f16667d55ff,f98a9662de7a68fdfa2128f4db924ec92731590a2e291f8f20a82f16667d55ff,true,,true,true,true,false,false,true
r0001,e844a455505a30efcc8d775ac82392a532a4411b53211cb5347f8a7d6406bd38,fp32,1893,00e6fcd533bf2f5e6a5cfc1c5b75e8a6e8aabf8a8e944da7e62321b56dd823f9,true,true,true,true,true,true,true,true,false,0.0011434555053710938,2.2339357927577317e-06,0.09155863818783581,28752.57205805781,28752.572347049685,3.1843633704387735e-06,false,0.00010442733764648438,1.608548882359173e-05,true,8646ba723a0e63416ee5ed10a109027b0fdbd83ec5500dbf97c89eccd490aaab,8646ba723a0e63416ee5ed10a109027b0fdbd83ec5500dbf97c89eccd490aaab,8646ba723a0e63416ee5ed10a109027b0fdbd83ec5500dbf97c89eccd490aaab,8646ba723a0e63416ee5ed10a109027b0fdbd83ec5500dbf97c89eccd490aaab,true,,true,true,true,false,false,true
r0002,41d2485a00b1174c09b77b2adf67802314e45355b3bb1c37ae6191ce1218a28d,fp32,1868,40cee7b5feb09a16b27f7941716068daaf3f8064fa762cb0ec9a8b0700ca56cb,true,true,true,true,true,true,true,true,false,0.0002701282501220703,2.227090605636898e-06,0.06990646011599827,28423.06484376196,28423.06528868192,2.459497573748144e-06,false,0.00011301040649414062,1.5592553609167226e-05,true,2d97cd2535b0e8d1cc99e829f0363a57fbeed21c4ae4dc856dd44c82506effe3,2d97cd2535b0e8d1cc99e829f0363a57fbeed21c4ae4dc856dd44c82506effe3,2d97cd2535b0e8d1cc99e829f0363a57fbeed21c4ae4dc856dd44c82506effe3,2d97cd2535b0e8d1cc99e829f0363a57fbeed21c4ae4dc856dd44c82506effe3,true,,true,true,true,true,true,true
r0003,d1d0f8f713f9f6fc65fe8d8b82a37bf239f3e7e92e712b955a4600d351328f6e,fp32,2395,02c4e97781ca8f9c9171761b1063c27b36dda676b25a89274880b3d1e99bec9a,true,true,true,true,true,true,true,true,false,0.0013194084167480469,2.335730835375157e-06,0.11949081259017551,32453.94888712196,32453.948995735576,3.6818574098910586e-06,false,0.00012111663818359375,1.7318099708063528e-05,true,42bf07510f4580ce89499e659d659a5a3073722ac8ebf61b0fba59e916eca064,42bf07510f4580ce89499e659d659a5a3073722ac8ebf61b0fba59e916eca064,42bf07510f4580ce89499e659d659a5a3073722ac8ebf61b0fba59e916eca064,42bf07510f4580ce89499e659d659a5a3073722ac8ebf61b0fba59e916eca064,true,,true,true,true,true,true,true
r0004,10c2a67e19816e08d36d19a2eebbef4ec54a00d9cf2b9796af3c21a29a8c9bc8,fp32,2221,b3a52d3599f98343e578d4f138a33b2e6a00bb768e48c8deaeff3712fa8bfcf6,true,true,true,true,true,true,true,true,false,0.0017919540405273438,2.89268603189304e-06,0.1457832912557122,31499.140273709363,31499.140167793754,4.62816730834364e-06,false,0.00012683868408203125,1.687167059571948e-05,true,a753a640d643c0188df2698e1cd2efba28af01bb34a100ea4b464b310d2a34ee,a753a640d643c0188df2698e1cd2efba28af01bb34a100ea4b464b310d2a34ee,a753a640d643c0188df2698e1cd2efba28af01bb34a100ea4b464b310d2a34ee,a753a640d643c0188df2698e1cd2efba28af01bb34a100ea4b464b310d2a34ee,true,,true,true,true,true,true,true
r0005,24c92be42a2c925943255808a1cfdcc3e47721cf7191d5c6e4a38ee7d628ac6a,fp32,2097,102e4f039b0b0d2dfda1176359ddbccd7d50801f4c9e504ed35253c77c39d1b7,true,true,true,true,true,true,true,true,false,0.0021181106567382812,2.7672674579963066e-06,0.14107035824024383,30397.329656499165,30397.329714611395,4.640879957703459e-06,false,0.00010514259338378906,1.7316600860795006e-05,true,4e6fbc4061a973dd021671dd595aabfbab4bfffd717e2c849e18201eaf9d8762,4e6fbc4061a973dd021671dd595aabfbab4bfffd717e2c849e18201eaf9d8762,4e6fbc4061a973dd021671dd595aabfbab4bfffd717e2c849e18201eaf9d8762,4e6fbc4061a973dd021671dd595aabfbab4bfffd717e2c849e18201eaf9d8762,true,,true,true,true,true,true,true
r0006,5033ae579535edae858bdfb9d5d3fd17cbabfcc116ef7c6b72fa3f5373c7facc,fp32,1490,f9433e6f28fd432d4bbcb81843d478538d3924f71b79ee4be6f4c602f302d997,true,true,true,true,true,true,true,true,false,0.0021066665649414062,2.4873181267981437e-06,0.10496255439457026,25925.974016494198,25925.973880098645,4.0485481597641315e-06,false,0.00013494491577148438,1.526575579191558e-05,true,9ddc5101e725ff891bb40146667370910a9881f6acc60ba25e5189f4374d12c3,9ddc5101e725ff891bb40146667370910a9881f6acc60ba25e5189f4374d12c3,9ddc5101e725ff891bb40146667370910a9881f6acc60ba25e5189f4374d12c3,9ddc5101e725ff891bb40146667370910a9881f6acc60ba25e5189f4374d12c3,true,,true,true,true,false,false,true
r0007,4de041d964e0d5dd2adeca8b684ca6d29450a15074f40a140624199865c2740f,fp32,1717,9f9e36b28620d064400f54e50409b1d134c0cf4af63cbcb1a956288e1acc85e5,true,true,true,true,true,true,true,true,false,0.008225679397583008,4.351147830187567e-06,0.36942209024551187,26934.400495202066,26934.400208921714,1.3715623271857063e-05,false,0.00010585784912109375,1.7896731151267886e-05,true,9324994b70d56b11cc1f300c89a98ec2efe4b3e7ff583fc14ee472e56a79e17c,9324994b70d56b11cc1f300c89a98ec2efe4b3e7ff583fc14ee472e56a79e17c,9324994b70d56b11cc1f300c89a98ec2efe4b3e7ff583fc14ee472e56a79e17c,9324994b70d56b11cc1f300c89a98ec2efe4b3e7ff583fc14ee472e56a79e17c,true,,true,true,true,false,false,true
r0008,427ec8621e1c8b3d0111ade05feb47da88be5546c7efc2779ae57dd3f1bfd430,fp32,2075,21c2e4002662c0bb2cc0b6a68b242dc7975d9749a8eec6fc7b247d8c10f28511,true,true,true,true,true,true,true,true,false,0.002537667751312256,2.5090159522974296e-06,0.12506829930203084,30254.93231817991,30254.932204941688,4.133815206946553e-06,false,0.00010204315185546875,1.5008153241069522e-05,true,f04b34c738b1701e523d9b97fa2c5263ebe5fb1ea5d8c4326dac2051529f09a2,f04b34c738b1701e523d9b97fa2c5263ebe5fb1ea5d8c4326dac2051529f09a2,f04b34c738b1701e523d9b97fa2c5263ebe5fb1ea5d8c4326dac2051529f09a2,f04b34c738b1701e523d9b97fa2c5263ebe5fb1ea5d8c4326dac2051529f09a2,true,,true,true,true,false,false,true
r0009,648615703476b9c081f50fbdc9d5983786a15a210e468bd79cee9f67c047bde5,fp32,2040,85bb3a36eecf8917155298532a0054160aaa4095f80c0d5e09eb58e0c7b732e8,true,true,true,true,true,true,true,true,false,0.003706693649291992,2.887617917224361e-06,0.16785747259420863,29988.176801847578,29988.176999552255,5.5974550435898406e-06,false,0.00010037422180175781,1.5020847968116868e-05,true,5ae5a0babd946074b14ef22ae5696c209c0579d5fb2352430fd3b939b74b0265,5ae5a0babd946074b14ef22ae5696c209c0579d5fb2352430fd3b939b74b0265,5ae5a0babd946074b14ef22ae5696c209c0579d5fb2352430fd3b939b74b0265,5ae5a0babd946074b14ef22ae5696c209c0579d5fb2352430fd3b939b74b0265,true,,true,true,true,true,true,true
r0010,4b1eeca89b1e0a9745395701d111d8a0b6b2506945ee187856dc2f5b57b39d42,fp32,1962,c5c7aa1e8889595c87600d35f514cd62a3c3080b5409ae8e34646293431dc17f,true,true,true,true,true,true,true,true,false,0.0003597736358642578,2.1114977083828515e-06,0.06769509387104888,28858.300362218968,28858.300259222277,2.34577549687142e-06,false,0.00010013580322265625,1.5145391444093548e-05,true,247f48a247abb768512b8b11c421732e73066ad9b1108333e06436d024d61384,247f48a247abb768512b8b11c421732e73066ad9b1108333e06436d024d61384,247f48a247abb768512b8b11c421732e73066ad9b1108333e06436d024d61384,247f48a247abb768512b8b11c421732e73066ad9b1108333e06436d024d61384,true,,true,true,true,true,true,true
r0011,210be2c95ea182b16bf8b1b0a6bbb254aaafa7b99b0aadc80391bdd5a095f082,fp32,2421,418e9f9303ab95c24fdf8e0b8be41601a09a2d94ad9c087e2cfbbf6f8fe870c7,true,true,true,true,true,true,true,true,false,0.0035853683948516846,2.232180619824812e-06,0.15259822229694633,32710.88235746419,32710.88231854599,4.665059799651826e-06,false,0.00010395050048828125,1.6187190340133384e-05,true,f5f07ebf4867534446f613e90d075de5ba18b250e176724f4b56de357a28e5de,f5f07ebf4867534446f613e90d075de5ba18b250e176724f4b56de357a28e5de,f5f07ebf4867534446f613e90d075de5ba18b250e176724f4b56de357a28e5de,f5f07ebf4867534446f613e90d075de5ba18b250e176724f4b56de357a28e5de,true,,true,true,true,false,false,true
r0012,ce5ec66ad39891933768b35ff33fdd9cefc01a8794c2fca6293c95ccbc538ad7,fp32,2480,e11d0fdff22204ec0aaaaeb986c0a9ad73cb768f04f9d8a896e1648ac5380db5,true,true,true,true,true,true,true,true,false,0.008570194244384766,3.739515299675903e-06,0.357255041087969,33817.97082598683,33817.970903899375,1.0564059035451348e-05,false,0.00011491775512695312,1.726185109873768e-05,true,8786e5a83997f3d31bb49208aa7aba85b0d78a2d7f0c639475d8afb7d38b76f3,8786e5a83997f3d31bb49208aa7aba85b0d78a2d7f0c639475d8afb7d38b76f3,8786e5a83997f3d31bb49208aa7aba85b0d78a2d7f0c639475d8afb7d38b76f3,8786e5a83997f3d31bb49208aa7aba85b0d78a2d7f0c639475d8afb7d38b76f3,true,,true,true,true,true,true,true
r0013,9f216cb19adb9b5c9d271eddc4d877ebc6830d81183593d092bd48169cb099dd,fp32,2148,26469dcdc7b5e7650021b1f7e1378fa6c41184395139e58195805e5bb926e9a0,true,true,true,true,true,true,true,true,false,0.004995822906494141,2.689631517875194e-06,0.14318032278078527,30965.593891174984,30965.59397860187,4.623851971957232e-06,false,0.00010442733764648438,1.5590330804116093e-05,true,7e2ddac95a3b52959eb1596b328efd09218a9ca867b9b9405ac70c0ffccceb2d,7e2ddac95a3b52959eb1596b328efd09218a9ca867b9b9405ac70c0ffccceb2d,7e2ddac95a3b52959eb1596b328efd09218a9ca867b9b9405ac70c0ffccceb2d,7e2ddac95a3b52959eb1596b328efd09218a9ca867b9b9405ac70c0ffccceb2d,true,,true,true,true,false,false,true
r0014,90ad11641105a9a8c2c58f62c031320039ccb867ceec2f7e685ba1892ae4a6dc,fp32,2475,227075e0847986fa74bb9c377c1842cea9ed14e25bb9020b5465922a712f8adb,true,true,true,true,true,true,true,true,false,0.005650520324707031,2.604200953474726e-06,0.20744850761816194,33266.25978074362,33266.259858404286,6.2360033409572725e-06,false,8.654594421386719e-05,1.5094116861291695e-05,true,3e4c6740867efb1171925114c3b47c8df37282d23cc7e77a08eea207855eeffd,3e4c6740867efb1171925114c3b47c8df37282d23cc7e77a08eea207855eeffd,3e4c6740867efb1171925114c3b47c8df37282d23cc7e77a08eea207855eeffd,3e4c6740867efb1171925114c3b47c8df37282d23cc7e77a08eea207855eeffd,true,,true,true,true,false,false,true
r0015,0eb3d94c9fb74d6fdc0fb762b9a32a9d307dc2df8404cfc2ac85b3b9438cf0ee,fp32,2051,efc06e2266042ee9986e59bdf64c785b12d2fac740e4b801e12753d6bc12a452,true,true,true,true,true,true,true,true,false,0.0039234161376953125,2.499680398967049e-06,0.1260708008218697,29699.457641272442,29699.457464287025,4.244885625341282e-06,false,0.00012350082397460938,1.8721266314969398e-05,true,29b4afca57772235a93f4865799a35e6f7b6efad340f5874a533ec071fc62d40,29b4afca57772235a93f4865799a35e6f7b6efad340f5874a533ec071fc62d40,29b4afca57772235a93f4865799a35e6f7b6efad340f5874a533ec071fc62d40,29b4afca57772235a93f4865799a35e6f7b6efad340f5874a533ec071fc62d40,true,,true,true,true,true,true,true
r0016,0d14b5cb9a935e7b469f2fe7d77d19b0c0b141ffe87fc4ae67960a9705747106,fp32,2231,6a39d60b9871c57b7a5c40c6e8afcc65894db6433be61b5ab7184377fcb9562c,true,true,true,true,true,true,true,true,false,0.006070375442504883,3.954351461018153e-06,0.3405433626059938,31455.18595751723,31455.18697171989,1.082630228560278e-05,false,0.00010597705841064453,1.7146276150015183e-05,true,e01291f9a9685e0cd5a58815ce72b7e1d4589c6454292873ee1867322678edc5,e01291f9a9685e0cd5a58815ce72b7e1d4589c6454292873ee1867322678edc5,e01291f9a9685e0cd5a58815ce72b7e1d4589c6454292873ee1867322678edc5,e01291f9a9685e0cd5a58815ce72b7e1d4589c6454292873ee1867322678edc5,true,,true,true,true,true,true,true
r0017,7dd7855908bf11cbdf5b93b37d80c5ebeefa29295c156b4966caa7d882311927,fp32,2227,ddcc5118739f9d743bc116201e8512224f96ec878fd3ffff4689bb9ca1d82110,true,true,true,true,true,true,true,true,false,0.003512859344482422,3.1572755965954733e-06,0.1793921440232312,31570.72890156587,31570.729086872667,5.6822300026584984e-06,false,0.00010609626770019531,1.5959283700794913e-05,true,2812188d38125443289f2101ee554eb69ab2f1f45e9f43f891d843039d980196,2812188d38125443289f2101ee554eb69ab2f1f45e9f43f891d843039d980196,2812188d38125443289f2101ee554eb69ab2f1f45e9f43f891d843039d980196,2812188d38125443289f2101ee554eb69ab2f1f45e9f43f891d843039d980196,true,,true,true,true,false,false,true
r0018,1efce69eb4b6ce3e6118a3bd61ee552c0291edada32868ff45f7bf749893eff2,fp32,1627,391fc5ad8fcea506e396b684277215b1988ea19ef2bb11c25de99b7978c3ae06,true,true,true,true,true,true,true,true,false,0.004773702472448349,7.517835609741989e-06,0.5307569180891228,27174.106701969107,27174.10783607156,1.9531714575173043e-05,false,0.00013709068298339844,2.0779176338692196e-05,true,2cd926c7051d9bcf6dc9fd0f68c7fb18b7e3039d1d374a13ac2f4675bd2c10e0,2cd926c7051d9bcf6dc9fd0f68c7fb18b7e3039d1d374a13ac2f4675bd2c10e0,2cd926c7051d9bcf6dc9fd0f68c7fb18b7e3039d1d374a13ac2f4675bd2c10e0,2cd926c7051d9bcf6dc9fd0f68c7fb18b7e3039d1d374a13ac2f4675bd2c10e0,true,,true,true,true,false,false,true
r0019,b77b7a18374525595a97ca4ca1edb93b2340b02bee6dc5ce1f01fda1a0ba70fe,fp32,1680,dd74c370c6dea9238b454a7773b520e640bed66f58fbbae36fe6eeeca0340c43,true,true,true,true,true,true,true,true,false,0.0007147789001464844,2.184384827981963e-06,0.07290835633464332,26887.274286291446,26887.274056562423,2.7116306234066968e-06,false,0.00010919570922851562,1.5801586414454505e-05,true,61c9fcf95f88aa0c3df9853987e9682a0445430ba09e2b38804474706d316f81,61c9fcf95f88aa0c3df9853987e9682a0445430ba09e2b38804474706d316f81,61c9fcf95f88aa0c3df9853987e9682a0445430ba09e2b38804474706d316f81,61c9fcf95f88aa0c3df9853987e9682a0445430ba09e2b38804474706d316f81,true,,true,true,true,true,true,true
r0020,205cf44e55bc1ffd1a70bfe824acfa7d6b79976d5d5ea0695fa1b020076a9536,fp32,2185,266cebe4d91280087e6f5e43eed58303c3818595bb09720f33c496e2b03e00fc,true,true,true,true,true,true,true,true,false,0.005259513854980469,2.834271125980633e-06,0.18066583598980002,31129.335226759427,31129.33580519011,5.80371637610328e-06,false,0.0001277923583984375,2.1411142370197922e-05,true,ac3f55f9b8e7b4918bac830957780afb9429a2317003c8302f0f31c4ddf662b2,ac3f55f9b8e7b4918bac830957780afb9429a2317003c8302f0f31c4ddf662b2,ac3f55f9b8e7b4918bac830957780afb9429a2317003c8302f0f31c4ddf662b2,ac3f55f9b8e7b4918bac830957780afb9429a2317003c8302f0f31c4ddf662b2,true,,true,true,true,false,false,true
r0021,596def06c60649d69d723a5821a661f6e8088c83094d6ed0541910339919fde3,fp32,1779,f311c245b6de41198b1174e4a30c021f49d8bb361125b11fb70464915e8b36cd,true,true,true,true,true,true,true,true,false,0.0019673705101013184,2.6215862718448335e-06,0.12038697235669467,27816.70867538721,27816.70856409743,4.327865448122391e-06,false,9.965896606445312e-05,1.7310228940914385e-05,true,37a7cfd67ecbb7bc78750c277a56745b3f3a0aab4e6c37e9c18bb54c0d9347b9,37a7cfd67ecbb7bc78750c277a56745b3f3a0aab4e6c37e9c18bb54c0d9347b9,37a7cfd67ecbb7bc78750c277a56745b3f3a0aab4e6c37e9c18bb54c0d9347b9,37a7cfd67ecbb7bc78750c277a56745b3f3a0aab4e6c37e9c18bb54c0d9347b9,true,,true,true,true,false,false,true
r0022,099ca742f2c463f0e479c3c6e0feb8213506e57a8a8e242c32886ec39efa4566,fp32,1374,f4b79db9cc1541d005fbcc00022388ab7b16cb0706160893b2fd6bf1c87fb3ef,true,true,true,true,true,true,true,true,false,0.0004489421844482422,2.2060322604951685e-06,0.06545966827700402,24174.351437112167,24174.351537511313,2.7078148580502905e-06,false,0.00010323524475097656,1.5321596947615035e-05,true,51a02a3e7d6c72226ffec9308986dc3be6ce0e62cf55f4622cf9ebcd04aa76ba,51a02a3e7d6c72226ffec9308986dc3be6ce0e62cf55f4622cf9ebcd04aa76ba,51a02a3e7d6c72226ffec9308986dc3be6ce0e62cf55f4622cf9ebcd04aa76ba,51a02a3e7d6c72226ffec9308986dc3be6ce0e62cf55f4622cf9ebcd04aa76ba,true,,true,true,true,true,true,true
r0023,3cc6c6901a770b4ff17ae478499b6a9668874ab27a3517283163bf2db7c77a68,fp32,2044,493f641904244b8882732d1e3ff2267967c2828d08f864fed2a7f10817507894,true,true,true,true,true,true,true,true,false,0.0005559921264648438,2.0944677932751197e-06,0.0737577753602155,29652.096032368998,29652.095924308574,2.4874388400637714e-06,false,0.00010702013969421387,1.6798212527646683e-05,true,079e340d9f0b1d8deecf70e0433535bfaf8d3761d9b7b75bd33ce61c360fa701,079e340d9f0b1d8deecf70e0433535bfaf8d3761d9b7b75bd33ce61c360fa701,079e340d9f0b1d8deecf70e0433535bfaf8d3761d9b7b75bd33ce61c360fa701,079e340d9f0b1d8deecf70e0433535bfaf8d3761d9b7b75bd33ce61c360fa701,true,,true,true,true,true,true,true
r0024,86e6c5744eb8a868bad627af11941ed4962e0d70b106c678bf58adb5358fdcbb,fp32,2245,c1807cfe4d5a776e788b1862772a335d1ffecddc1d92433ad69d2509cf1d16e5,true,true,true,true,true,true,true,true,false,0.017744898796081543,3.371919725140652e-06,0.5294287911935055,31454.60031719998,31454.600760097375,1.6831521570768985e-05,false,0.0001049041748046875,1.7047808796633035e-05,true,29a20c896a891d06a057b77c1538d023f2d774ad51a2909d59efa24895f7ea59,29a20c896a891d06a057b77c1538d023f2d774ad51a2909d59efa24895f7ea59,29a20c896a891d06a057b77c1538d023f2d774ad51a2909d59efa24895f7ea59,29a20c896a891d06a057b77c1538d023f2d774ad51a2909d59efa24895f7ea59,true,,true,true,true,true,true,true
r0025,fa7617d5f55ab8c8fc2b4c95bd0db8a01a70fa168fc2c7a93269718db61d1aab,fp32,2542,a8aab782efb82403d72f123d3401123e93339b0b06426be17ed75ad3e70a9185,true,true,true,true,true,true,true,true,false,0.0012021064758300781,2.567651364933828e-06,0.12721839204688135,33360.87856235208,33360.87865754558,3.8134005207955464e-06,false,0.00011539459228515625,1.6060210327850655e-05,true,5a89827d6848b5c6a9d0b87caa41ab726b513ff495cf4bf2b66783362d69cb7c,5a89827d6848b5c6a9d0b87caa41ab726b513ff495cf4bf2b66783362d69cb7c,5a89827d6848b5c6a9d0b87caa41ab726b513ff495cf4bf2b66783362d69cb7c,5a89827d6848b5c6a9d0b87caa41ab726b513ff495cf4bf2b66783362d69cb7c,true,,true,true,true,false,false,true
r0026,af47fc961f5bfb74c6fb9583783ffd8026c2ef37754f9b70d4ca3b6b245f53b0,fp32,2062,ae1ac5790ed33d231af100a1a75f1077e8459305ae2448194937bf054120418c,true,true,true,true,true,true,true,true,false,0.0007791519165039062,2.4231629061066684e-06,0.09310498973257884,29812.316964941074,29812.31696395149,3.123037697541898e-06,false,9.965896606445312e-05,1.4754454241483472e-05,true,8b0267280c811f1feb86c15dc9307da4787ea2fa44bba67377c1af090c00a2c0,8b0267280c811f1feb86c15dc9307da4787ea2fa44bba67377c1af090c00a2c0,8b0267280c811f1feb86c15dc9307da4787ea2fa44bba67377c1af090c00a2c0,8b0267280c811f1feb86c15dc9307da4787ea2fa44bba67377c1af090c00a2c0,true,,true,true,true,true,true,true
r0027,5793a5d060591f39b1c9968ba7677ec7921225620a8b57584331c5b28de94d4b,fp32,2127,faf6f7e273a7ec5d0ec016b6190888739ef0589d70870290847aea732179c4e1,true,true,true,true,true,true,true,true,false,0.0017472505569458008,2.791786032352306e-06,0.13842237864039306,30783.331879233774,30783.33196836943,4.49666653312985e-06,false,0.00010222196578979492,1.655251980992034e-05,true,7a93acab8658024ea78d5ca3bb11147730966da077ac03e4881c39cef4a40fb5,7a93acab8658024ea78d5ca3bb11147730966da077ac03e4881c39cef4a40fb5,7a93acab8658024ea78d5ca3bb11147730966da077ac03e4881c39cef4a40fb5,7a93acab8658024ea78d5ca3bb11147730966da077ac03e4881c39cef4a40fb5,true,,true,true,true,false,false,true
r0028,d59113e7ed0face6ceab48f869c94b7e4bcbf48536a8c7b077f4c6282bd605b3,fp32,2199,2f873b7f289c9467b2f9f66699eb46b10a0afaeedc04db2be02ac64bbcf47eec,true,true,true,true,true,true,true,true,false,0.008175253868103027,2.5488463552362597e-06,0.23995937472574255,31189.57578339605,31189.575961000988,7.693576053287303e-06,false,0.00014019012451171875,1.6396623323089443e-05,true,5dc966ff31d514b027b68e7b2acff97527bdf8a793b703ddd03c82232a98fb03,5dc966ff31d514b027b68e7b2acff97527bdf8a793b703ddd03c82232a98fb03,5dc966ff31d514b027b68e7b2acff97527bdf8a793b703ddd03c82232a98fb03,5dc966ff31d514b027b68e7b2acff97527bdf8a793b703ddd03c82232a98fb03,true,,true,true,true,true,true,true
r0029,e37f587d8c440a5fe609a617a6b2ed9435ef1d7fcfb65a90dfb5556b69d61a27,fp32,2462,1d4920de8663b46c4c26d8e81a002f486d487eaf9438bad3fd33404badd74028,true,true,true,true,true,true,true,true,false,0.0057113319635391235,3.6283177268596014e-06,0.2781510409891699,33644.83172009393,33644.832322765425,8.267273806591745e-06,false,9.632110595703125e-05,1.5797646483406425e-05,true,9dcbf0c4b716530b002999e0996a5c6ba8f725738812d6a0e6df1a427117692e,9dcbf0c4b716530b002999e0996a5c6ba8f725738812d6a0e6df1a427117692e,9dcbf0c4b716530b002999e0996a5c6ba8f725738812d6a0e6df1a427117692e,9dcbf0c4b716530b002999e0996a5c6ba8f725738812d6a0e6df1a427117692e,true,,true,true,true,false,false,true
r0030,9816174cb7d8987eca2d3058cbfcb6901f91618063a9378762c21e5a25dc80dd,fp32,2307,ee4532fd527d9ec08b5430190dd6385ae890650a0a7cfe7be710f0609587185a,true,true,true,true,true,true,true,true,false,0.004462480545043945,2.988769208567277e-06,0.23621368896394948,32148.548393328583,32148.548531792418,7.347569322775256e-06,false,0.00011086463928222656,1.600583163963165e-05,true,501569b7537ea955e97e38e74fc4297d49f0806fc3d29813db92ba03b5af2e0d,501569b7537ea955e97e38e74fc4297d49f0806fc3d29813db92ba03b5af2e0d,501569b7537ea955e97e38e74fc4297d49f0806fc3d29813db92ba03b5af2e0d,501569b7537ea955e97e38e74fc4297d49f0806fc3d29813db92ba03b5af2e0d,true,,true,true,true,true,true,true
r0031,7946c4b83fbcd43b34d4a63b2b8c28d0f6cec78d81583d5ba53179468c848b26,fp32,2183,04a709be9d207119ff02cdda060d4fadbab4b8d2cfcb9ed356eb045f8c3b7f37,true,true,true,true,true,true,true,true,false,0.001485586166381836,2.3568306281399978e-06,0.11918741811784038,31056.568320674283,31056.567789667493,3.837752352003991e-06,false,0.000102996826171875,1.650707417866215e-05,true,e93bc2a6a511509255ee4cec69d966b811e07d9e1c3f443220f8952cd3b3e6f3,e93bc2a6a511509255ee4cec69d966b811e07d9e1c3f443220f8952cd3b3e6f3,e93bc2a6a511509255ee4cec69d966b811e07d9e1c3f443220f8952cd3b3e6f3,e93bc2a6a511509255ee4cec69d966b811e07d9e1c3f443220f8952cd3b3e6f3,true,,true,true,true,true,true,true
r0032,622c94fe8defa42ae753986c0e57d83cd0808f978a9577d7c7e76fb9da014a7e,fp32,1623,432306c3600d0ebe007b84ecc450f02faaef91345297b5031b780833d374d6a6,true,true,true,true,true,true,true,true,false,0.00041413307189941406,1.9079946312524263e-06,0.05923947664829529,26411.173653438298,26411.173460832335,2.242970245306887e-06,false,0.00010204315185546875,1.5752961189718917e-05,true,ebf633a976f89434b34edc6f0bd1659c3672c7c6f8ae5cc2bac4114f832659a1,ebf633a976f89434b34edc6f0bd1659c3672c7c6f8ae5cc2bac4114f832659a1,ebf633a976f89434b34edc6f0bd1659c3672c7c6f8ae5cc2bac4114f832659a1,ebf633a976f89434b34edc6f0bd1659c3672c7c6f8ae5cc2bac4114f832659a1,true,,true,true,true,true,true,true
r0033,d3142b14a77e7b7c2a9dba0f146696dddfd5ab26f3517c2a2fe7bcb44d5d3d4b,fp32,2167,2973279accc0436a8ebf498cb418d9daed363ffb074f304d8caa662d43ab4b89,true,true,true,true,true,true,true,true,false,0.0015442371368408203,2.6356808935368292e-06,0.1310752479654401,30806.138550737567,30806.138728840906,4.2548418391275565e-06,false,0.000102996826171875,1.5983750927262008e-05,true,deec8fc3fb39b1abf243921ceac9c65ed7dcd3ba6d44fe2344df32b0cebd6ed8,deec8fc3fb39b1abf243921ceac9c65ed7dcd3ba6d44fe2344df32b0cebd6ed8,deec8fc3fb39b1abf243921ceac9c65ed7dcd3ba6d44fe2344df32b0cebd6ed8,deec8fc3fb39b1abf243921ceac9c65ed7dcd3ba6d44fe2344df32b0cebd6ed8,true,,true,true,true,false,false,true
r0034,a0015af1fc39274f35246139020bc2bebb7afc0b1d771c821ba9259ad3ac5577,fp32,2423,24561cc64f35c5eab245f225622dbdf4451b23cd65623c79e88ecc794c1dec39,true,true,true,true,true,true,true,true,false,0.006291747093200684,2.8176514760650897e-06,0.1926974424921918,33021.023348118964,33021.02299919252,5.835598747522426e-06,false,0.00010347366333007812,1.589613748365082e-05,true,58cd77efd0febce0782980b3e404d89475a852c439c664fd465e3be729e07f3e,58cd77efd0febce0782980b3e404d89475a852c439c664fd465e3be729e07f3e,58cd77efd0febce0782980b3e404d89475a852c439c664fd465e3be729e07f3e,58cd77efd0febce0782980b3e404d89475a852c439c664fd465e3be729e07f3e,true,,true,true,true,true,true,true
r0035,8a29e21e0b8998012b886c9719fe571610737476d19afcc7585681baef662a88,fp32,2399,4e6ce3bed765cf33376e2ecc6f084a60b981ab28f0c279cd98aa3cf510466245,true,true,true,true,true,true,true,true,false,0.00147247314453125,2.645401926626434e-06,0.13744884953809783,32473.07378760242,32473.074041581134,4.2327021261398685e-06,false,9.72747802734375e-05,1.6244757716776803e-05,true,ee0dea299fb94286396e41cfb7182dbe537dc4dec4607b80dfd5e7918ea672a9,ee0dea299fb94286396e41cfb7182dbe537dc4dec4607b80dfd5e7918ea672a9,ee0dea299fb94286396e41cfb7182dbe537dc4dec4607b80dfd5e7918ea672a9,ee0dea299fb94286396e41cfb7182dbe537dc4dec4607b80dfd5e7918ea672a9,true,,true,true,true,false,false,true
r0036,3b5c2b0b3eb7fc5fbd250dc4bef1666d89499fe92d3765404ddacbcb206ff11e,fp32,1811,a458d0573acec8a0fb3b054b0a28fac500bb24fb7a32ee23b2e435a8b208a5f5,true,true,true,true,true,true,true,true,false,0.0010805130004882812,2.2841394816304947e-06,0.08955277764928671,28086.308260080426,28086.308091614883,3.188485180039474e-06,false,9.906291961669922e-05,1.4610740436182823e-05,true,9bd3382fc7151bdf62a7943ae113bb45af9240953843354344362e541c691d80,9bd3382fc7151bdf62a7943ae113bb45af9240953843354344362e541c691d80,9bd3382fc7151bdf62a7943ae113bb45af9240953843354344362e541c691d80,9bd3382fc7151bdf62a7943ae113bb45af9240953843354344362e541c691d80,true,,true,true,true,false,false,true
r0037,394946839cf85f1c9d4ac98411ceb1fc0f21208a5ab88da5f6e253e762f8c2be,fp32,1621,20fd819c12eefcbdf7f32852f8fc75bedfc35108dad09139b43cdec66fd7d739,true,true,true,true,true,true,true,true,false,0.003946185111999512,2.409954598584877e-06,0.1965578602471977,26344.77661404465,26344.77641489904,7.460980334994028e-06,false,0.00011050701141357422,1.695833088888321e-05,true,3feaff873e6918a742c9450a6ce1b7384323d1708c819a4b06929cc88afacfec,3feaff873e6918a742c9450a6ce1b7384323d1708c819a4b06929cc88afacfec,3feaff873e6918a742c9450a6ce1b7384323d1708c819a4b06929cc88afacfec,3feaff873e6918a742c9450a6ce1b7384323d1708c819a4b06929cc88afacfec,true,,true,true,true,false,false,true
r0038,da8a28a00f777ce335f101644c5847856fe00ad860718c0b0901ea13b3170413,fp32,2114,024a1881e37a8548455f6f97918ccbe7b69aefdb0e49a32eb765cf3741185bb0,true,true,true,true,true,true,true,true,false,0.00080108642578125,1.4345545334600491e-06,0.07054609603238886,30317.106993436275,30317.106930691996,2.326940233699154e-06,false,0.0001049041748046875,1.615855398995336e-05,true,ec244467226fdfe211bdb18a155b9da45561ee37200a8536a631b45175ad0cd9,ec244467226fdfe211bdb18a155b9da45561ee37200a8536a631b45175ad0cd9,ec244467226fdfe211bdb18a155b9da45561ee37200a8536a631b45175ad0cd9,ec244467226fdfe211bdb18a155b9da45561ee37200a8536a631b45175ad0cd9,true,,true,true,true,false,false,true
r0039,69e965c7d12cf72c2517af1b4a87e4927bd518d9a76f8f0edef4c8e15e579275,fp32,2133,6396389e3cece7a02604a21d21e2fc642550d4013cac561560a79ab1fed1fb12,true,true,true,true,true,true,true,true,false,0.0010156631469726562,2.496498189138071e-06,0.09793058295987529,30267.320558549873,30267.320421225948,3.2355220466389118e-06,false,9.083747863769531e-05,1.5582007108605467e-05,true,4c4f5b17247dd3d6f1353c8b71aa7fcb6de4b4940e573cb2e3813e5fa49ceddb,4c4f5b17247dd3d6f1353c8b71aa7fcb6de4b4940e573cb2e3813e5fa49ceddb,4c4f5b17247dd3d6f1353c8b71aa7fcb6de4b4940e573cb2e3813e5fa49ceddb,4c4f5b17247dd3d6f1353c8b71aa7fcb6de4b4940e573cb2e3813e5fa49ceddb,true,,true,true,true,false,false,true
r0040,b3002f6cdd08fb822ef20fab1bb63a55fbfb32765776c748dcfd56c4fe5588d5,fp32,2366,acddc13a6c2708603d0c13c38a6b2481ae81499269c72bf09c47cf4852118ed8,true,true,true,true,true,true,true,true,false,0.0016946196556091309,2.8978643757948674e-06,0.17237301860106446,32185.881504522495,32185.88140957531,5.355547542696447e-06,false,9.584426879882812e-05,1.5623911167494953e-05,true,2d75fec8083022aa77f5879d980c08d68e4f4b17d4a11df1f22af25bfb453686,2d75fec8083022aa77f5879d980c08d68e4f4b17d4a11df1f22af25bfb453686,2d75fec8083022aa77f5879d980c08d68e4f4b17d4a11df1f22af25bfb453686,2d75fec8083022aa77f5879d980c08d68e4f4b17d4a11df1f22af25bfb453686,true,,true,true,true,false,false,true
r0041,d301425f489a43394bfadde3b8e5527e360cc00fcfb74bb74e647f20a1caeb7e,fp32,2513,c93aa56e06d179684cd59651e17f8fbca7224a13e2eee6387abec38a51639f46,true,true,true,true,true,true,true,true,false,0.004011631011962891,3.077558700770311e-06,0.2508046682794223,33229.9280901789,33229.92798831708,7.54755374729648e-06,false,0.0001220703125,1.889861232484691e-05,true,07aacb670da768cfd47df3d42a4e9119289c1140be38071af0b9c1775254b447,07aacb670da768cfd47df3d42a4e9119289c1140be38071af0b9c1775254b447,07aacb670da768cfd47df3d42a4e9119289c1140be38071af0b9c1775254b447,07aacb670da768cfd47df3d42a4e9119289c1140be38071af0b9c1775254b447,true,,true,true,true,false,false,true
r0042,b261a44661c28f33cb140d5dcf33c07df2a64349d82aef1823d042914664ac63,fp32,2373,567bca4c9426c702ddbc9c9047c3e7546bcce0046852383d2df3d433ecddca12,true,true,true,true,true,true,true,true,false,0.0014333724975585938,2.4440090142426505e-06,0.14386874129436025,32470.58069950871,32470.581026776632,4.430741204652911e-06,false,8.96453857421875e-05,1.4901090253260918e-05,true,aa2396ab049042756133982c9b1f1a7481b6ff259eadec5810796214e7c5355a,aa2396ab049042756133982c9b1f1a7481b6ff259eadec5810796214e7c5355a,aa2396ab049042756133982c9b1f1a7481b6ff259eadec5810796214e7c5355a,aa2396ab049042756133982c9b1f1a7481b6ff259eadec5810796214e7c5355a,true,,true,true,true,true,true,true
r0043,fed8c1a3ec273b6d33f402d96e9d3aa655813e60abaaf17685e5ba3ad23dc183,fp32,2250,af4d9e365a8572cbd294ddd5177a36e041ea83faed310be6dc45a8e0f8267e1e,true,true,true,true,true,true,true,true,false,0.0050237178802490234,2.7334931346952493e-06,0.2390926182139787,31674.655162125477,31674.655670765926,7.548388866454162e-06,false,0.00010728836059570312,1.602803240530193e-05,true,04ca304494c0bcbb975b4ef44a1d680a5f1b29331846a94a27813610eca2a863,04ca304494c0bcbb975b4ef44a1d680a5f1b29331846a94a27813610eca2a863,04ca304494c0bcbb975b4ef44a1d680a5f1b29331846a94a27813610eca2a863,04ca304494c0bcbb975b4ef44a1d680a5f1b29331846a94a27813610eca2a863,true,,true,true,true,false,false,true
r0044,63643dc32f6331740e5825a033c9a5c10082a41c49e04261fd365ce2e7b63678,fp32,2042,b6fbc1942d87f698fab21e719e8c00a968101f7792ef73841b919111db143d8f,true,true,true,true,true,true,true,true,false,0.0006606578826904297,2.473864954444238e-06,0.0902329604985085,29898.581806632355,29898.582228216128,3.017967869170503e-06,false,0.000110626220703125,1.624438118597027e-05,true,1d0182a50a538066a7fef6bf3760267f5b7b97bbe1f5af6719c1d3021aceefe7,1d0182a50a538066a7fef6bf3760267f5b7b97bbe1f5af6719c1d3021aceefe7,1d0182a50a538066a7fef6bf3760267f5b7b97bbe1f5af6719c1d3021aceefe7,1d0182a50a538066a7fef6bf3760267f5b7b97bbe1f5af6719c1d3021aceefe7,true,,true,true,true,false,false,true
r0045,2bf4c70fe9a3eb68a2891f9d8ef0a6dd6d925f9870bae40b23b2ecb55e7621ac,fp32,2067,b2d5c6e228437da9c2e259d7ece48c4de73ad82a41be0255273c8b1316bc1cc3,true,true,true,true,true,true,true,true,false,0.005736351013183594,4.781467368634533e-06,0.28238893875055493,29959.96777635161,29959.950279269986,9.42554213871531e-06,false,0.00024890899658203125,3.717591243912466e-05,true,79e330ef7dbbf6e3db01f9c8469a2778ecc4ff335331dfe85d84c422d7838faa,79e330ef7dbbf6e3db01f9c8469a2778ecc4ff335331dfe85d84c422d7838faa,79e330ef7dbbf6e3db01f9c8469a2778ecc4ff335331dfe85d84c422d7838faa,79e330ef7dbbf6e3db01f9c8469a2778ecc4ff335331dfe85d84c422d7838faa,true,,true,true,true,false,false,true
r0046,57ec46b8d1fa56c8948e3722077b95976dede816934b6bbdcf35199f4d83801b,fp32,2268,f54de6daf4bd0247172c96849e5a6feacb52f9399c649d5ecf5f3173f06f92be,true,true,true,true,true,true,true,true,false,0.0010204315185546875,2.6957499498954838e-06,0.12237403802841418,31841.709950858305,31841.70964542706,3.84319931992583e-06,false,9.441375732421875e-05,1.5481911759707145e-05,true,1d79ffa2df7881918b2c0cd5558c9473da9bcea838bb72b1eb6fcc424de76fba,1d79ffa2df7881918b2c0cd5558c9473da9bcea838bb72b1eb6fcc424de76fba,1d79ffa2df7881918b2c0cd5558c9473da9bcea838bb72b1eb6fcc424de76fba,1d79ffa2df7881918b2c0cd5558c9473da9bcea838bb72b1eb6fcc424de76fba,true,,true,true,true,false,false,true
r0047,2f1b98d2873a56367c3119e0347df8e86e3a91a6e6019550c47513c13663bade,fp32,1897,4785cfad29ec2aa255237cd1806bdc94383a699a761dad87abc033ab2f173023,true,true,true,true,true,true,true,true,false,0.0006308555603027344,2.3259026683912034e-06,0.08041038823338087,28841.769207410147,28841.768900159877,2.7879839012345157e-06,false,9.512901306152344e-05,1.5640616766177118e-05,true,253abe204b4b00759b29ccd0d8e9a9188a16a5441eabfb919c0e09207a383e53,253abe204b4b00759b29ccd0d8e9a9188a16a5441eabfb919c0e09207a383e53,253abe204b4b00759b29ccd0d8e9a9188a16a5441eabfb919c0e09207a383e53,253abe204b4b00759b29ccd0d8e9a9188a16a5441eabfb919c0e09207a383e53,true,,true,true,true,false,false,true
r0048,aab59fa752a92157003216818a57efc2ada9e3eb07345bf2de4472d73a273442,fp32,2152,8e1c36f245a182571111b12e8727ccfb645f862b77f774a98d625e7575eacef5,true,true,true,true,true,true,true,true,false,0.0011081695556640625,2.634602659072153e-06,0.10873241880895634,30755.637464472828,30755.63734168472,3.5353654735512436e-06,false,9.799003601074219e-05,1.4644454495282844e-05,true,fa196cd063579584b4da9dc10b00b7dd8d77448dcc528b6f2cdf59725d41ba38,fa196cd063579584b4da9dc10b00b7dd8d77448dcc528b6f2cdf59725d41ba38,fa196cd063579584b4da9dc10b00b7dd8d77448dcc528b6f2cdf59725d41ba38,fa196cd063579584b4da9dc10b00b7dd8d77448dcc528b6f2cdf59725d41ba38,true,,true,true,true,false,false,true
r0049,ccf85e16fb2b33d8ae017af1b9ed4b58e336c7276dbfe9d3d62522f78e122494,fp32,2203,fb9112ec7f655ccabe558eb673d873fdf0e13e71044ba9f212539b2c97c9f6e1,true,true,true,true,true,true,true,true,false,0.001659289002418518,2.7433748842250103e-06,0.12085980907147843,31316.473398173992,31316.47350427218,3.859304562341312e-06,false,9.47713851928711e-05,1.5760691894683987e-05,true,b10559c9c199e9068cbcaf3f931f9264785e188256655d221f67c7bad39b1e16,b10559c9c199e9068cbcaf3f931f9264785e188256655d221f67c7bad39b1e16,b10559c9c199e9068cbcaf3f931f9264785e188256655d221f67c7bad39b1e16,b10559c9c199e9068cbcaf3f931f9264785e188256655d221f67c7bad39b1e16,true,,true,true,true,false,false,true
r0050,001caea56af010bdbe0b1bccfcd41ba406ad761785bd533536884cdc927fdccb,fp32,1843,feee1ba20207a30651034899f61c30b1f8a5a63c3858b771ce48c362ba0ace8d,true,true,true,true,true,true,true,true,false,0.000438690185546875,2.245681420820489e-06,0.07371962608314875,28374.23470101112,28374.2347472766,2.5981185656548662e-06,false,9.965896606445312e-05,1.4663843103335239e-05,true,380b8dece1a5ef4032cc6987d95fd450d81d72b9a7734a2681f2e450c9c6f69b,380b8dece1a5ef4032cc6987d95fd450d81d72b9a7734a2681f2e450c9c6f69b,380b8dece1a5ef4032cc6987d95fd450d81d72b9a7734a2681f2e450c9c6f69b,380b8dece1a5ef4032cc6987d95fd450d81d72b9a7734a2681f2e450c9c6f69b,true,,true,true,true,false,false,true
r0051,f7fb9f6ddbc4e46f1e85bc33f87a7ac02e9d2cef204e395a30e6d67da479d233,fp32,2285,d5462a88e8c0dc39d9d472eb6e648d966821a0b68b09b341ef56fdf667fc0be8,true,true,true,true,true,true,true,true,false,0.003161787986755371,3.3179411314347243e-06,0.20053373677305789,31864.767683598813,31864.7676890678,6.2932747142499085e-06,false,9.632110595703125e-05,1.688164411461912e-05,true,3fbb3b922386333e6f20ff00d46aeb4fe5b3492fa0a45b1223b22b9a205daa93,3fbb3b922386333e6f20ff00d46aeb4fe5b3492fa0a45b1223b22b9a205daa93,3fbb3b922386333e6f20ff00d46aeb4fe5b3492fa0a45b1223b22b9a205daa93,3fbb3b922386333e6f20ff00d46aeb4fe5b3492fa0a45b1223b22b9a205daa93,true,,true,true,true,false,false,true
r0052,80f7bb3a5850cf0e997e6b44bc069dfd4620f93875e5acffbd01e20fc6b8c135,fp32,1590,69e5b9204f66e8e7f03f0b2692d44494a2d308cc63d57987711f21505b13b6e0,true,true,true,true,true,true,true,true,false,0.0005851984024047852,2.053587694339498e-06,0.05859010561805337,26153.995309008285,26153.99553917333,2.240197125150434e-06,false,0.00010251998901367188,1.4876048226142302e-05,true,7a816a7c46337728ff904f493a464f94c9e1e0bf15ffdfae0012bc5670e99c92,7a816a7c46337728ff904f493a464f94c9e1e0bf15ffdfae0012bc5670e99c92,7a816a7c46337728ff904f493a464f94c9e1e0bf15ffdfae0012bc5670e99c92,7a816a7c46337728ff904f493a464f94c9e1e0bf15ffdfae0012bc5670e99c92,true,,true,true,true,true,true,true
r0053,f3585d42eeb4cc2be73dff8c5cb2f232107dd9f2bf596152c8062efff5632818,fp32,2555,8c89f52ca7b37c90d77b520ca9186323cbe29811f6909789e572dbffcfcf1b2d,true,true,true,true,true,true,true,true,false,0.0010734796524047852,2.143779874397289e-06,0.11461759253427985,34611.314719100425,34611.314689671,3.3115642518782324e-06,false,0.00010758638381958008,1.6653946659062058e-05,true,6d650ba12313686427d28f4cb537f45cfc7e1548b01b4082879ec5f3131d6f32,6d650ba12313686427d28f4cb537f45cfc7e1548b01b4082879ec5f3131d6f32,6d650ba12313686427d28f4cb537f45cfc7e1548b01b4082879ec5f3131d6f32,6d650ba12313686427d28f4cb537f45cfc7e1548b01b4082879ec5f3131d6f32,true,,true,true,true,true,true,true
r0054,cee4218e4eb710f9350eb7610d3f59845a946695be0ae2e2e8bc71d7f0c7ba11,fp32,2152,78735457a8ec202570b1e9910840d26734de8e3b3f5ea80c86a46ca0e37f9978,true,true,true,true,true,true,true,true,false,0.0011906623840332031,2.341075473625646e-06,0.09379262832905946,30636.999819893554,30636.99988605863,3.061416871034419e-06,false,9.250640869140625e-05,1.5963583791744895e-05,true,c3f8925f268c4ff8a82bf11cc760aba795fb0c513ba9cf0da6924f4bfc42c9c9,c3f8925f268c4ff8a82bf11cc760aba795fb0c513ba9cf0da6924f4bfc42c9c9,c3f8925f268c4ff8a82bf11cc760aba795fb0c513ba9cf0da6924f4bfc42c9c9,c3f8925f268c4ff8a82bf11cc760aba795fb0c513ba9cf0da6924f4bfc42c9c9,true,,true,true,true,false,false,true
r0055,d8c33da88f635dafb23ffcc57f3125096b6e9c3b50cf7e346326ad2a9003792b,fp32,1540,24bfc3d0de63d394e2f698ed8dee540636f3e6fe3a55ead3cc328df555d92f61,true,true,true,true,true,true,true,true,false,0.0006476044654846191,2.3821338671995798e-06,0.08103729465490339,25814.392359182446,25814.392710527627,3.1392291720213413e-06,false,9.059906005859375e-05,1.5095117305463646e-05,true,e1b2fa1ad465701192680d7da3288fc2175d0dd31ff1c9c6130f062db8bf3f93,e1b2fa1ad465701192680d7da3288fc2175d0dd31ff1c9c6130f062db8bf3f93,e1b2fa1ad465701192680d7da3288fc2175d0dd31ff1c9c6130f062db8bf3f93,e1b2fa1ad465701192680d7da3288fc2175d0dd31ff1c9c6130f062db8bf3f93,true,,true,true,true,true,true,true
r0056,30180c5cb367616c7ccad0f5bb0b30d721b9db497b83b618860dd9250fc23289,fp32,1046,c0010bba28c3badd7c3a986ca58149ff4502b0f8a8f12c6e1eaef80194cae430,true,true,true,true,true,true,true,true,false,0.0003704279661178589,1.8742320423055976e-06,0.04729772874142932,21068.563238357223,21068.563611628553,2.2449432060628885e-06,false,9.846687316894531e-05,1.4712086340296082e-05,true,b6c903cb77f92fdab6e26923210866bde9419fc1bd4790512266d98b4cb9aa11,b6c903cb77f92fdab6e26923210866bde9419fc1bd4790512266d98b4cb9aa11,b6c903cb77f92fdab6e26923210866bde9419fc1bd4790512266d98b4cb9aa11,b6c903cb77f92fdab6e26923210866bde9419fc1bd4790512266d98b4cb9aa11,true,,true,true,true,true,true,true
r0057,9a3fa22046e6431d0c787c0aa0bd06747614061fc74c5c35bd07014461936e12,fp32,1837,e71c423cb2a5011d09f87db63eb17acb890580711b95adcef5b726796a4aa8c8,true,true,true,true,true,true,true,true,false,0.0005662441253662109,1.984202235923623e-06,0.07593304309773577,28409.41572725388,28409.415917095994,2.6728125393117068e-06,false,0.00011420249938964844,1.630799670238048e-05,true,c002a67ec3f901d26ffab59bbc1cf7ccbf083a8da8833dd33df7af8f11e9ab93,c002a67ec3f901d26ffab59bbc1cf7ccbf083a8da8833dd33df7af8f11e9ab93,c002a67ec3f901d26ffab59bbc1cf7ccbf083a8da8833dd33df7af8f11e9ab93,c002a67ec3f901d26ffab59bbc1cf7ccbf083a8da8833dd33df7af8f11e9ab93,true,,true,true,true,false,false,true
r0058,9a1d0b802a1afac3757063990bed429850f051fc9f5783da521ff6b316265c65,fp32,2499,1055fe68426d0b9d5d341b9c05bc9ba41d2dced3b4e6cbcebe7443c1717528a3,true,true,true,true,true,true,true,true,false,0.0026895999908447266,2.428522106930527e-06,0.14480286352090557,33581.50909974787,33581.50861659186,4.3119820223324255e-06,false,9.417533874511719e-05,1.535434967081528e-05,true,926098987284e57e3a8f0bc0fcc8af72a4549e9024198c7b08698cce562d59c9,926098987284e57e3a8f0bc0fcc8af72a4549e9024198c7b08698cce562d59c9,926098987284e57e3a8f0bc0fcc8af72a4549e9024198c7b08698cce562d59c9,926098987284e57e3a8f0bc0fcc8af72a4549e9024198c7b08698cce562d59c9,true,,true,true,true,false,false,true
r0059,ae4f3473c24f47ef2cc24c82d3457cff3658b87f41f60ff7a500e0cca6742100,fp32,2147,707317acdc7799e06ff1dac2d2af98f0d1887811d8342f9c4d7993447601671b,true,true,true,true,true,true,true,true,false,0.0005831718444824219,2.358639765498438e-06,0.08869691150382716,30756.76436150802,30756.76402627979,2.883818026542188e-06,false,0.00010585784912109375,1.6349147699656896e-05,true,2fcf163689b77fd0a63fc084a85bfd2289a5b6209b67847acf6eb3537c41469d,2fcf163689b77fd0a63fc084a85bfd2289a5b6209b67847acf6eb3537c41469d,2fcf163689b77fd0a63fc084a85bfd2289a5b6209b67847acf6eb3537c41469d,2fcf163689b77fd0a63fc084a85bfd2289a5b6209b67847acf6eb3537c41469d,true,,true,true,true,true,true,true
r0060,03ce27eb101e0f9fd1a56b0dfffba78657cb6d7eb708dd2755b39ea794c25334,fp32,1813,b3bf521a14fa04541d3e0bfb2fa65abd1ebeedcb34a5fb357f11353548bea509,true,true,true,true,true,true,true,true,false,0.0014765262603759766,2.322174089464113e-06,0.09367244159116196,27712.924805922103,27712.924188511843,3.3800994390582935e-06,false,9.918212890625e-05,1.6603406038484536e-05,true,9276d40a86d7123e7738b8cd690aae0f03c7855b3c5fd03e638c77c6c43dea97,9276d40a86d7123e7738b8cd690aae0f03c7855b3c5fd03e638c77c6c43dea97,9276d40a86d7123e7738b8cd690aae0f03c7855b3c5fd03e638c77c6c43dea97,9276d40a86d7123e7738b8cd690aae0f03c7855b3c5fd03e638c77c6c43dea97,true,,true,true,true,true,true,true
r0061,8c57ea3fe0d8f430f7d9c9ebdf07895c3f61bf177bf1cca09ee4bd347e6f1fd8,fp32,2427,5232ba3340b34983d8dc4f187fb319e441f0b742e6327d8ce78e58696846a674,true,true,true,true,true,true,true,true,false,0.0024759769439697266,2.9783754251777594e-06,0.18200182929755607,32670.835836154947,32670.835947473955,5.5707735666809e-06,false,0.0001049041748046875,1.7400096112396568e-05,true,f72a5ace3f2acc8c979e00e8b792459dc62887ee42b31da04b519000df9fef16,f72a5ace3f2acc8c979e00e8b792459dc62887ee42b31da04b519000df9fef16,f72a5ace3f2acc8c979e00e8b792459dc62887ee42b31da04b519000df9fef16,f72a5ace3f2acc8c979e00e8b792459dc62887ee42b31da04b519000df9fef16,true,,true,true,true,true,true,true
r0062,3229b062935eb9117720092ea8964ee164c305a6cbb4812246a5939565aa45d8,fp32,1941,7d546aa39419f50857eaedca9b2b1013ce00c9dfb41e671449ae8a659bda6a4c,true,true,true,true,true,true,true,true,false,0.0005361437797546387,3.947595334100977e-06,0.12253422379908233,29021.817039565525,29021.798798151423,4.222141695402154e-06,false,0.00023555755615234375,3.3423901186324656e-05,true,b6f321370100ba616b775ff42e172cb542cf63f868efb8992415fd8cc7782e48,b6f321370100ba616b775ff42e172cb542cf63f868efb8992415fd8cc7782e48,b6f321370100ba616b775ff42e172cb542cf63f868efb8992415fd8cc7782e48,b6f321370100ba616b775ff42e172cb542cf63f868efb8992415fd8cc7782e48,true,,true,true,true,false,false,true
r0063,c2e02ab8c78553de71a62d4990de54e4b934992c168faa0b8cfc885f4e8ea6be,fp32,2069,d63d671680d758584b7804369e75c4fc3c6c918b4c064f7d66be8fbab3de34ce,true,true,true,true,true,true,true,true,false,0.010153770446777344,2.751845443071943e-06,0.25204205099511356,29755.78277801414,29755.78247250611,8.470355254150518e-06,false,9.989738464355469e-05,1.6612495528534055e-05,true,812e5096c6eb3601d1f75c26999a2b5cf0e8ea496287ca0130e83ec4b61e00f6,812e5096c6eb3601d1f75c26999a2b5cf0e8ea496287ca0130e83ec4b61e00f6,812e5096c6eb3601d1f75c26999a2b5cf0e8ea496287ca0130e83ec4b61e00f6,812e5096c6eb3601d1f75c26999a2b5cf0e8ea496287ca0130e83ec4b61e00f6,true,,true,true,true,true,true,true
r0064,d8c307c0bd992f66b1766246552258b953b6595ea49e7e1b8f63388e25c1519e,fp32,1941,5981042fee13212bcfa7011b109f5847f694850d657820fcd7b35ea4580fd77c,true,true,true,true,true,true,true,true,false,0.0010815858840942383,2.47289160459907e-06,0.10961883439984353,28934.21632282983,28934.216303042263,3.7885537723498492e-06,false,9.72747802734375e-05,1.4811217624810524e-05,true,2960b53ce61614263f02f67d637509ca4d4fe7a1a7b8f0e04c1d36d076e18a84,2960b53ce61614263f02f67d637509ca4d4fe7a1a7b8f0e04c1d36d076e18a84,2960b53ce61614263f02f67d637509ca4d4fe7a1a7b8f0e04c1d36d076e18a84,2960b53ce61614263f02f67d637509ca4d4fe7a1a7b8f0e04c1d36d076e18a84,true,,true,true,true,false,false,true
r0065,3517a87ae7beb0cd127a51e4b4facf82b68a837c5bd8cedabaa6866c5b8e60d8,fp32,1779,aaf78353b782d6316b4cdc3813af7cb8d5cdfd6a7878c55dd08068ec7edf2dd0,true,true,true,true,true,true,true,true,false,0.0018570423126220703,2.1615403748009854e-06,0.11421442027448564,27530.4264494786,27530.42729852455,4.148661371507546e-06,false,0.00012302398681640625,1.4706584806845058e-05,true,9bab7f82a68c5416a560c9b713572cff12a7c2e17b0bcd4eba2fd8ee520491ce,9bab7f82a68c5416a560c9b713572cff12a7c2e17b0bcd4eba2fd8ee520491ce,9bab7f82a68c5416a560c9b713572cff12a7c2e17b0bcd4eba2fd8ee520491ce,9bab7f82a68c5416a560c9b713572cff12a7c2e17b0bcd4eba2fd8ee520491ce,true,,true,true,true,true,true,true
r0066,8aec0e245112814ebc900a29a3601d262953fe282dcf0f3346149f4dd1d1a5d5,fp32,2110,76e30f486e0459d421cb32ccc622f4e9fce0ffddd98130ed67e80cb7056fe71f,true,true,true,true,true,true,true,true,false,0.002989053726196289,3.164211962669583e-06,0.19569774709809135,30774.95390978285,30774.95407905116,6.358993959679209e-06,false,9.870529174804688e-05,1.6616579159745015e-05,true,09bfcbdc54c8cfcf0f64ca8cfc90132b7ccfccbe470f51ac6f7e34040823c3ac,09bfcbdc54c8cfcf0f64ca8cfc90132b7ccfccbe470f51ac6f7e34040823c3ac,09bfcbdc54c8cfcf0f64ca8cfc90132b7ccfccbe470f51ac6f7e34040823c3ac,09bfcbdc54c8cfcf0f64ca8cfc90132b7ccfccbe470f51ac6f7e34040823c3ac,true,,true,true,true,true,true,true
r0067,cf70bdec9f7039ce20ceb253b5619b21e44acdb8c67115829968f8ec5737f0e9,fp32,2393,a44304cbfff9da9d42cfd2820ab7021fdd88d96da2a9fc20761fa0a2e04a6662,true,true,true,true,true,true,true,true,false,0.0009829998016357422,2.4788816445446096e-06,0.09977895771597546,32263.016904617445,32263.016657390886,3.0926728895491237e-06,false,0.00011491775512695312,1.749207149259746e-05,true,fe57d0a7c4cb2ba202c64ca6616a16eb75589fac2831e100a31e838186ad35eb,fe57d0a7c4cb2ba202c64ca6616a16eb75589fac2831e100a31e838186ad35eb,fe57d0a7c4cb2ba202c64ca6616a16eb75589fac2831e100a31e838186ad35eb,fe57d0a7c4cb2ba202c64ca6616a16eb75589fac2831e100a31e838186ad35eb,true,,true,true,true,true,true,true
r0068,e0698cdafa1ccb3c7fe22ae6fec5282194760bd4e806d3206b074ea2689bc024,fp32,1210,f9b984c26d75878658d2acee3a768955efffab4da7917736663072351575a90e,true,true,true,true,true,true,true,true,false,0.0006382465362548828,2.0100501732696805e-06,0.058064993768650736,22464.709185492484,22464.708688083825,2.5847204737530547e-06,false,9.918212890625e-05,1.567991239426192e-05,true,efd474fa4ba83aa06f025b2c730a4b01a56230e2017226a724b1e643e88a3e6e,efd474fa4ba83aa06f025b2c730a4b01a56230e2017226a724b1e643e88a3e6e,efd474fa4ba83aa06f025b2c730a4b01a56230e2017226a724b1e643e88a3e6e,efd474fa4ba83aa06f025b2c730a4b01a56230e2017226a724b1e643e88a3e6e,true,,true,true,true,false,false,true
r0069,3adeb12ad3e5d03f58dec677fe4fe049269c3a4e580fb5b1ac8892745ea2a6c4,fp32,2269,aaac418c355003a9aa45c9b45fdc6649d6308094caa1620636e442ae6e8366d8,true,true,true,true,true,true,true,true,false,0.003593921661376953,2.7194262729827536e-06,0.18701858818231493,31596.796422557964,31596.796321633778,5.9189098059573015e-06,false,0.0001957416534423828,2.2469685063697398e-05,true,4da5ce506dec31a01b8929c61cb4170a7e5c29bd2e463ac35c22299945c9785c,4da5ce506dec31a01b8929c61cb4170a7e5c29bd2e463ac35c22299945c9785c,4da5ce506dec31a01b8929c61cb4170a7e5c29bd2e463ac35c22299945c9785c,4da5ce506dec31a01b8929c61cb4170a7e5c29bd2e463ac35c22299945c9785c,true,,true,true,true,false,false,true
r0070,99f80c7dfa02c04f21a15300eba366bbfa6eca857133747cd4a91fad8013b31c,fp32,1366,98812ab59256e63a5e0338fa43809a8f0c14a1eb9e05482870f6ac52a91bd316,true,true,true,true,true,true,true,true,false,0.0004870891571044922,2.31317606698885e-06,0.07124359738127027,24345.118372115285,24345.1184597623,2.9264017547921137e-06,false,0.00010824203491210938,1.994997182919178e-05,true,06798f35748516f03d096b0123438bef9f430d8c3f1646ad0300e630e4985444,06798f35748516f03d096b0123438bef9f430d8c3f1646ad0300e630e4985444,06798f35748516f03d096b0123438bef9f430d8c3f1646ad0300e630e4985444,06798f35748516f03d096b0123438bef9f430d8c3f1646ad0300e630e4985444,true,,true,true,true,true,true,true
r0071,827481043730752303ddb12f63605199c3fa39bb84400d9f5a86c2e9b6c1b7c6,fp32,2189,ac850b92fbb995b4d9fd5826f8607d7dc887d2bce752390e34dbb1d264f1e706,true,true,true,true,true,true,true,true,false,0.004190564155578613,2.9470702516132263e-06,0.20715396841775877,30968.187946489554,30968.187795591224,6.6892505553022205e-06,false,0.00011014938354492188,1.6771569789852947e-05,true,a6bab508ba3f5e7fb21045222b033608b6b7809282f6ab3f9da6641e2b553878,a6bab508ba3f5e7fb21045222b033608b6b7809282f6ab3f9da6641e2b553878,a6bab508ba3f5e7fb21045222b033608b6b7809282f6ab3f9da6641e2b553878,a6bab508ba3f5e7fb21045222b033608b6b7809282f6ab3f9da6641e2b553878,true,,true,true,true,false,false,true
r0072,4967e440f852aac75758dc7c0033169ec5df98bc99c9eba41801786fa5c372f3,fp32,1822,f38e94be09bfcde8030ce74910a10056a6820310a0dd99551b67802bba7b3996,true,true,true,true,true,true,true,true,false,0.0012209415435791016,2.2693914552747905e-06,0.09512699505528527,27955.3560836765,27955.356189046415,3.4028182081456836e-06,false,0.00010323524475097656,1.6094982129288837e-05,true,8f36df95faab0ce03e8765208bf02c3d79b4d5e54815ad28fb7b0ebf7d8ce03f,8f36df95faab0ce03e8765208bf02c3d79b4d5e54815ad28fb7b0ebf7d8ce03f,8f36df95faab0ce03e8765208bf02c3d79b4d5e54815ad28fb7b0ebf7d8ce03f,8f36df95faab0ce03e8765208bf02c3d79b4d5e54815ad28fb7b0ebf7d8ce03f,true,,true,true,true,true,true,true
r0073,e3f751fa48062ee39153ee72220801e8a5529d68210ea3c90ba48ecb1f3285a7,fp32,2070,389f19ee6a6d127182153a9c1f51447b636bddc5601f3193cf012fa5fffe48d8,true,true,true,true,true,true,true,true,false,0.0027570128440856934,3.071801670288347e-06,0.18849593720817817,30204.807871660916,30204.807397337823,6.240593815696172e-06,false,0.0001112222671508789,1.565716229379177e-05,true,f41932e7396ff5f314b9b0e2d8fd93273b05f66c71dcfc33ec884e47197cd667,f41932e7396ff5f314b9b0e2d8fd93273b05f66c71dcfc33ec884e47197cd667,f41932e7396ff5f314b9b0e2d8fd93273b05f66c71dcfc33ec884e47197cd667,f41932e7396ff5f314b9b0e2d8fd93273b05f66c71dcfc33ec884e47197cd667,true,,true,true,true,true,true,true
r0074,ad28312e854e7251184cd5ff7cb195c4276dd17580a9cfe8c85a8ed041e8e5b0,fp32,2224,882e0e77287038d8d1f6fcf2457222c6cb35523b3c80af3c1e3aa14c749ba161,true,true,true,true,true,true,true,true,false,0.005735874176025391,3.1084624626161648e-06,0.2315736491037864,32019.96671781891,32019.96726332658,7.232163830754898e-06,false,9.059906005859375e-05,1.5238851119647734e-05,true,45358fd0ce83e3acea45adc48eff153b5b649f8bc26b0a2d3624efdc78fb1123,45358fd0ce83e3acea45adc48eff153b5b649f8bc26b0a2d3624efdc78fb1123,45358fd0ce83e3acea45adc48eff153b5b649f8bc26b0a2d3624efdc78fb1123,45358fd0ce83e3acea45adc48eff153b5b649f8bc26b0a2d3624efdc78fb1123,true,,true,true,true,false,false,true
r0075,6c68bba6406cc71fedc651b6ced720db8a91e9f0647afa46499dd67e85945251,fp32,2318,f6f666619a326df44597a9c5ba967da20789e7fc4e2632ee49f3f78606391884,true,true,true,true,true,true,true,true,false,0.0009298324584960938,2.2478055022127443e-06,0.10530468207983425,31901.018925998404,31901.019109576526,3.3009817560412142e-06,false,0.00010395050048828125,1.6162763131433167e-05,true,b7fe11457a5ccd5c6d42027840271b19abbd20d85663acedf8cc121fc603be45,b7fe11457a5ccd5c6d42027840271b19abbd20d85663acedf8cc121fc603be45,b7fe11457a5ccd5c6d42027840271b19abbd20d85663acedf8cc121fc603be45,b7fe11457a5ccd5c6d42027840271b19abbd20d85663acedf8cc121fc603be45,true,,true,true,true,true,true,true
r0076,bff6c8466f9c1dd59020d312b69ce757332a6722fcce1c632aaa7e9151ef80af,fp32,2323,44c49f693d01d8e8e29e4f0683038f5dd37c911564782334e517df0e424795b4,true,true,true,true,true,true,true,true,false,0.00275421142578125,2.9401929824886728e-06,0.15154657537594096,31996.31796558671,31996.318014548684,4.736375457545863e-06,false,0.0001392364501953125,1.966605123016052e-05,true,78ba6b53be079ae6ad905c2fb77b76524185cdf99da50ea9589a4dce98c684ef,78ba6b53be079ae6ad905c2fb77b76524185cdf99da50ea9589a4dce98c684ef,78ba6b53be079ae6ad905c2fb77b76524185cdf99da50ea9589a4dce98c684ef,78ba6b53be079ae6ad905c2fb77b76524185cdf99da50ea9589a4dce98c684ef,true,,true,true,true,false,false,true
r0077,6bbab7ddc9faa2da7b8787a6031fefec9c22316dfa633ea169e547f31f982306,fp32,2320,fd438c34065598754e7b607db28c3db9c8fb288a6745cad35215ec1debce91c3,true,true,true,true,true,true,true,true,false,0.00519871711730957,3.1943209074884273e-06,0.23918374955102756,32128.521318292,32128.52124836897,7.444592522060798e-06,false,9.632110595703125e-05,1.57006779772928e-05,true,42e2e389dd3f87c008a872f61d9ddae13b8529cd499706261c35e80fd9bf53bc,42e2e389dd3f87c008a872f61d9ddae13b8529cd499706261c35e80fd9bf53bc,42e2e389dd3f87c008a872f61d9ddae13b8529cd499706261c35e80fd9bf53bc,42e2e389dd3f87c008a872f61d9ddae13b8529cd499706261c35e80fd9bf53bc,true,,true,true,true,true,true,true
r0078,ccbf90a174953712598a2681c34ef31d19b4d75dd00defaf64551a16bc967af0,fp32,2026,152a58e3e394df8b687576693966deb0b3e7b3b3731d4f9f7af2cb8fe9a9a25a,true,true,true,true,true,true,true,true,false,0.0008642673492431641,2.4494661712282095e-06,0.09403536511215647,29780.75029533456,29780.750527771124,3.1575888265296298e-06,false,0.0001068115234375,1.6110057913465425e-05,true,b13c80bb9740c683360c0925524254ce9db8849e1fef8cbb25c5e1b79032f92e,b13c80bb9740c683360c0925524254ce9db8849e1fef8cbb25c5e1b79032f92e,b13c80bb9740c683360c0925524254ce9db8849e1fef8cbb25c5e1b79032f92e,b13c80bb9740c683360c0925524254ce9db8849e1fef8cbb25c5e1b79032f92e,true,,true,true,true,true,true,true
r0079,303bf6e4755f48a91157afbb9dc950f4e202fd51fb7c97aded17ea5016344c77,fp32,2045,e51b191b1947702948803d3ed182ea674dc75f22c9ad5f7a7a57f9283843cc4b,true,true,true,true,true,true,true,true,false,0.0025577545166015625,2.998403611324344e-06,0.18979275386959055,30014.563297263347,30014.563435208922,6.323355469730139e-06,false,0.00016069412231445312,1.812124355637934e-05,true,bb0dcfaf1e2ebf933070961409b44973935532b200cca61a00bf47f3a3334de3,bb0dcfaf1e2ebf933070961409b44973935532b200cca61a00bf47f3a3334de3,bb0dcfaf1e2ebf933070961409b44973935532b200cca61a00bf47f3a3334de3,bb0dcfaf1e2ebf933070961409b44973935532b200cca61a00bf47f3a3334de3,true,,true,true,true,true,true,true
r0080,e28282c12d36462437be0ada066ed4d5f8c701447dbe7af32387bc9c8dcd8bf6,fp32,2022,060d4fe2fded6a66a58e9db0e1255c68d5300d779ec3a0d50eda2a89be6628f2,true,true,true,true,true,true,true,true,false,0.003323793411254883,2.524590513604726e-06,0.10777617638887711,29576.915391894818,29576.915646119705,3.643928855814167e-06,false,0.00011205673217773438,1.6643925846437924e-05,true,26c24bd25da7cb735bba76930b78aee2992e5c5ee02a07d0cb437eb70775714e,26c24bd25da7cb735bba76930b78aee2992e5c5ee02a07d0cb437eb70775714e,26c24bd25da7cb735bba76930b78aee2992e5c5ee02a07d0cb437eb70775714e,26c24bd25da7cb735bba76930b78aee2992e5c5ee02a07d0cb437eb70775714e,true,,true,true,true,false,false,true
r0081,a3466d25d67e248bb2dae185197c8ba0404147dfc7a050535f680850140ec14a,fp32,2373,5ddbec0cc6e580912532e7e478ba796327cd723e33462ae38c5bef4b0c5af812,true,true,true,true,true,true,true,true,false,0.005456447601318359,3.0026104231121544e-06,0.2351334943061417,32381.604940096782,32381.60487395694,7.2613292250683275e-06,false,0.00010728836059570312,1.781098217179533e-05,true,e58dcf5357276304f9e4d7747f130b7a18fd0255fadb5e6a52716d0bee9c23ae,e58dcf5357276304f9e4d7747f130b7a18fd0255fadb5e6a52716d0bee9c23ae,e58dcf5357276304f9e4d7747f130b7a18fd0255fadb5e6a52716d0bee9c23ae,e58dcf5357276304f9e4d7747f130b7a18fd0255fadb5e6a52716d0bee9c23ae,true,,true,true,true,false,false,true
r0082,37b3b561f317a6a49a6295f367ebab9f061ada3bc665a92009406ad185040b2d,fp32,2222,d7b0d60e3dcf420c26aed9c09dde1d18cd4b19e5c341bbb1fb05dd269c900a6e,true,true,true,true,true,true,true,true,false,0.0011410713195800781,2.897746740189907e-06,0.13494562132783325,31328.09566282001,31328.095718812645,4.30749518065338e-06,false,0.00010228157043457031,1.5078648175403941e-05,true,3353449a1e5ef2ccf205641eec1d9473951a6eea5aa4858c444c1ed187868f3b,3353449a1e5ef2ccf205641eec1d9473951a6eea5aa4858c444c1ed187868f3b,3353449a1e5ef2ccf205641eec1d9473951a6eea5aa4858c444c1ed187868f3b,3353449a1e5ef2ccf205641eec1d9473951a6eea5aa4858c444c1ed187868f3b,true,,true,true,true,false,false,true
r0083,8403f5b1f1403701d7d12af1223833bfccca3f1d874a20a9c502b44b65258a5e,fp32,2218,cc5c31a8c104eabe9f8f2b122685b4b4ece1a46a08616e447dbb66d70e66b428,true,true,true,true,true,true,true,true,false,0.004665493965148926,3.2732785375522155e-06,0.27544122913911273,31371.3230086564,31371.323066327397,8.780032278420519e-06,false,0.00013875961303710938,2.027224763878621e-05,true,994c3e3910b430fb471303216bfe189d45f3078eda545ccd578fe657a39c4c62,994c3e3910b430fb471303216bfe189d45f3078eda545ccd578fe657a39c4c62,994c3e3910b430fb471303216bfe189d45f3078eda545ccd578fe657a39c4c62,994c3e3910b430fb471303216bfe189d45f3078eda545ccd578fe657a39c4c62,true,,true,true,true,true,true,true
r0084,183f247813b5bd36861fe19e795adb0750d2c6a8b61a070898b2a566df23f072,fp32,2208,f188d0f7950afb46e3451a4d93ee49c792a713e1e964ee133f70c4d2d740e2ac,true,true,true,true,true,true,true,true,false,0.005292057991027832,2.5208394233144915e-06,0.15271199271583422,30817.415833420928,30817.41604785476,4.9553795321027475e-06,false,0.00010919570922851562,1.6020894690882415e-05,true,156ff98ff359c4dd2e8014e779f06929036758ef3dce59885c4adac016eeb0dd,156ff98ff359c4dd2e8014e779f06929036758ef3dce59885c4adac016eeb0dd,156ff98ff359c4dd2e8014e779f06929036758ef3dce59885c4adac016eeb0dd,156ff98ff359c4dd2e8014e779f06929036758ef3dce59885c4adac016eeb0dd,true,,true,true,true,false,false,true
r0085,c129b684b8f4bbc0d10f4c140a34ace2355ded45319a85422f61e29f641a06ca,fp32,2076,2dcf0007a43702f17dbdae507d63474f5e83a2c7466d1541fb1460979c524f57,true,true,true,true,true,true,true,true,false,0.002881765365600586,3.6406463119383523e-06,0.2779103944579956,30393.13460975532,30393.13492209916,9.14385420162512e-06,false,0.0001087188720703125,1.6618138033663854e-05,true,adf87b0f1fa982d3a568071609499119754b378a2fcc24500cf6c70452345cb4,adf87b0f1fa982d3a568071609499119754b378a2fcc24500cf6c70452345cb4,adf87b0f1fa982d3a568071609499119754b378a2fcc24500cf6c70452345cb4,adf87b0f1fa982d3a568071609499119754b378a2fcc24500cf6c70452345cb4,true,,true,true,true,false,false,true
r0086,17205aea3606fa8633765383b5f9c96557604ee4653b79de2d6e46d15eb6e161,fp32,2544,77e674a8a4916f011436037fdf18ec6f50e8baccfcfead2bdf96a75016b00944,true,true,true,true,true,true,true,true,false,0.008308112621307373,3.6586925394506884e-06,0.38012267378121306,33758.44406076809,33758.44392456282,1.1260076829872837e-05,false,0.00013297796249389648,1.9184104530722834e-05,true,b25d07a47b07c71e7820ee2efad0c891ce2732a88c121a563fda4dd8aa1aea76,b25d07a47b07c71e7820ee2efad0c891ce2732a88c121a563fda4dd8aa1aea76,b25d07a47b07c71e7820ee2efad0c891ce2732a88c121a563fda4dd8aa1aea76,b25d07a47b07c71e7820ee2efad0c891ce2732a88c121a563fda4dd8aa1aea76,true,,true,true,true,true,true,true
r0087,d722e21e56b5af39f656ae469b5eaf72a099286fab461c5eb06adef660776eb8,fp32,1399,22cb42d99474bc535068443352faef413290bc79998a13da051715eb2d612403,true,true,true,true,true,true,true,true,false,0.0005837678909301758,2.0229068758611155e-06,0.0579327357018422,24329.124857048744,24329.12497109431,2.3812091791493816e-06,false,0.00011157989501953125,1.4862849639030173e-05,true,f57a4d6098fb72be4a7bbb22ecb30b938033ce8d688ecd9178fde460e3018832,f57a4d6098fb72be4a7bbb22ecb30b938033ce8d688ecd9178fde460e3018832,f57a4d6098fb72be4a7bbb22ecb30b938033ce8d688ecd9178fde460e3018832,f57a4d6098fb72be4a7bbb22ecb30b938033ce8d688ecd9178fde460e3018832,true,,true,true,true,true,true,true
r0088,8798bcf5c46849173ae13ce5f72b367811d249675b6793bf779345cc1b2378a9,fp32,2256,eb141b65dcfdf958eb5147335b6523d297bc0f7a10cf4f3eae2249af9bc3629d,true,true,true,true,true,true,true,true,false,0.0012903213500976562,2.634087990616152e-06,0.1186914130698607,31242.1436619394,31242.143789186488,3.799080302259607e-06,false,0.0001163482666015625,1.6037141904234886e-05,true,f0dcf5a8a8f046158b2fd9ac606e234abe8479d2899696f434f71c2c60252614,f0dcf5a8a8f046158b2fd9ac606e234abe8479d2899696f434f71c2c60252614,f0dcf5a8a8f046158b2fd9ac606e234abe8479d2899696f434f71c2c60252614,f0dcf5a8a8f046158b2fd9ac606e234abe8479d2899696f434f71c2c60252614,true,,true,true,true,false,false,true
r0089,cadb5af331a3be42d73701f0167656bb2527318afd2387f80f2ed80f838110c2,fp32,1451,eb3cc6f620f18766751642d354ab6e7a25386dade6ba0857361f6d1a8fa82145,true,true,true,true,true,true,true,true,false,0.0008722543716430664,2.1986809538206606e-06,0.0760207397843327,25060.676399297583,25060.676349472,3.0334671966979893e-06,false,9.489059448242188e-05,1.4907810509612318e-05,true,5c946dfb95ffd9043c4f56499d1638a4e265286fd952e96da910d3a7757a8cd1,5c946dfb95ffd9043c4f56499d1638a4e265286fd952e96da910d3a7757a8cd1,5c946dfb95ffd9043c4f56499d1638a4e265286fd952e96da910d3a7757a8cd1,5c946dfb95ffd9043c4f56499d1638a4e265286fd952e96da910d3a7757a8cd1,true,,true,true,true,true,true,true
r0090,5569e030ce489df102196be6695772b5d699323cf281fe8d7fc5814f7328063f,fp32,1943,3f8b823c8fd9b0bf3ad4a6fce6f3615313bd99aa0b7a47068edf4251ac7d206c,true,true,true,true,true,true,true,true,false,0.004778623580932617,5.026132394651365e-06,0.25459302914058685,28811.849293407453,28811.83203414625,8.836400140370067e-06,false,0.0002384185791015625,3.448113420745358e-05,true,3be3702614df93239f27cd8b62f68aba5271a737ebf11379a399aed5b3c91d18,3be3702614df93239f27cd8b62f68aba5271a737ebf11379a399aed5b3c91d18,3be3702614df93239f27cd8b62f68aba5271a737ebf11379a399aed5b3c91d18,3be3702614df93239f27cd8b62f68aba5271a737ebf11379a399aed5b3c91d18,true,,true,true,true,false,false,true
r0091,7ae939ee9bc74841e2325f368c88681ac37a862dad681fe900486ce95a64aa16,fp32,1747,bffdd316c8e139a528eb395450d21995daccfc6e4f03dd829eec26d18c45b447,true,true,true,true,true,true,true,true,false,0.021723031997680664,7.658832255545237e-06,0.8441229899263657,28784.637884494183,28784.637045689735,2.932546844305035e-05,false,0.00011014938354492188,1.818173586798366e-05,true,e99e6bad02af55a9e47efcd0901573e3316f5e4da2433834321a7b0a41d9c7be,e99e6bad02af55a9e47efcd0901573e3316f5e4da2433834321a7b0a41d9c7be,e99e6bad02af55a9e47efcd0901573e3316f5e4da2433834321a7b0a41d9c7be,e99e6bad02af55a9e47efcd0901573e3316f5e4da2433834321a7b0a41d9c7be,true,,true,true,true,false,false,true
r0092,130b52588965e72d13ca661b866d4da7321aef40eb5dd11864e7472cafdcdf94,fp32,2605,c395c843eb624f3c5216a0838fa09e38739726cc3cf60590d4ab8c013d8da5d7,true,true,true,true,true,true,true,true,false,0.007290959358215332,4.827438312093868e-06,0.4815758391665974,35199.426301937645,35199.42606768867,1.368135477651486e-05,false,0.00011670589447021484,1.9655441064969636e-05,true,34856e3348358e53b63977bcebf1c089b66dee6f02e787f2de3a23acb630feee,34856e3348358e53b63977bcebf1c089b66dee6f02e787f2de3a23acb630feee,34856e3348358e53b63977bcebf1c089b66dee6f02e787f2de3a23acb630feee,34856e3348358e53b63977bcebf1c089b66dee6f02e787f2de3a23acb630feee,true,,true,true,true,false,false,true
r0093,bd56648ab5c748c8b1c92c44ad008ae35144a32ed4fb5c2faa0f1f9957b8fead,fp32,2177,5a65723d4df1ec972d9fbc0e88c2c29dbf7d3d55c82aa2407acfe05db91d36ed,true,true,true,true,true,true,true,true,false,0.0043010711669921875,3.0197005566427273e-06,0.2583305085590357,30832.7063142321,30832.70618445373,8.378457146325579e-06,false,0.00010228157043457031,1.670032179390546e-05,true,d1b0930f37f45a268b2776c85d7035689c7e5b64db63b3ce63b2e0f35507268c,d1b0930f37f45a268b2776c85d7035689c7e5b64db63b3ce63b2e0f35507268c,d1b0930f37f45a268b2776c85d7035689c7e5b64db63b3ce63b2e0f35507268c,d1b0930f37f45a268b2776c85d7035689c7e5b64db63b3ce63b2e0f35507268c,true,,true,true,true,false,false,true
r0094,99e69e3aa09cc6a5eb0593d867d23496998a6c60b66ee9365db62a5b94a2d4da,fp32,2234,eb637bda97f5d7a7710a154ff1e76c25045fcf427be68f3873aa124aaf66115e,true,true,true,true,true,true,true,true,false,0.0016295909881591797,2.6726782145584473e-06,0.1299407838852378,31350.283872601976,31350.28360042278,4.144804060252776e-06,false,0.00011014938354492188,1.8103626644006e-05,true,f9a84074eff71dd26e1019c2f5feccc9a90ed35777c484c6bd313e3820e72ef0,f9a84074eff71dd26e1019c2f5feccc9a90ed35777c484c6bd313e3820e72ef0,f9a84074eff71dd26e1019c2f5feccc9a90ed35777c484c6bd313e3820e72ef0,f9a84074eff71dd26e1019c2f5feccc9a90ed35777c484c6bd313e3820e72ef0,true,,true,true,true,false,false,true
r0095,bee6f45ca076b3188df4f39054ff16cfb2efbe85f2140181f361f97880638275,fp32,2559,2485ddab1578b2a5a80ddc4bec722f34aa41b8e439068afc3a73a8688ea67339,true,true,true,true,true,true,true,true,false,0.002828627824783325,2.994943627839438e-06,0.20941710409457667,33765.31917957413,33765.319201867685,6.202136068744555e-06,false,0.000118255615234375,1.829080247262027e-05,true,28113940e87b0626b6b2c4d52f8fd9decdd5ebbd06472833e0ea1904f3fd8754,28113940e87b0626b6b2c4d52f8fd9decdd5ebbd06472833e0ea1904f3fd8754,28113940e87b0626b6b2c4d52f8fd9decdd5ebbd06472833e0ea1904f3fd8754,28113940e87b0626b6b2c4d52f8fd9decdd5ebbd06472833e0ea1904f3fd8754,true,,true,true,true,true,true,true
r0096,91213dc31f139745bfcfeb8b76f7cc352ebf98f5ffbf32ee7458cf3578368bbc,fp32,2015,4c0caf262750dc5e68941ad21b20379af4e375d0347625445c490ba4e9e1a415,true,true,true,true,true,true,true,true,false,0.002187013626098633,2.712753605379111e-06,0.1347355129899238,29749.174411777207,29749.174273423225,4.529050491451092e-06,false,8.96453857421875e-05,1.5054943105496932e-05,true,fd5a89ef5db8964af47198ce91c6d9116d76e66df448f9071607cb310317373c,fd5a89ef5db8964af47198ce91c6d9116d76e66df448f9071607cb310317373c,fd5a89ef5db8964af47198ce91c6d9116d76e66df448f9071607cb310317373c,fd5a89ef5db8964af47198ce91c6d9116d76e66df448f9071607cb310317373c,true,,true,true,true,false,false,true
r0097,c7414b5a43883fe6be8ae50a7e339560de6d5977d90426e9cd77e02844cd72b7,fp32,1032,b56c04d4131eba07db79b4e0375c65b770e864585531bfc3f236bc45b27aa42a,true,true,true,true,true,true,true,true,false,0.0005130767822265625,1.999658821120557e-06,0.05083893951747857,20849.681825704203,20849.681822721104,2.4383556517779845e-06,false,9.834766387939453e-05,1.4858114809612744e-05,true,891f2fa55a52a1d970aa9b189d9f8856d9d486a6896f2d2f5768615b2346f47c,891f2fa55a52a1d970aa9b189d9f8856d9d486a6896f2d2f5768615b2346f47c,891f2fa55a52a1d970aa9b189d9f8856d9d486a6896f2d2f5768615b2346f47c,891f2fa55a52a1d970aa9b189d9f8856d9d486a6896f2d2f5768615b2346f47c,true,,true,true,true,true,true,true
r0098,fa5d5aaf12500c8adad9f261ad01be05275cb4f370fa4a7a39d88d245feaf3c0,fp32,2363,d4de2bb2f0b0bafca04b3af0f3984cce587e30e8c8f01402e71927f2bf9b9e78,true,true,true,true,true,true,true,true,false,0.0034940093755722046,2.602542598280818e-06,0.20837156518521247,32168.46459624491,32168.46474281822,6.477510408131383e-06,false,0.00010442733764648438,1.765599699865561e-05,true,8ed0cf4374c8b511719e7717902c18e1819a53df44b78f21ac910dad8ae6e51b,8ed0cf4374c8b511719e7717902c18e1819a53df44b78f21ac910dad8ae6e51b,8ed0cf4374c8b511719e7717902c18e1819a53df44b78f21ac910dad8ae6e51b,8ed0cf4374c8b511719e7717902c18e1819a53df44b78f21ac910dad8ae6e51b,true,,true,true,true,false,false,true
r0099,c9f96fbdc5ada3e1cf59eb50195ca19651a2b3ed63de443f324660112ec60c95,fp32,2244,bd375d6d834f74623aa064aaa7194775d037c17c631fc9446750e7517f5e9a7e,true,true,true,true,true,true,true,true,false,0.0042572021484375,2.8079561974111065e-06,0.23262745148308417,31572.53501939306,31572.535186280158,7.36803206047807e-06,false,0.00010895729064941406,1.668608638283331e-05,true,574bcbc9a35969323208b71bdd175059c1a131024f550376acf7830865873924,574bcbc9a35969323208b71bdd175059c1a131024f550376acf7830865873924,574bcbc9a35969323208b71bdd175059c1a131024f550376acf7830865873924,574bcbc9a35969323208b71bdd175059c1a131024f550376acf7830865873924,true,,true,true,true,true,true,true
r0100,f9522570283c339ace3f4910e26c11eb44865bf89c4a695919a59d7a1f0c59a1,fp32,1384,7a2e28961fa3581ec79ac708eeb29e553ef51a374350f25c1662eb9358497cc6,true,true,true,true,true,true,true,true,false,0.0013511180877685547,2.0293583253838676e-06,0.07719148238486846,24260.653516334813,24260.653756623542,3.181756071342223e-06,false,0.00010204315185546875,1.507018805568805e-05,true,79b842c9c7896f94e64135157ce488c10bc0dca6c9daf33ed70ee7c4e53038f1,79b842c9c7896f94e64135157ce488c10bc0dca6c9daf33ed70ee7c4e53038f1,79b842c9c7896f94e64135157ce488c10bc0dca6c9daf33ed70ee7c4e53038f1,79b842c9c7896f94e64135157ce488c10bc0dca6c9daf33ed70ee7c4e53038f1,true,,true,true,true,true,true,true
r0101,1998089990163b8090a475c0012c88178317aceaf450885eb8598a625ec29996,fp32,1713,812833366b31c20baa95b514cfb6c4217b586da1239124df533ff717ac71a441,true,true,true,true,true,true,true,true,false,0.0014754533767700195,2.5882978350229755e-06,0.10042947711042684,27401.175428012233,27401.1756105729,3.6651521284245758e-06,false,9.369850158691406e-05,1.4713898963236716e-05,true,1ef3947e330ef8c4d40698d7be61189761864ab18f37718c3f4efc9f9f32c65a,1ef3947e330ef8c4d40698d7be61189761864ab18f37718c3f4efc9f9f32c65a,1ef3947e330ef8c4d40698d7be61189761864ab18f37718c3f4efc9f9f32c65a,1ef3947e330ef8c4d40698d7be61189761864ab18f37718c3f4efc9f9f32c65a,true,,true,true,true,false,false,true
r0102,24e0a126e4653f76d1cc2f76c3c4f7c9fa7da9944ce1ff560cb78ab866067c71,fp32,2095,ad41b7f086fad96fbb114594266b922c457df1394a0d106a4fa08b23e0dc44ca,true,true,true,true,true,true,true,true,false,0.0018576979637145996,2.257144812167766e-06,0.10463863515609377,30333.95069916597,30333.950644295168,3.4495551269874914e-06,false,0.00010061264038085938,1.6533216694369912e-05,true,63e794e6f716aad0cafac7b242ccf05b95f1a90d394a38940a2535d7fc6658e1,63e794e6f716aad0cafac7b242ccf05b95f1a90d394a38940a2535d7fc6658e1,63e794e6f716aad0cafac7b242ccf05b95f1a90d394a38940a2535d7fc6658e1,63e794e6f716aad0cafac7b242ccf05b95f1a90d394a38940a2535d7fc6658e1,true,,true,true,true,true,true,true
r0103,d589cb91387823d6ab1af7c479462fa40aaf158d889b000d7a07cfc33a991bc9,fp32,1575,4ee57d15806509bd03e6af9860e5a57e91ea9660c27364aa92384046e75a1331,true,true,true,true,true,true,true,true,false,0.007865667343139648,2.4960447579935874e-06,0.26789062820656384,26052.02455631829,26052.024741885354,1.0282910094732887e-05,false,0.00010216236114501953,1.521583635621937e-05,true,17987d6aa34be4f062c6532b00730ccee8f59134586b95e2df3e07872fa6be23,17987d6aa34be4f062c6532b00730ccee8f59134586b95e2df3e07872fa6be23,17987d6aa34be4f062c6532b00730ccee8f59134586b95e2df3e07872fa6be23,17987d6aa34be4f062c6532b00730ccee8f59134586b95e2df3e07872fa6be23,true,,true,true,true,true,true,true
r0104,fcc661b4a9b27ece02ab5c8f757a079f2c1f0f1aceda4bd17d621b4299394088,fp32,2103,08add4299974d3ef7e8312baa20066e9b0546e6dcd4f852472982f2b8fae25a8,true,true,true,true,true,true,true,true,false,0.008693695068359375,4.110817331130316e-06,0.44597780001634746,30338.714950875965,30338.71529135708,1.4699956663735132e-05,false,0.00010180473327636719,1.7680860764812678e-05,true,1e58b28f6072a4dccb3bb44f3e960a4968f834b50dcbe96555599db561257773,1e58b28f6072a4dccb3bb44f3e960a4968f834b50dcbe96555599db561257773,1e58b28f6072a4dccb3bb44f3e960a4968f834b50dcbe96555599db561257773,1e58b28f6072a4dccb3bb44f3e960a4968f834b50dcbe96555599db561257773,true,,true,true,true,true,true,true
r0105,eeb340fca935ea08533fbe3b65e72a02f0caa1af3c7b8aae4abac244405c913f,fp32,2199,9a30905a33cc70ba1da38d80bb664793712d22fc29377e1a4d09266ea6c77e73,true,true,true,true,true,true,true,true,false,0.013675153255462646,3.2604609049672697e-06,0.27595747540472604,30923.18696892691,30923.186574806095,8.923966203160795e-06,false,9.766221046447754e-05,1.5630124835297465e-05,true,eb6fb5c2bbb0756603c4b6aaeb2e40eb567d64adfbb1bd31fb9d48c5e3be85f4,eb6fb5c2bbb0756603c4b6aaeb2e40eb567d64adfbb1bd31fb9d48c5e3be85f4,eb6fb5c2bbb0756603c4b6aaeb2e40eb567d64adfbb1bd31fb9d48c5e3be85f4,eb6fb5c2bbb0756603c4b6aaeb2e40eb567d64adfbb1bd31fb9d48c5e3be85f4,true,,true,true,true,false,false,true
r0106,31d7d8a2e30e57c2b6a38e65ff3720f4d9a2049265dadbf83aa0236d8477f97c,fp32,1569,df161840aa1628c760773fea3b95bdba84bb7131b8b1a09719e41cce0624bccf,true,true,true,true,true,true,true,true,false,0.0013115406036376953,1.9472988606790884e-06,0.07756357978119427,25916.11232402917,25916.112033806436,2.9928709526883035e-06,false,0.0001004934310913086,1.4947842828405555e-05,true,4ad882e3beb2b6d2a0ab16f82154901f7c84df204e4d9d5a1237da0b84b5450b,4ad882e3beb2b6d2a0ab16f82154901f7c84df204e4d9d5a1237da0b84b5450b,4ad882e3beb2b6d2a0ab16f82154901f7c84df204e4d9d5a1237da0b84b5450b,4ad882e3beb2b6d2a0ab16f82154901f7c84df204e4d9d5a1237da0b84b5450b,true,,true,true,true,true,true,true
r0107,4b0a81b1b9e7e37e4727aa5fe42837a0b3077184ea0c59184a433dce7cc11e9e,fp32,1584,c351615b954f72cc3d91f1d262c7be7334724a6f9522b30a8ed2e9c414bb2fcc,true,true,true,true,true,true,true,true,false,0.00044536590576171875,2.198956308966752e-06,0.06476805970509371,26224.031441903266,26224.03157764753,2.46979796044403e-06,false,9.298324584960938e-05,1.5127098777156789e-05,true,3b83e1a478d4b353f9620c9a82d660e019f12aa40eec40a273bfc91ea1946738,3b83e1a478d4b353f9620c9a82d660e019f12aa40eec40a273bfc91ea1946738,3b83e1a478d4b353f9620c9a82d660e019f12aa40eec40a273bfc91ea1946738,3b83e1a478d4b353f9620c9a82d660e019f12aa40eec40a273bfc91ea1946738,true,,true,true,true,false,false,true
r0108,75aaf647d24aa339c31ffc3015a746d7ec4d3fd3a8b09dc2e6e8c7f2cffc96a4,fp32,2329,cf3a5761954f80bed54d977d8800d95ea98054e2006f5da27885ef855b1a01f3,true,true,true,true,true,true,true,true,false,0.002472519874572754,2.9036721605294837e-06,0.16954820506952012,32412.432050593525,32412.432047652637,5.230962144552045e-06,false,9.584426879882812e-05,1.4626659321947955e-05,true,147135522f6da55fba6f35cfeafb3399129c40a16f6f4f951c858710547f14d6,147135522f6da55fba6f35cfeafb3399129c40a16f6f4f951c858710547f14d6,147135522f6da55fba6f35cfeafb3399129c40a16f6f4f951c858710547f14d6,147135522f6da55fba6f35cfeafb3399129c40a16f6f4f951c858710547f14d6,true,,true,true,true,true,true,true
r0109,ee0cc1d4263961b36d67a7ea744a3d3ab57215424440a9f233fd94e9cd51a62c,fp32,2210,9c54608d4dacf32f7229e68061ed82a4651942689b6ad00168f8d97f3554cf0a,true,true,true,true,true,true,true,true,false,0.001346588134765625,2.741783544868426e-06,0.1459861115809176,31195.864304837854,31195.86459487879,4.6796623038581575e-06,false,0.00011014938354492188,1.7581322026671842e-05,true,93f4f1388098bb4d8a854b4e642cd7befae29ad2c7e804ddbe81875791e714ed,93f4f1388098bb4d8a854b4e642cd7befae29ad2c7e804ddbe81875791e714ed,93f4f1388098bb4d8a854b4e642cd7befae29ad2c7e804ddbe81875791e714ed,93f4f1388098bb4d8a854b4e642cd7befae29ad2c7e804ddbe81875791e714ed,true,,true,true,true,true,true,true
r0110,bfcac6d4efbc95015329388da4b242460808773cc944b86b2230635b782e0725,fp32,1890,2509044aaeda72fc97618c31fd6ae9d3202ffefe59442de79617c75db253d13f,true,true,true,true,true,true,true,true,false,0.0009741783142089844,2.5340663436512756e-06,0.1031413569775009,28831.284659458444,28831.28433703156,3.5774110725816776e-06,false,0.00011348724365234375,1.814598908822518e-05,true,63b42b33531aae550dc36d19608047b46ebc46dcea427636e866a89ce18b21ca,63b42b33531aae550dc36d19608047b46ebc46dcea427636e866a89ce18b21ca,63b42b33531aae550dc36d19608047b46ebc46dcea427636e866a89ce18b21ca,63b42b33531aae550dc36d19608047b46ebc46dcea427636e866a89ce18b21ca,true,,true,true,true,false,false,true
r0111,11239c2944cdb0e642d5e299f618e3cf51096380a886d7c987756f8fe309e4b5,fp32,2066,7b02ce43ef6a8f70cba08403ed95fa291e13422e2490a70e1fb616a088d9f7a6,true,true,true,true,true,true,true,true,false,0.0006766319274902344,2.423442748774226e-06,0.08895727252720444,30134.763654124785,30134.763676099246,2.951981753809439e-06,false,0.00010776519775390625,1.797747245291248e-05,true,56c283a8e06754f99587182da8b3bb7ada6f4a332c71d705cc7ff9447574e97c,56c283a8e06754f99587182da8b3bb7ada6f4a332c71d705cc7ff9447574e97c,56c283a8e06754f99587182da8b3bb7ada6f4a332c71d705cc7ff9447574e97c,56c283a8e06754f99587182da8b3bb7ada6f4a332c71d705cc7ff9447574e97c,true,,true,true,true,true,true,true
r0112,ee1816b396072dce9a93adfd45e1b56c5875b6b8d6909c508ea807b957419a85,fp32,1908,22af96fa385c2e945dd6da16328d31f81b36cbdcf4a2ad63b1222e694b75785f,true,true,true,true,true,true,true,true,false,0.0010860562324523926,2.2368739224602288e-06,0.0970340945802386,28471.18285019957,28471.182981266524,3.4081511345729863e-06,false,0.00010037422180175781,1.6419178791693412e-05,true,fe4e9090931b0d7111d2f7c9bc1a5f5a77d0e547df3aa391c931cca27748de92,fe4e9090931b0d7111d2f7c9bc1a5f5a77d0e547df3aa391c931cca27748de92,fe4e9090931b0d7111d2f7c9bc1a5f5a77d0e547df3aa391c931cca27748de92,fe4e9090931b0d7111d2f7c9bc1a5f5a77d0e547df3aa391c931cca27748de92,true,,true,true,true,false,false,true
r0113,bab5fe2e093802ca71b1753c0fc03e3bd9cb752916da335a6ba44514a5a8db8a,fp32,2079,667eddcb86c972a4f217c2f5645b97f8f610905f10ea22013a9487f304e5073e,true,true,true,true,true,true,true,true,false,0.001247406005859375,2.4154529204937583e-06,0.08985645317602278,29971.749657894678,29971.749489501424,2.9980382927812904e-06,false,9.846687316894531e-05,1.6787753338576294e-05,true,aaf2ae493a33e1eeb6205195f7b3f330692d099854f152958b5371c41c9dcd1e,aaf2ae493a33e1eeb6205195f7b3f330692d099854f152958b5371c41c9dcd1e,aaf2ae493a33e1eeb6205195f7b3f330692d099854f152958b5371c41c9dcd1e,aaf2ae493a33e1eeb6205195f7b3f330692d099854f152958b5371c41c9dcd1e,true,,true,true,true,true,true,true
r0114,00d9730683c734b4be53a966ee48c5f593e719a0a03eb357616f3ba221ada7ad,fp32,2366,134851fde6db6c8e39a00cf18cc49de3e63fcbfd686343cb9badf9fbab558189,true,true,true,true,true,true,true,true,false,0.0024509429931640625,2.9586374338623025e-06,0.16687464771630298,32333.037386946267,32333.037441336928,5.161118809795401e-06,false,9.97781753540039e-05,1.5769972378620878e-05,true,3f0b522c2aab209b5d742ba12d81d49fd85a118df5ef96736a87d0da0822f813,3f0b522c2aab209b5d742ba12d81d49fd85a118df5ef96736a87d0da0822f813,3f0b522c2aab209b5d742ba12d81d49fd85a118df5ef96736a87d0da0822f813,3f0b522c2aab209b5d742ba12d81d49fd85a118df5ef96736a87d0da0822f813,true,,true,true,true,true,true,true
r0115,43a51cb2cf4ab00f144f2568289402eea812795fc617d5c70ad702189d8d7731,fp32,2080,f616076bbfa54acbd58834f47d33ce5d41e199cc78363f88d98615a8b9db1604,true,true,true,true,true,true,true,true,false,0.002345144748687744,2.780986093261125e-06,0.1485960782900765,29900.834701609998,29900.835042176725,4.969629713701099e-06,false,0.00010004639625549316,1.6462856365251355e-05,true,6ea85fcf0a4c3ff276c97ce3f6b364e6ada2d1a8e701ba50e73452897e067396,6ea85fcf0a4c3ff276c97ce3f6b364e6ada2d1a8e701ba50e73452897e067396,6ea85fcf0a4c3ff276c97ce3f6b364e6ada2d1a8e701ba50e73452897e067396,6ea85fcf0a4c3ff276c97ce3f6b364e6ada2d1a8e701ba50e73452897e067396,true,,true,true,true,true,true,true
r0116,aed2fd5067e300d237dac2584f9e2c41d89831e85566621f24154de3e1857a8e,fp32,1835,539ad64adb40cb9c913eb87ac803f6163f8b97b1353b1ad747239b91476961c4,true,true,true,true,true,true,true,true,false,0.0007456988096237183,2.3921175243598234e-06,0.10000567528203405,27833.427000339798,27833.426768292487,3.5930061821281713e-06,false,0.00010228157043457031,1.7039104932337068e-05,true,7bd9262d6ee545b575186984e5378c75d130695952b13f30829fd2877f3f8f7d,7bd9262d6ee545b575186984e5378c75d130695952b13f30829fd2877f3f8f7d,7bd9262d6ee545b575186984e5378c75d130695952b13f30829fd2877f3f8f7d,7bd9262d6ee545b575186984e5378c75d130695952b13f30829fd2877f3f8f7d,true,,true,true,true,false,false,true
r0117,5e3dd68c6e1c5af54c0065eb08ad96b1f2ba135376f251a064da380676758344,fp32,1998,1830aee8a2d4650a45f40a16ce565369bfdb405ffa568e28044e47b8024c37f6,true,true,true,true,true,true,true,true,false,0.0013709068298339844,2.588047029054389e-06,0.12838100020578866,29219.68896824787,29219.68904146186,4.3936470379140544e-06,false,0.00010013580322265625,1.6075537132564932e-05,true,d0aea8a72e5be7c4421bfaf757155c49f4e600dabd636c115f9b889881c1f61b,d0aea8a72e5be7c4421bfaf757155c49f4e600dabd636c115f9b889881c1f61b,d0aea8a72e5be7c4421bfaf757155c49f4e600dabd636c115f9b889881c1f61b,d0aea8a72e5be7c4421bfaf757155c49f4e600dabd636c115f9b889881c1f61b,true,,true,true,true,true,true,true
r0118,c58ba80917978ee3e5061cdeeada990f03a1dda29df30c605a7871c4195cd38e,fp32,1250,97ff2a5af674816c13b0a5a5a4f13e014e5b68e81e5bdd10e006cd9ecfb7c5df,true,true,true,true,true,true,true,true,false,0.00029981136322021484,2.032826858622272e-06,0.05187910844283489,22811.111914676054,22811.111820768994,2.2742910839632183e-06,false,9.274482727050781e-05,1.445250200049486e-05,true,e125c2c9c6080078ad8e814c5a98f8056b514f296bbc9645ec2bf3ae7a1a0979,e125c2c9c6080078ad8e814c5a98f8056b514f296bbc9645ec2bf3ae7a1a0979,e125c2c9c6080078ad8e814c5a98f8056b514f296bbc9645ec2bf3ae7a1a0979,e125c2c9c6080078ad8e814c5a98f8056b514f296bbc9645ec2bf3ae7a1a0979,true,,true,true,true,true,true,true
r0119,e1e760a979889c050e78cb8adedb1909ab0e22587599107e8f5292a9aecd0337,fp32,2023,e12cefb2a1c76da9120230bb9df9f01d1cc564f60979fbe3468be7df802e6bea,true,true,true,true,true,true,true,true,false,0.0004127025604248047,2.07351190632347e-06,0.0687090020433118,29622.88963666422,29622.889760442908,2.3194564270722417e-06,false,0.000102996826171875,1.4843782992102206e-05,true,16c8b1233226548147a0574e62305f692c6a54b193fbc17e0d0eea831f5c05fd,16c8b1233226548147a0574e62305f692c6a54b193fbc17e0d0eea831f5c05fd,16c8b1233226548147a0574e62305f692c6a54b193fbc17e0d0eea831f5c05fd,16c8b1233226548147a0574e62305f692c6a54b193fbc17e0d0eea831f5c05fd,true,,true,true,true,true,true,true
r0120,757819b6d041e35396f1309bcf7223ae8c9990b83c96562bd8fecfedd0594ce5,fp32,1647,f412ff7eddf494ab97a2654b6622242be6a26541ff125a065d18d81645f7b310,true,true,true,true,true,true,true,true,false,0.004375934600830078,2.5388901352396687e-06,0.10076374116066363,26780.85946103239,26780.85924692869,3.762528282831265e-06,false,9.655952453613281e-05,1.5795554645592347e-05,true,9ef429ce51336cfef961d35e8f2f5b108436f489cee6e841f6e2f47537741ebe,9ef429ce51336cfef961d35e8f2f5b108436f489cee6e841f6e2f47537741ebe,9ef429ce51336cfef961d35e8f2f5b108436f489cee6e841f6e2f47537741ebe,9ef429ce51336cfef961d35e8f2f5b108436f489cee6e841f6e2f47537741ebe,true,,true,true,true,true,true,true
r0121,b8388626e184de06e510142eb82a2c5cc7f87196e3c40af922bfda10a7f4cb4c,fp32,1938,e1bdba366816105d1aa5305d1d984a822f1dfc78af5fd6928308857894ac08f9,true,true,true,true,true,true,true,true,false,0.002301245927810669,2.874866355565923e-06,0.1469821696039321,28796.08525909524,28796.085305853678,5.104241359295234e-06,false,0.00011307001113891602,1.8215969248558395e-05,true,08ffd0310b3a5e924a0dd46c95e32aad106723b8b53899f6a31e9b6f6093bd51,08ffd0310b3a5e924a0dd46c95e32aad106723b8b53899f6a31e9b6f6093bd51,08ffd0310b3a5e924a0dd46c95e32aad106723b8b53899f6a31e9b6f6093bd51,08ffd0310b3a5e924a0dd46c95e32aad106723b8b53899f6a31e9b6f6093bd51,true,,true,true,true,false,false,true
r0122,3f2b42b3e287f0c774d4d53f1de4eefe2fa645a2c4ac37b4a211f68dc8975645,fp32,1740,1dad54486d62e2046d8095cf56936f3e9c5d805bb3103d479fa977711310edc1,true,true,true,true,true,true,true,true,false,0.00033143162727355957,1.942786819271921e-06,0.05907434059072177,27399.680448846462,27399.680673770454,2.156022958591385e-06,false,0.00010201334953308105,1.574550333316438e-05,true,780e37195cf2c7f8362027310f292fd7cebb827bab46c92d86bccef169d31bd7,780e37195cf2c7f8362027310f292fd7cebb827bab46c92d86bccef169d31bd7,780e37195cf2c7f8362027310f292fd7cebb827bab46c92d86bccef169d31bd7,780e37195cf2c7f8362027310f292fd7cebb827bab46c92d86bccef169d31bd7,true,,true,true,true,true,true,true
r0123,6755be8560895c78b0ae3281012566701e098ad6346e8181cd9fcf157871dfa5,fp32,2126,c14ffa2202bd8f51474ada87e5e36571cf9165f9c5284badf2f20ea7c5f93b04,true,true,true,true,true,true,true,true,false,0.004971981048583984,2.5973499614787934e-06,0.18202136949552816,30247.40868189945,30247.408993070072,6.017750794364924e-06,false,0.0001125335693359375,1.7261665561818518e-05,true,af323654445d745465e7627d8917cdc88adb74b08135def830b0362e7cae0f0c,af323654445d745465e7627d8917cdc88adb74b08135def830b0362e7cae0f0c,af323654445d745465e7627d8917cdc88adb74b08135def830b0362e7cae0f0c,af323654445d745465e7627d8917cdc88adb74b08135def830b0362e7cae0f0c,true,,true,true,true,false,false,true
r0124,72e8b64cd06ec8ad37e9346997a35086898655f92f7e9b027792ae62b34c5ba9,fp32,1957,bdd55d53742f833909cdffe51dbfdde6f46e709bbd046e55e86169af3be904fa,true,true,true,true,true,true,true,true,false,0.0032743215560913086,3.0256717256834285e-06,0.19741152364135736,29224.076914514146,29224.077135059877,6.755098637640962e-06,false,0.00012159347534179688,1.7234446204383858e-05,true,5e5eea747e76ec504c3dc91f9e06f5318e4fdc221e822d84cc8b5cda6097c346,5e5eea747e76ec504c3dc91f9e06f5318e4fdc221e822d84cc8b5cda6097c346,5e5eea747e76ec504c3dc91f9e06f5318e4fdc221e822d84cc8b5cda6097c346,5e5eea747e76ec504c3dc91f9e06f5318e4fdc221e822d84cc8b5cda6097c346,true,,true,true,true,false,false,true
r0125,837dece51d5bf9dee1524dc189553bed8979539ce66d72d467b320a3ff17e6a6,fp32,2116,9dd6feb202c4588fff2899d2cc715484a0f701509892859303bf3740db856fd5,true,true,true,true,true,true,true,true,false,0.0008168220520019531,2.076350943625016e-06,0.0755264995157449,30347.73108474828,30347.731137359482,2.4887033292175254e-06,false,0.00011324882507324219,1.5198680557659827e-05,true,cce2c11909dad39dff4a386f35680078f18485341af9dd2b14c10845f82b80ec,cce2c11909dad39dff4a386f35680078f18485341af9dd2b14c10845f82b80ec,cce2c11909dad39dff4a386f35680078f18485341af9dd2b14c10845f82b80ec,cce2c11909dad39dff4a386f35680078f18485341af9dd2b14c10845f82b80ec,true,,true,true,true,false,false,true
r0126,25d43c749fc5808852d3a9239a577970ca494af866187736946dd0db4e289386,fp32,1590,aff753bbc4a599ca3a42d1dc4f084cb39016cc9ebf1b75d804736f3d1d682049,true,true,true,true,true,true,true,true,false,0.0009813308715820312,2.1870138027975847e-06,0.0751165759870212,26107.683684621283,26107.684041608165,2.8771826665018206e-06,false,9.822845458984375e-05,1.631028499105014e-05,true,528fd440f3bf2bb90adbe010b7219313a0c1249dc55e56e71e215888cbcd6a9a,528fd440f3bf2bb90adbe010b7219313a0c1249dc55e56e71e215888cbcd6a9a,528fd440f3bf2bb90adbe010b7219313a0c1249dc55e56e71e215888cbcd6a9a,528fd440f3bf2bb90adbe010b7219313a0c1249dc55e56e71e215888cbcd6a9a,true,,true,true,true,true,true,true
r0127,bac597a439df6573c9c51830487830610efd53ed3336c0862d51e4aecb83f169,fp32,2216,5da0d386e19c8302016822192a10d7633c7f96d4428f64a929a79f29d2c0b82f,true,true,true,true,true,true,true,true,false,0.0013942718505859375,2.581081461154137e-06,0.11241722800693049,31244.92814937739,31244.928177686517,3.597935235044418e-06,false,9.775161743164062e-05,1.535826777399052e-05,true,cb86f5399d9dbb2ae5cc415e73eee97e88ee242d41028eb7f42a865b6eca037a,cb86f5399d9dbb2ae5cc415e73eee97e88ee242d41028eb7f42a865b6eca037a,cb86f5399d9dbb2ae5cc415e73eee97e88ee242d41028eb7f42a865b6eca037a,cb86f5399d9dbb2ae5cc415e73eee97e88ee242d41028eb7f42a865b6eca037a,true,,true,true,true,false,false,true
r0128,a13a78e5759593ecc917a1f3d8632236cdc102d7db825c9d2b0496c4404325f8,fp32,2226,233790a8c613906d583c29f75d86158ec4255b51edbe532d1f650dcdf2ece969,true,true,true,true,true,true,true,true,false,0.0021499991416931152,2.560774000034035e-06,0.14191712048642488,30975.288372122104,30975.288592200734,4.5816238342379216e-06,false,9.045004844665527e-05,1.5537543731625192e-05,true,f63bbdd590ef5add223c68eab240675f52538ea34f3074018cae168c0ada4e5b,f63bbdd590ef5add223c68eab240675f52538ea34f3074018cae168c0ada4e5b,f63bbdd590ef5add223c68eab240675f52538ea34f3074018cae168c0ada4e5b,f63bbdd590ef5add223c68eab240675f52538ea34f3074018cae168c0ada4e5b,true,,true,true,true,true,true,true
r0129,15cb3097de0c194d860edbc4fce4dc3d06c7a1e3487d8b27afe98160a234ac04,fp32,3192,d094e96bc221e7d13d67280cdd15045ea4c099a27cc7e7be4eef670fda1a8237,true,true,true,true,true,true,true,true,false,0.003390371799468994,2.4604842561911275e-06,0.23750743986417513,38458.34860594551,38458.34867573812,6.175705615098585e-06,false,0.00010538101196289062,1.821244768507313e-05,true,a125fd7c7b67124936e3d2d0cd57d35908ff81d6cc38b41a01435fd3d774c68a,a125fd7c7b67124936e3d2d0cd57d35908ff81d6cc38b41a01435fd3d774c68a,a125fd7c7b67124936e3d2d0cd57d35908ff81d6cc38b41a01435fd3d774c68a,a125fd7c7b67124936e3d2d0cd57d35908ff81d6cc38b41a01435fd3d774c68a,true,,true,true,true,false,false,true
r0130,8e97ce04d9d581e3dad75086c4be235ba11c068a721bf7c2832c6ee405360a85,fp32,2092,1137132140bc867225b9543bb2d6817aa6fd83edd4a1ebe35e772e977d44cf06,true,true,true,true,true,true,true,true,false,0.009622573852539062,3.943800348441921e-06,0.4405394182851007,30521.21560251312,30521.216129586926,1.4433874994189589e-05,false,9.72747802734375e-05,1.5268054994521663e-05,true,5e36020861386de9e52e47161f0f1e8e6f5e5bc6d59e7887eabbd2c44c6ceed0,5e36020861386de9e52e47161f0f1e8e6f5e5bc6d59e7887eabbd2c44c6ceed0,5e36020861386de9e52e47161f0f1e8e6f5e5bc6d59e7887eabbd2c44c6ceed0,5e36020861386de9e52e47161f0f1e8e6f5e5bc6d59e7887eabbd2c44c6ceed0,true,,true,true,true,false,false,true
r0131,97f3021443b1b17c8fc14df5f30232787bac45a2e71654c7be6db076b44669ac,fp32,2120,681e3dfe8132a4047ca369d5b27dcb55095968beec33539ebf96fb583642589f,true,true,true,true,true,true,true,true,false,0.00511324405670166,2.99622203196274e-06,0.23414953380959935,30664.27401693865,30664.274335882274,7.635906568172254e-06,false,0.00011444091796875,1.8668011762201786e-05,true,e06242592308926bb4eb8a1208b019f08533acee3745de2bd0ad7696eededf0c,e06242592308926bb4eb8a1208b019f08533acee3745de2bd0ad7696eededf0c,e06242592308926bb4eb8a1208b019f08533acee3745de2bd0ad7696eededf0c,e06242592308926bb4eb8a1208b019f08533acee3745de2bd0ad7696eededf0c,true,,true,true,true,false,false,true
r0132,d94c2d2a0f22cf37eeee658573ce8bf1d6fda1d56463ea29bf74f80c4f7ef99a,fp32,2607,2136fc03dbbaf1530d163d49d3ca96d39a6bb2460cf770788c7af1cea58485b9,true,true,true,true,true,true,true,true,false,0.03826594352722168,5.608977428517292e-06,1.4545043161350575,34383.921351654535,34383.92106001486,4.230187421787677e-05,false,0.0001544952392578125,2.1969524823362008e-05,true,c9c1b9a97957f7b059087daace73230cf2b284fd3b653480d191af76ba846537,c9c1b9a97957f7b059087daace73230cf2b284fd3b653480d191af76ba846537,c9c1b9a97957f7b059087daace73230cf2b284fd3b653480d191af76ba846537,c9c1b9a97957f7b059087daace73230cf2b284fd3b653480d191af76ba846537,true,,true,true,true,false,false,true
r0133,af1b66a382b2f45cec16926d7ab9bc6cb637508b02d696801ba27ab45068fefa,fp32,2128,42aaa861ff8409ad171bd037667fae1eb300a31b997e6be37b10ef824e9a6d9a,true,true,true,true,true,true,true,true,false,0.0045348405838012695,3.2596900143566643e-06,0.3177928656148298,30700.27723978463,30700.27786272359,1.0351465450438e-05,false,0.000102996826171875,1.6798299839138053e-05,true,89c4816de1c9d29b1a4d46036559b68c5432c91f611161d96ecd4e648d1772eb,89c4816de1c9d29b1a4d46036559b68c5432c91f611161d96ecd4e648d1772eb,89c4816de1c9d29b1a4d46036559b68c5432c91f611161d96ecd4e648d1772eb,89c4816de1c9d29b1a4d46036559b68c5432c91f611161d96ecd4e648d1772eb,true,,true,true,true,false,false,true
r0134,88794d8931de213c48f4e58d58e0031203fda56582ef1165b417b2d89f431423,fp32,1698,c5f4ce4a8aac7ad3015655d4a0982ba383f49690d7c62fddd89d64f2e26c34ef,true,true,true,true,true,true,true,true,false,0.003132641315460205,2.309760438394074e-06,0.11610438465497,27096.25989492208,27096.26012914672,4.284885962180427e-06,false,0.000102996826171875,1.6004632925614715e-05,true,2d2bdd54daeb58c6c17bff8f2a83cc593ceb80b3d88be4322cc48d7ef53532c9,2d2bdd54daeb58c6c17bff8f2a83cc593ceb80b3d88be4322cc48d7ef53532c9,2d2bdd54daeb58c6c17bff8f2a83cc593ceb80b3d88be4322cc48d7ef53532c9,2d2bdd54daeb58c6c17bff8f2a83cc593ceb80b3d88be4322cc48d7ef53532c9,true,,true,true,true,true,true,true
r0135,c45c32e987046cce8d663c2fcb50cbc23d2d724de0e702c915f61c9c4872bd8c,fp32,2207,c0b4ef88dbf2287a938574ce6f0f19cf5fd7967adadd1f9107b5b8ccafb21f8e,true,true,true,true,true,true,true,true,false,0.002955913543701172,2.759700764280263e-06,0.15981875164526366,31133.65418835488,31133.65412377321,5.133311710805912e-06,false,9.799003601074219e-05,1.5577788872178644e-05,true,a457ac5c037412a458827edba7ead7f3c2895366212d2da1d9d1cd7d56fb9d17,a457ac5c037412a458827edba7ead7f3c2895366212d2da1d9d1cd7d56fb9d17,a457ac5c037412a458827edba7ead7f3c2895366212d2da1d9d1cd7d56fb9d17,a457ac5c037412a458827edba7ead7f3c2895366212d2da1d9d1cd7d56fb9d17,true,,true,true,true,true,true,true
r0136,d622a0d75c019e36f5cf10acd9ab55fd4b7639ee6e182dd3b3230df542d334f4,fp32,2686,835dbbc855cd86606c8673c13f2e380b72412f7e313a17f57e7562f7b1760b12,true,true,true,true,true,true,true,true,false,0.0017876625061035156,2.9383849627177363e-06,0.19043094187611595,34817.001019037016,34817.00123452667,5.469481435043089e-06,false,0.00010776519775390625,1.7018915968947113e-05,true,19f56df316a3fbb6d1ab89de82db2850d95f6dbb5c197d26e643eb7a1a581262,19f56df316a3fbb6d1ab89de82db2850d95f6dbb5c197d26e643eb7a1a581262,19f56df316a3fbb6d1ab89de82db2850d95f6dbb5c197d26e643eb7a1a581262,19f56df316a3fbb6d1ab89de82db2850d95f6dbb5c197d26e643eb7a1a581262,true,,true,true,true,false,false,true
r0137,5869524c796aded9a7dd159b5f246c002f990ad721d57e38d41d5cefffefc1a5,fp32,2210,ebd3c21fa22efa1a4739348a0e7730a59de7dfe488e4175bf21b7e6cfd7ad176,true,true,true,true,true,true,true,true,false,0.004308462142944336,2.7537521685161437e-06,0.153582343126985,31378.237422188904,31378.23725436624,4.89454971802783e-06,false,0.0001036524772644043,1.725229412841145e-05,true,b29dc8fe1124bec6f633da0a3afd510b1efd09a050b2a53167659cc82312932b,b29dc8fe1124bec6f633da0a3afd510b1efd09a050b2a53167659cc82312932b,b29dc8fe1124bec6f633da0a3afd510b1efd09a050b2a53167659cc82312932b,b29dc8fe1124bec6f633da0a3afd510b1efd09a050b2a53167659cc82312932b,true,,true,true,true,false,false,true
r0138,a90316e7ee955ad50b17632f0e840fb8f143eea86a79d6920635093db65ee1ee,fp32,2333,b3613529812e137efb2d45c3f492e35900e1094e18318d66dc680e055e2c51d6,true,true,true,true,true,true,true,true,false,0.0011497735977172852,2.36841618979818e-06,0.10619334309816078,31772.806281190107,31772.805996685456,3.3422714430178788e-06,false,0.00011670589447021484,1.6430336472694762e-05,true,c8458ada4f480379a2f42a36bda30da8b8ae9e3a13556536a1e7c38159962c9f,c8458ada4f480379a2f42a36bda30da8b8ae9e3a13556536a1e7c38159962c9f,c8458ada4f480379a2f42a36bda30da8b8ae9e3a13556536a1e7c38159962c9f,c8458ada4f480379a2f42a36bda30da8b8ae9e3a13556536a1e7c38159962c9f,true,,true,true,true,true,true,true
r0139,906090b978c5ec5348b6fb02e7712b787e5d3fdf5d89ccfeac144d9e9d116ea4,fp32,2161,1c4a1def28071ac9a13e75d4523a8ed6b340c970c02b143ef913eff50f7be244,true,true,true,true,true,true,true,true,false,0.0022923946380615234,2.7254259818236073e-06,0.15521090399784337,30589.73037837239,30589.730274768932,5.073954627190205e-06,false,0.00011539459228515625,1.8009543055086397e-05,true,6308fda839ffa969f9821b884f895fbab6595937b475a6aa2dfc79f7ca43868c,6308fda839ffa969f9821b884f895fbab6595937b475a6aa2dfc79f7ca43868c,6308fda839ffa969f9821b884f895fbab6595937b475a6aa2dfc79f7ca43868c,6308fda839ffa969f9821b884f895fbab6595937b475a6aa2dfc79f7ca43868c,true,,true,true,true,false,false,true
r0140,d0679d7cc024116bf439e41cf715dc50a8802cfd624673ae08623c3a81ac334f,fp32,1954,9b0dc72175f5ad193b2d60449dce4686098f9b02175429a92f8426c55846d1d6,true,true,true,true,true,true,true,true,false,0.0015416145324707031,2.5674091559402257e-06,0.11320016840826752,29114.69576772213,29114.695620076596,3.888076637014575e-06,false,0.000148773193359375,2.0321003830758855e-05,true,ea5fcf008ead710f61aaa75583c027b63cd63c0c7b9c05a11c9ab54087f6b87d,ea5fcf008ead710f61aaa75583c027b63cd63c0c7b9c05a11c9ab54087f6b87d,ea5fcf008ead710f61aaa75583c027b63cd63c0c7b9c05a11c9ab54087f6b87d,ea5fcf008ead710f61aaa75583c027b63cd63c0c7b9c05a11c9ab54087f6b87d,true,,true,true,true,false,false,true
r0141,1619f9d6f15e46f2845d7c5e42b5170ee6cbe09608e4b90bdec6a0af942344d2,fp32,1436,ed2e6e6dcd8d2e5df08f0cab16ea81c423f8bfe2c781f9f76e413bcc3d76489c,true,true,true,true,true,true,true,true,false,0.0003495216369628906,2.0150828835922376e-06,0.057507648956555864,24506.176360669473,24506.176372026417,2.346659392454236e-06,false,0.00011992454528808594,1.5616365999449044e-05,true,2eb9ce1d3901824352b85334b797d9aa507b2b783c5d20b4dee3a42308c8cfb8,2eb9ce1d3901824352b85334b797d9aa507b2b783c5d20b4dee3a42308c8cfb8,2eb9ce1d3901824352b85334b797d9aa507b2b783c5d20b4dee3a42308c8cfb8,2eb9ce1d3901824352b85334b797d9aa507b2b783c5d20b4dee3a42308c8cfb8,true,,true,true,true,true,true,true
r0142,6eb8b541413cb576c09a68dd77b4293467351b6df4417c083f32e825953988d5,fp32,2439,5ab7c54cf5fd4c7664157f4f741818b779167fba31aaa7ae326adf954bfc7dd3,true,true,true,true,true,true,true,true,false,0.006062984466552734,5.9311718838550576e-06,0.6978265914878138,33131.05462688836,33131.054967621625,2.1062613073135975e-05,false,0.00010514259338378906,1.8592143533169292e-05,true,f0688fb70d25deb67fc41190667f9233f6385033e85fafa8f83dd43944f790d1,f0688fb70d25deb67fc41190667f9233f6385033e85fafa8f83dd43944f790d1,f0688fb70d25deb67fc41190667f9233f6385033e85fafa8f83dd43944f790d1,f0688fb70d25deb67fc41190667f9233f6385033e85fafa8f83dd43944f790d1,true,,true,true,true,false,false,true
r0143,2b03b2e42ce538074e7f45cdd2abb4784cd154fa3b7067ed6d143f21b9d9fe4a,fp32,2466,679877ff9170e2d59ff7408790970d2c2ae139094f5f8dac39a53fc66615fe0e,true,true,true,true,true,true,true,true,false,0.0042046308517456055,3.6383200319178854e-06,0.27954614126646493,33392.25731043141,33392.257751545105,8.371585513816596e-06,false,9.322166442871094e-05,1.5067845197336283e-05,true,de001ebee58a127f364d4bf16acc2ba3df6dfc5a1143eeaf0771d46c15661d17,de001ebee58a127f364d4bf16acc2ba3df6dfc5a1143eeaf0771d46c15661d17,de001ebee58a127f364d4bf16acc2ba3df6dfc5a1143eeaf0771d46c15661d17,de001ebee58a127f364d4bf16acc2ba3df6dfc5a1143eeaf0771d46c15661d17,true,,true,true,true,false,false,true
r0144,3b337e6a45afa1f4ea19328022fb657e3e70d2dd564ea9c63c0295203fe7de6e,fp32,1938,490d312325a074d5ecfea7da4d49832a8d259b8de19d5896adfc4b6aaf6be546,true,true,true,true,true,true,true,true,false,0.0013289451599121094,2.2404609908803033e-06,0.07957486834424331,28898.11900316894,28898.119084115562,2.753634868505447e-06,false,0.00010919570922851562,1.67235812114086e-05,true,7708071e9d5db098d1dfcc7ae67fdfc81322067f4ace88b8328cc05568669292,7708071e9d5db098d1dfcc7ae67fdfc81322067f4ace88b8328cc05568669292,7708071e9d5db098d1dfcc7ae67fdfc81322067f4ace88b8328cc05568669292,7708071e9d5db098d1dfcc7ae67fdfc81322067f4ace88b8328cc05568669292,true,,true,true,true,true,true,true
r0145,99595f31772bae36d2080380d3e2238075c0ce1d592283b5cbb48e7fbd65dfd6,fp32,2080,d5604cd89c502e8fff1edaa3b209c1433b843153f88072695c5cafaa69d9be69,true,true,true,true,true,true,true,true,false,0.0022950172424316406,2.6823786972348293e-06,0.14482052045338673,30097.830072325254,30097.830313433267,4.811659808871685e-06,false,9.608268737792969e-05,1.59092087415047e-05,true,403e87aa79961d72b43ae5361e54668e3314f3f38e2422b15a31a702938f74fa,403e87aa79961d72b43ae5361e54668e3314f3f38e2422b15a31a702938f74fa,403e87aa79961d72b43ae5361e54668e3314f3f38e2422b15a31a702938f74fa,403e87aa79961d72b43ae5361e54668e3314f3f38e2422b15a31a702938f74fa,true,,true,true,true,false,false,true
r0146,db4b76d568540c4afbe61c816c7ae6e315753ad19d85737efb280cbf4a9e4df5,fp32,2488,0416d4cd06371f1e5ad21ec4438a0a479bd0da6a8def8e8fe85103b56568a8bf,true,true,true,true,true,true,true,true,false,0.0032110214233398438,3.1686567631602123e-06,0.2754760463219366,33554.07869919574,33554.079344201775,8.209912228437868e-06,false,0.00011420249938964844,1.6001611584215425e-05,true,d3e4bd762de639756b62b030c4f001c366b99a03ba1f4e1bf8f8b6364d18c597,d3e4bd762de639756b62b030c4f001c366b99a03ba1f4e1bf8f8b6364d18c597,d3e4bd762de639756b62b030c4f001c366b99a03ba1f4e1bf8f8b6364d18c597,d3e4bd762de639756b62b030c4f001c366b99a03ba1f4e1bf8f8b6364d18c597,true,,true,true,true,true,true,true
r0147,6f37a7b4739674b77fb6060f9045d8ae2ac7d19d4a32d445fba0f27cbea8b443,fp32,2266,b5cbb7fb4c5fb9ea0b8d981eedb1423662ef101c2275b384b17437f0f55ad22e,true,true,true,true,true,true,true,true,false,0.0018577277660369873,2.508043867070301e-06,0.12631316302324325,31597.906669427975,31597.906507484935,3.997516808461727e-06,false,9.340047836303711e-05,1.5299588994821534e-05,true,e94977269aad4eac1d00213617c66d0e293d2780cfa13f969dd932d9dab3c416,e94977269aad4eac1d00213617c66d0e293d2780cfa13f969dd932d9dab3c416,e94977269aad4eac1d00213617c66d0e293d2780cfa13f969dd932d9dab3c416,e94977269aad4eac1d00213617c66d0e293d2780cfa13f969dd932d9dab3c416,true,,true,true,true,false,false,true
r0148,37e6f2ea7ab7181970bed345fc13df47575713c7ec4b83bf64d840f0ccb5b96d,fp32,2151,b9c7c1c88558a979ca9608ff84e3204cdabb6f5cfd244b992cebeb53c1c4a78b,true,true,true,true,true,true,true,true,false,0.0008041858673095703,2.7530944190316355e-06,0.12076482900274894,30866.586507519918,30866.58645454838,3.912477622795363e-06,false,0.00010848045349121094,1.696856452326756e-05,true,03e328775562387f38ccbcd976d91b038eedab3e260e9b56c190a99bcd5a0a38,03e328775562387f38ccbcd976d91b038eedab3e260e9b56c190a99bcd5a0a38,03e328775562387f38ccbcd976d91b038eedab3e260e9b56c190a99bcd5a0a38,03e328775562387f38ccbcd976d91b038eedab3e260e9b56c190a99bcd5a0a38,true,,true,true,true,false,false,true
r0149,7c21a953269391e2555f2fc21e525632f196f177eeb4f3ad6db02290d0184659,fp32,1758,34c5c8651ab75323bdd20ca043cc6d34e9602095d868207917125719201b9b68,true,true,true,true,true,true,true,true,false,0.000667870044708252,1.8487515649479036e-06,0.06381620906693203,27205.434272057388,27205.43428171764,2.3457155069131625e-06,false,9.545683860778809e-05,1.6209114619414322e-05,true,194d4e16bce1ce48b134ed267d5e6fb00256983b3241df06c5d3d064816cdabf,194d4e16bce1ce48b134ed267d5e6fb00256983b3241df06c5d3d064816cdabf,194d4e16bce1ce48b134ed267d5e6fb00256983b3241df06c5d3d064816cdabf,194d4e16bce1ce48b134ed267d5e6fb00256983b3241df06c5d3d064816cdabf,true,,true,true,true,true,true,true
r0150,513dcdea0e81f2579721e695b8152083b00b095c81c5075dbf2bd3e0e9702367,fp32,1681,ffffbc26ffbb644db09c0a2f72c30789732118ad8e6047076c677c927e7d4e01,true,true,true,true,true,true,true,true,false,0.0012691617012023926,2.4305418007871302e-06,0.09736088631981465,26896.855576684626,26896.85576183151,3.619786906764636e-06,false,9.822845458984375e-05,1.4567007383448072e-05,true,245053a5755f0ced907881229a5599f38b118522ca31cefa12813f59da883944,245053a5755f0ced907881229a5599f38b118522ca31cefa12813f59da883944,245053a5755f0ced907881229a5599f38b118522ca31cefa12813f59da883944,245053a5755f0ced907881229a5599f38b118522ca31cefa12813f59da883944,true,,true,true,true,true,true,true
r0151,f981b4e8c48379e61b2155041d5a9232e2c5693f9f86e23708a26c9197b8d8e0,fp32,2048,cd28ca01fc972fe4f0a68ef4f7c907f1e36e64e3b52c4ea2d7e150aea1e034bf,true,true,true,true,true,true,true,true,false,0.0025720596313476562,2.364411953633313e-06,0.12288530238265251,29861.04528627472,29861.04474826716,4.1152378024467655e-06,false,0.00011539459228515625,1.760176382958889e-05,true,a4bda38de208c63d929e7bada08a2de82c35934d7898489339d994e19745b874,a4bda38de208c63d929e7bada08a2de82c35934d7898489339d994e19745b874,a4bda38de208c63d929e7bada08a2de82c35934d7898489339d994e19745b874,a4bda38de208c63d929e7bada08a2de82c35934d7898489339d994e19745b874,true,,true,true,true,true,true,true
r0152,5c5725aece2a6cdefd6a7bafcfd5936a1eca2a0bf2dfdc4f0e6a78ad0b8065f1,fp32,1953,454af48abda70f74a77bc576ee27d5f8d34585517f59d9d20ec688d0b9dceaaa,true,true,true,true,true,true,true,true,false,0.0008586645126342773,2.343711324200489e-06,0.09173527908331568,28846.680556310643,28846.680397533026,3.1800982752328227e-06,false,0.000118255615234375,1.6902395145734772e-05,true,09f1988c0ba826ff8acbdd76abb83af3f9c6ef3abf3eec759d4e23f16fa36449,09f1988c0ba826ff8acbdd76abb83af3f9c6ef3abf3eec759d4e23f16fa36449,09f1988c0ba826ff8acbdd76abb83af3f9c6ef3abf3eec759d4e23f16fa36449,09f1988c0ba826ff8acbdd76abb83af3f9c6ef3abf3eec759d4e23f16fa36449,true,,true,true,true,true,true,true
r0153,a06dcc71f654bdde60e9efe9ef6e0334b60db983cc686af11f6e55711a389982,fp32,2302,a97bc3e1ccba1bcd414285f755fc76f3e7b720efefa9b611e0ef831720b1f49c,true,true,true,true,true,true,true,true,false,0.004143714904785156,3.631975373230567e-06,0.2528850719427093,32190.399191422955,32190.399048291565,7.855915996533832e-06,false,0.00010204315185546875,1.6572781532886438e-05,true,651b949ea7caca03daa9d36c75f90ae68341380726c2dd648b25292a336e0cd3,651b949ea7caca03daa9d36c75f90ae68341380726c2dd648b25292a336e0cd3,651b949ea7caca03daa9d36c75f90ae68341380726c2dd648b25292a336e0cd3,651b949ea7caca03daa9d36c75f90ae68341380726c2dd648b25292a336e0cd3,true,,true,true,true,false,false,true
r0154,d0b5b47524c18241a26d34472320d5a536542d100af382303f7ea124fffd7731,fp32,2010,c9fd70156bc8c6401d5911904c9e454efd2fdaaf75b1214a5c50cd87de6766ae,true,true,true,true,true,true,true,true,false,0.00024271011352539062,2.0812766909905633e-06,0.06534652347087493,29591.734095980588,29591.734038784227,2.208269486976462e-06,false,0.00011777877807617188,1.7014654076774605e-05,true,8c4772e29ea560dbf42ac89118f47b48c125b5c54eb3c7db54f308275e33753d,8c4772e29ea560dbf42ac89118f47b48c125b5c54eb3c7db54f308275e33753d,8c4772e29ea560dbf42ac89118f47b48c125b5c54eb3c7db54f308275e33753d,8c4772e29ea560dbf42ac89118f47b48c125b5c54eb3c7db54f308275e33753d,true,,true,true,true,false,false,true
r0155,3800904ff3f42f3aea8b32a670e01e33d8f795c7954c4986b53fb0c2fc0a44b5,fp32,2148,ada2f0683934e4783220793d2cdc05b361439cdebc2be6dd225a25b75ca1f410,true,true,true,true,true,true,true,true,false,0.0013818740844726562,2.5196434620955444e-06,0.11705209910057354,30651.56368031429,30651.563553113712,3.8187969893278e-06,false,0.00010395050048828125,1.6916288586799055e-05,true,6c99425764a3370e5e2bf89ffdd3e803472ac622089ba29e215fb41885229e40,6c99425764a3370e5e2bf89ffdd3e803472ac622089ba29e215fb41885229e40,6c99425764a3370e5e2bf89ffdd3e803472ac622089ba29e215fb41885229e40,6c99425764a3370e5e2bf89ffdd3e803472ac622089ba29e215fb41885229e40,true,,true,true,true,true,true,true
r0156,aae5812174ae05b375cf39da8cc3144b681cf55cfa84d51ac30e61632061eb26,fp32,2060,55f49b8daefee37a507d442c12d3e4911a952958455e296cd285885b15058243,true,true,true,true,true,true,true,true,false,0.000746607780456543,2.240015588942749e-06,0.08392388885719985,29954.04440017014,29954.044280454407,2.80175483938066e-06,false,0.00012511014938354492,1.686646464804653e-05,true,bfdeb2329bfce84d4b57520a734addabf24f755998df821a27809621754041ca,bfdeb2329bfce84d4b57520a734addabf24f755998df821a27809621754041ca,bfdeb2329bfce84d4b57520a734addabf24f755998df821a27809621754041ca,bfdeb2329bfce84d4b57520a734addabf24f755998df821a27809621754041ca,true,,true,true,true,true,true,true
r0157,33941e8205a7b5f406beedd3900ed3232c2338ee90f5c91fb1bae75d88f8f3d6,fp32,1481,50ddfb8a71c6057fb78a2708b9c3ef6b41182c95a93e0a16821d7bbbab21457d,true,true,true,true,true,true,true,true,false,0.0006003379821777344,1.8743068585328853e-06,0.05564364696245693,25258.67295856297,25258.673017224846,2.202952107757657e-06,false,8.988380432128906e-05,1.6052457795012742e-05,true,0474e5b3d856698864180c7c52ece387f74899c87c595b56d67187da55d9ff2b,0474e5b3d856698864180c7c52ece387f74899c87c595b56d67187da55d9ff2b,0474e5b3d856698864180c7c52ece387f74899c87c595b56d67187da55d9ff2b,0474e5b3d856698864180c7c52ece387f74899c87c595b56d67187da55d9ff2b,true,,true,true,true,false,false,true
r0158,cc877f3d2ef40fa33dfe86e972a15f4f5f1e5b94b2995d044bb4f2492a85e67c,fp32,1862,489bd8a0111d4dd5972f12b4b1239b07a0e99a1b69a19d5ff2952b0c54634ee4,true,true,true,true,true,true,true,true,false,0.0011088848114013672,2.1552525254856882e-06,0.08860544488000627,28533.2872470072,28533.287380053192,3.1053360133311457e-06,false,0.00011205673217773438,1.5900097423582338e-05,true,7c938072f7a0b6f2cab7efaaebb2625a844a83aaf1852449dcf7aeab7fa6d778,7c938072f7a0b6f2cab7efaaebb2625a844a83aaf1852449dcf7aeab7fa6d778,7c938072f7a0b6f2cab7efaaebb2625a844a83aaf1852449dcf7aeab7fa6d778,7c938072f7a0b6f2cab7efaaebb2625a844a83aaf1852449dcf7aeab7fa6d778,true,,true,true,true,true,true,true
r0159,88627afe2afca515947222686d816058ddd8586d9ff98dd8fd4d67bf238a9f8f,fp32,2220,60c60f87b73027c5ab1b7626711f0befe5faf185d4d2e324e0ceb7ca1f9bec32,true,true,true,true,true,true,true,true,false,0.0036535263061523438,2.769775571490977e-06,0.1642890229343292,31126.961190089063,31126.96106177623,5.2780296133321045e-06,false,0.00010436773300170898,1.7994079826166853e-05,true,525e8fc23dd274da76c1f998ed78fa5a68d2581ec668c850078187c6c5554bd4,525e8fc23dd274da76c1f998ed78fa5a68d2581ec668c850078187c6c5554bd4,525e8fc23dd274da76c1f998ed78fa5a68d2581ec668c850078187c6c5554bd4,525e8fc23dd274da76c1f998ed78fa5a68d2581ec668c850078187c6c5554bd4,true,,true,true,true,true,true,true
r0160,f394fab24b0a8f35d65c1de2e2142390698458ac57dedfeb6fc5b58abdefe436,fp32,2026,677d80d25a077eca0556e894bbc2e0a24edd0bdc68b5324ea284541df16994be,true,true,true,true,true,true,true,true,false,0.0012383460998535156,2.440365849546803e-06,0.094468271259595,29751.71098171438,29751.710942793383,3.1752214626464977e-06,false,0.00010164082050323486,1.589641578902956e-05,true,976e635bc440c2e9c8c54932e1b5f426dfbbaa1e8b0589aef4a52827443f33df,976e635bc440c2e9c8c54932e1b5f426dfbbaa1e8b0589aef4a52827443f33df,976e635bc440c2e9c8c54932e1b5f426dfbbaa1e8b0589aef4a52827443f33df,976e635bc440c2e9c8c54932e1b5f426dfbbaa1e8b0589aef4a52827443f33df,true,,true,true,true,false,false,true
r0161,b4de3e8f3ed30c3ce12cba5496840efd4d51b1b5c16f965bb1d73ffea816076b,fp32,2147,c4ee9bb2c1363533189788dafccddff5854f812984805d0d84939d6691fa3f2a,true,true,true,true,true,true,true,true,false,0.0016097426414489746,2.763545377352609e-06,0.13743937982180143,30864.601880595725,30864.601843233006,4.45297756807316e-06,false,0.0001061558723449707,1.5900672224233858e-05,true,4c410a4a661f12731dc77d42151537a5fe9992098e5732be7f9cab47b1358901,4c410a4a661f12731dc77d42151537a5fe9992098e5732be7f9cab47b1358901,4c410a4a661f12731dc77d42151537a5fe9992098e5732be7f9cab47b1358901,4c410a4a661f12731dc77d42151537a5fe9992098e5732be7f9cab47b1358901,true,,true,true,true,false,false,true
r0162,9d8adba5e45d23dcf0c03008f2c9d953ea4f5c12bf9775cc0f8626166ed60d8d,fp32,1550,38689d692dd25cdd4f5fdd43e5689e7d7ebb15fc1b8b8392bbf830b0d63b6a8c,true,true,true,true,true,true,true,true,false,0.0010571479797363281,2.2734185320209357e-06,0.08807982277012384,25709.28768862044,25709.2876025111,3.425992343191606e-06,false,0.00010204315185546875,1.5729034203104675e-05,true,a6255a58e0c1592e8fdecf09fd273a1d2bd581eb1da1bc79ac317905de61ecb8,a6255a58e0c1592e8fdecf09fd273a1d2bd581eb1da1bc79ac317905de61ecb8,a6255a58e0c1592e8fdecf09fd273a1d2bd581eb1da1bc79ac317905de61ecb8,a6255a58e0c1592e8fdecf09fd273a1d2bd581eb1da1bc79ac317905de61ecb8,true,,true,true,true,false,false,true
r0163,54e3c4560f237ac0b6adfa480f7ee7bda98662a0cfbc61687c141683a42584f1,fp32,2423,d99be7e9905a345d0a09a72bcca092055a93a2046d4996ec3c963a15af9219f6,true,true,true,true,true,true,true,true,false,0.006366372108459473,2.7041158513855614e-06,0.2233440621719383,32564.877190696065,32564.877212323507,6.858434033567255e-06,false,0.0011817216873168945,5.1384900871198624e-05,true,ff20f96e29013e5a173442a43cac2e42e3f95299217de6598a49adad1ffa0df2,ff20f96e29013e5a173442a43cac2e42e3f95299217de6598a49adad1ffa0df2,ff20f96e29013e5a173442a43cac2e42e3f95299217de6598a49adad1ffa0df2,ff20f96e29013e5a173442a43cac2e42e3f95299217de6598a49adad1ffa0df2,true,,true,true,true,false,false,true
r0164,0dcfb956f02105117d8745dba921072967c55bb38fac05d5587ded16b9f8fc8d,fp32,2307,8e4f533d7b5b40cf234d06e6ca2fad30f38c8b5cc77ab599a1ff55669a170a02,true,true,true,true,true,true,true,true,false,0.0031179189682006836,2.721529547685305e-06,0.1758672055951476,32070.501247508037,32070.501001093944,5.483768533515295e-06,false,0.00011813640594482422,1.9231014448450878e-05,true,96fbb21c60b29804a2743e4a775fd59053551b0e74fb33210b85903de14142f1,96fbb21c60b29804a2743e4a775fd59053551b0e74fb33210b85903de14142f1,96fbb21c60b29804a2743e4a775fd59053551b0e74fb33210b85903de14142f1,96fbb21c60b29804a2743e4a775fd59053551b0e74fb33210b85903de14142f1,true,,true,true,true,false,false,true
r0165,1e2cea36c4a993a124b71cd34fe1fceefbf387cda70ae453e28c0c0c46a48d4a,fp32,2027,2696d5173d3cf880f76fb64a795fc5541e4399293c4f49b67bf14d62697bb57b,true,true,true,true,true,true,true,true,false,0.0008727908134460449,2.5641798900484978e-06,0.10232604726922986,29639.053335803423,29639.053527685868,3.4524060349513864e-06,false,9.965896606445312e-05,1.584708115842659e-05,true,b3538073f2a39f489e6e59164c49a3ff2fbf2df800aaa2b02302dd1d4028e4d2,b3538073f2a39f489e6e59164c49a3ff2fbf2df800aaa2b02302dd1d4028e4d2,b3538073f2a39f489e6e59164c49a3ff2fbf2df800aaa2b02302dd1d4028e4d2,b3538073f2a39f489e6e59164c49a3ff2fbf2df800aaa2b02302dd1d4028e4d2,true,,true,true,true,false,false,true
r0166,0c011ae47ce404da3f9521ef1e7158103985ff578be7bd64326a1c6ee33b2d95,fp32,2058,64e8f44e191773fea44ab4567d4d25dac7e974e3467745469919504894bead85,true,true,true,true,true,true,true,true,false,0.0018830299377441406,2.5127826000688933e-06,0.13265265357829278,29808.025251832372,29808.025620026303,4.4502328087497035e-06,false,0.0001010894775390625,1.591723776073195e-05,true,af82e06f6b6f9f6a1c206f3eadf28b6d46de7f1d4e6cc6dfeb1301505805e72f,af82e06f6b6f9f6a1c206f3eadf28b6d46de7f1d4e6cc6dfeb1301505805e72f,af82e06f6b6f9f6a1c206f3eadf28b6d46de7f1d4e6cc6dfeb1301505805e72f,af82e06f6b6f9f6a1c206f3eadf28b6d46de7f1d4e6cc6dfeb1301505805e72f,true,,true,true,true,false,false,true
r0167,03646bbee196afc8e835aca479f774fb29b03edcbcb040b2d7a4edcf2c24a549,fp32,1330,4b4a79e7704e0d049eb103d8566ad57051b3d820908603e4880b067eb8638c90,true,true,true,true,true,true,true,true,false,0.0002799034118652344,2.0439907949162026e-06,0.052158299410068804,23621.983035363453,23621.983189750874,2.208040662424114e-06,false,9.250640869140625e-05,1.5398161849589087e-05,true,de8c7b7be975d9deb6ddf6140f21ac50b596c729800ebfc621357acfece2e7c9,de8c7b7be975d9deb6ddf6140f21ac50b596c729800ebfc621357acfece2e7c9,de8c7b7be975d9deb6ddf6140f21ac50b596c729800ebfc621357acfece2e7c9,de8c7b7be975d9deb6ddf6140f21ac50b596c729800ebfc621357acfece2e7c9,true,,true,true,true,true,true,true
r0168,920759cd0a2bd78f24c4798e93483101b1541315850776c801f60fab41c527d3,fp32,2082,f7131c9b6edaaecc8b7c0d7c7e46468307a7b69720a8e6ab461113f459a0154d,true,true,true,true,true,true,true,true,false,0.002097606658935547,2.813702347855459e-06,0.12620299919930017,30277.90212366876,30277.902076913164,4.16815533268552e-06,false,0.00013256072998046875,1.933822568389587e-05,true,4fb0533ecde10a921f46f6ff05af973849bd340b675da712dc04ad3c91c878da,4fb0533ecde10a921f46f6ff05af973849bd340b675da712dc04ad3c91c878da,4fb0533ecde10a921f46f6ff05af973849bd340b675da712dc04ad3c91c878da,4fb0533ecde10a921f46f6ff05af973849bd340b675da712dc04ad3c91c878da,true,,true,true,true,false,false,true
r0169,747ee4098802fee2f51ac5a0990fad98be05a31e037dd19a7fc81364d6e0eb4e,fp32,1025,8d9e58fc5b71c44fd176606882451fb5a0b76bae4ec6ed1ff6d7049dc82bd8e2,true,true,true,true,true,true,true,true,false,0.0015025138854980469,2.3353334143531392e-06,0.08571165150490903,20761.8970514406,20761.897108407546,4.128315011743317e-06,false,8.96453857421875e-05,1.5185327356448397e-05,true,a6bb16563a039e6f50958134b6279c6cb3e6321037cb0d39c4d6d6e6a8fea99b,a6bb16563a039e6f50958134b6279c6cb3e6321037cb0d39c4d6d6e6a8fea99b,a6bb16563a039e6f50958134b6279c6cb3e6321037cb0d39c4d6d6e6a8fea99b,a6bb16563a039e6f50958134b6279c6cb3e6321037cb0d39c4d6d6e6a8fea99b,true,,true,true,true,true,true,true
r0170,8b8054ac321d8e3fcd23ea32863c97c65bd30c7975504214c5bb6449c21714f7,fp32,2164,36bfbe2f9e0c02a8c56344e175c894ca97fb2ef54eb2e30e93ac79dc2c38a228,true,true,true,true,true,true,true,true,false,0.0015787482261657715,2.7333024032275923e-06,0.11476176155544526,31127.95016496219,31127.950032793313,3.6867754203944274e-06,false,0.00010013580322265625,1.6036296074162237e-05,true,04799c33790ade9a91e699911196a2e808235f6bb094236469c07c132b48ea5c,04799c33790ade9a91e699911196a2e808235f6bb094236469c07c132b48ea5c,04799c33790ade9a91e699911196a2e808235f6bb094236469c07c132b48ea5c,04799c33790ade9a91e699911196a2e808235f6bb094236469c07c132b48ea5c,true,,true,true,true,false,false,true
r0171,f2f7bc361d83c2082118c23344195c8a03c865d2b7baa2323577110124770092,fp32,1602,767cd5ccd4a15600dd1125898db17379bb7fd019643439288f77689bbee3b559,true,true,true,true,true,true,true,true,false,0.00121307373046875,2.121391471450925e-06,0.06951076833769504,26013.910472188974,26013.91032487444,2.6720614884873924e-06,false,0.0001049041748046875,1.7977696188609116e-05,true,2081bb91ae3964a490483442ade9fbc45ae8386c16dfe4146d9dea4c03d2409c,2081bb91ae3964a490483442ade9fbc45ae8386c16dfe4146d9dea4c03d2409c,2081bb91ae3964a490483442ade9fbc45ae8386c16dfe4146d9dea4c03d2409c,2081bb91ae3964a490483442ade9fbc45ae8386c16dfe4146d9dea4c03d2409c,true,,true,true,true,false,false,true
r0172,887e4bee4f2b4262d809ca274bcc89145613f05d7734767bedcd0239d12dbedb,fp32,1296,7e126970c11eccb7ce401e9b8f53eff01417f191b1dcf6d096573b5132ad5b00,true,true,true,true,true,true,true,true,false,0.0008668899536132812,1.9063432178760091e-06,0.06260993732243961,23488.939315856383,23488.939389064857,2.6655072110913323e-06,false,8.845329284667969e-05,1.416450959368376e-05,true,7d271784feae17b6e36ce44f2c716300ef5622fdb8ac18c0ba0c4b0944800113,7d271784feae17b6e36ce44f2c716300ef5622fdb8ac18c0ba0c4b0944800113,7d271784feae17b6e36ce44f2c716300ef5622fdb8ac18c0ba0c4b0944800113,7d271784feae17b6e36ce44f2c716300ef5622fdb8ac18c0ba0c4b0944800113,true,,true,true,true,true,true,true
r0173,662dfc7b21f789809f40f443b4da69f03dbc4b32bef0fae209e124cb4f51bc30,fp32,2373,67e9aaa752bf11a7bffc8929696ac39e16140e8e85f3a17681cd237051ff31b4,true,true,true,true,true,true,true,true,false,0.002544403076171875,3.0667789900906683e-06,0.18309930752272235,32734.2562411615,32734.255624736088,5.5935074917781455e-06,false,0.00011157989501953125,1.55717134475708e-05,true,3a6cb8ff2a14fa4455403f10503920ad8981e0ac7663f8a8e815732b949c5a0a,3a6cb8ff2a14fa4455403f10503920ad8981e0ac7663f8a8e815732b949c5a0a,3a6cb8ff2a14fa4455403f10503920ad8981e0ac7663f8a8e815732b949c5a0a,3a6cb8ff2a14fa4455403f10503920ad8981e0ac7663f8a8e815732b949c5a0a,true,,true,true,true,true,true,true
r0174,f39c76ca0627c8fcc126ed3ff9fcdbea618708720ac0a276a8e2a51497ba8499,fp32,2111,be33071c7751ae19b4f31c9514b0229bb0c3c7474f8dc156b296aa234b220059,true,true,true,true,true,true,true,true,false,0.0005562007427215576,2.4541085662151594e-06,0.09815956590776803,30017.37303867767,30017.37286906404,3.270091815872378e-06,false,0.00011444091796875,1.5731455278000794e-05,true,b9bb0639cf30d15240575b9bf6d5f3c9d2ab6e7969e44c84492e16a946c03c82,b9bb0639cf30d15240575b9bf6d5f3c9d2ab6e7969e44c84492e16a946c03c82,b9bb0639cf30d15240575b9bf6d5f3c9d2ab6e7969e44c84492e16a946c03c82,b9bb0639cf30d15240575b9bf6d5f3c9d2ab6e7969e44c84492e16a946c03c82,true,,true,true,true,false,false,true
r0175,45f03af511663dd24ab6389239baa2e4d7b89c406e297b21966e5c1847f70b86,fp32,2189,d8ad3b45bbbf4eb2bc3a866b5fcee8ca9dbc74af6dcff1343d6732e7e2015719,true,true,true,true,true,true,true,true,false,0.0027260184288024902,2.5489621571228582e-06,0.13658151948111694,30800.58122661646,30800.581273093245,4.434381230344888e-06,false,0.00010704994201660156,1.555617382109631e-05,true,90de3b4b4ec2ce993c266876a572d8b3e6efc833f2689056c1869119bdaa31a0,90de3b4b4ec2ce993c266876a572d8b3e6efc833f2689056c1869119bdaa31a0,90de3b4b4ec2ce993c266876a572d8b3e6efc833f2689056c1869119bdaa31a0,90de3b4b4ec2ce993c266876a572d8b3e6efc833f2689056c1869119bdaa31a0,true,,true,true,true,true,true,true
r0176,59da231a88ed5d9937818f89787470510d37d10848e40cd5ae89e5acfdc30ff2,fp32,2194,a43918b806c3cedd53e8b1adbb3e63d772ddffd219e46a1cfc7f181811cea6ab,true,true,true,true,true,true,true,true,false,0.0023674964904785156,2.470801676109543e-06,0.12014881035136368,30921.08664927446,30921.08669682201,3.885659373145908e-06,false,9.107589721679688e-05,1.558692383696325e-05,true,78033429fb15ad47d9a405d9e943837984db6eed2b50ff18dca11561dfc8f6ca,78033429fb15ad47d9a405d9e943837984db6eed2b50ff18dca11561dfc8f6ca,78033429fb15ad47d9a405d9e943837984db6eed2b50ff18dca11561dfc8f6ca,78033429fb15ad47d9a405d9e943837984db6eed2b50ff18dca11561dfc8f6ca,true,,true,true,true,false,false,true
r0177,ff9dafe6a3afd090dab21e14e1ae1310c5acc6ffe010de1cb9b71f0423d7833c,fp32,2443,40db2386b1dc4ea332750c7d38df25cddba330bd681be4974df28a6f9baf8552,true,true,true,true,true,true,true,true,false,0.0054819583892822266,2.4346696653928155e-06,0.1862590592963665,32683.876085015545,32683.876908258353,5.6988055553869665e-06,false,0.00011444091796875,1.6882062482181937e-05,true,afb4809700cca160afd1f08108208a14481ff05280ffa4e6cc3e1ad29a3f2b3e,afb4809700cca160afd1f08108208a14481ff05280ffa4e6cc3e1ad29a3f2b3e,afb4809700cca160afd1f08108208a14481ff05280ffa4e6cc3e1ad29a3f2b3e,afb4809700cca160afd1f08108208a14481ff05280ffa4e6cc3e1ad29a3f2b3e,true,,true,true,true,false,false,true
r0178,2f97041efa5516bc7b255f52c92546d1c36804d0dc69a3812b0beb8300b1bceb,fp32,2070,d03d41acb480df0aab4425488ccc61fe12aaea562eab9a068519c823a8d21f59,true,true,true,true,true,true,true,true,false,0.0029451847076416016,2.901348877815124e-06,0.15105863553701027,30420.64723696988,30420.64775307443,4.9656613745755526e-06,false,0.00012159347534179688,1.7171860235976055e-05,true,70d37275954f3cb2af286f758536e13578fb57f18630340e4d5f1a725f484b17,70d37275954f3cb2af286f758536e13578fb57f18630340e4d5f1a725f484b17,70d37275954f3cb2af286f758536e13578fb57f18630340e4d5f1a725f484b17,70d37275954f3cb2af286f758536e13578fb57f18630340e4d5f1a725f484b17,true,,true,true,true,true,true,true
r0179,39b2852bef4da04258ce4ddd7040bd5830bd4bd83dd23453ff537aa7cb7f0ad9,fp32,1237,252ad8464e172421da634ae5dbc10aeb4552a60b9c8ca1da7fc5ed126858b9d8,true,true,true,true,true,true,true,true,false,0.0005171298980712891,2.11986376822774e-06,0.06174423411754271,22957.859362749918,22957.859364602275,2.689459550080852e-06,false,0.00010347366333007812,1.6503730876138434e-05,true,6f371a5bd8da37d23a0ad995997fa760959f8f8fcd02f7600e0a6dd95a00eb03,6f371a5bd8da37d23a0ad995997fa760959f8f8fcd02f7600e0a6dd95a00eb03,6f371a5bd8da37d23a0ad995997fa760959f8f8fcd02f7600e0a6dd95a00eb03,6f371a5bd8da37d23a0ad995997fa760959f8f8fcd02f7600e0a6dd95a00eb03,true,,true,true,true,false,false,true
r0180,76b18d8b40697976ebc8981fc628bb06bf728c58d1682e5581bfafd5d0e1bd50,fp32,2316,21c1980ba3a7aa39b0337f890e9503ded0632fc71d85fc8232db456986e06594,true,true,true,true,true,true,true,true,false,0.0038904547691345215,3.0079445537308422e-06,0.19890284012938783,32112.03942515525,32112.039788424507,6.1940269581095485e-06,false,0.00016307830810546875,2.4357970687560737e-05,true,598b1c044d21d487371444ad14b2e853ebf38739dc55bf46508c83363a211689,598b1c044d21d487371444ad14b2e853ebf38739dc55bf46508c83363a211689,598b1c044d21d487371444ad14b2e853ebf38739dc55bf46508c83363a211689,598b1c044d21d487371444ad14b2e853ebf38739dc55bf46508c83363a211689,true,,true,true,true,false,false,true
r0181,7c89f56f89db315e29739fa53fe6206272b8fee52506eabe0cfcbfdc3436f996,fp32,2032,848b4ac33e44554c3558b80b9c51ef1f93aae64c9977de87eee8d9acb73f6964,true,true,true,true,true,true,true,true,false,0.003810882568359375,2.7269565712195742e-06,0.14417537940290337,29631.859541615682,29631.859468996525,4.865552875627669e-06,false,0.00023031234741210938,2.164355646527838e-05,true,f9254f9354936796192f3d90e875e7e6d4a83edc6c01b46b5767041993ab678f,f9254f9354936796192f3d90e875e7e6d4a83edc6c01b46b5767041993ab678f,f9254f9354936796192f3d90e875e7e6d4a83edc6c01b46b5767041993ab678f,f9254f9354936796192f3d90e875e7e6d4a83edc6c01b46b5767041993ab678f,true,,true,true,true,false,false,true
r0182,15b0fd2c3d84e68ecb9c6a00cfd62833d7a0ad298e8e333f5352553d3da8380e,fp32,1836,1a773a82b5831462346189aeb4b77aa3b9f7d1f5eba0f895e4caff5d23e4f648,true,true,true,true,true,true,true,true,false,0.004714488983154297,2.461918861588567e-06,0.21041699021703686,28379.802894725606,28379.803026828846,7.414321727959815e-06,false,9.870529174804688e-05,1.6699888874427415e-05,true,bb7249728ea798bd785dfaa3bb3580773bb92551d5dfdb7c0e6b0c9d6bc80371,bb7249728ea798bd785dfaa3bb3580773bb92551d5dfdb7c0e6b0c9d6bc80371,bb7249728ea798bd785dfaa3bb3580773bb92551d5dfdb7c0e6b0c9d6bc80371,bb7249728ea798bd785dfaa3bb3580773bb92551d5dfdb7c0e6b0c9d6bc80371,true,,true,true,true,true,true,true
r0183,6c78da9c7dbc2f0eb8f1b62926a5d56320b8984bc03e69d6bd51212e8a5e0a99,fp32,2152,c5f86830c143d818bafadc3662b069364cd50fbde4a06239000fc1a3c5f2bda3,true,true,true,true,true,true,true,true,false,0.0028982162475585938,2.5812080004146884e-06,0.14248435600921977,30738.199586609982,30738.20012924524,4.63541636823608e-06,false,0.00011539459228515625,1.7680556993582286e-05,true,0df131246f25feb4a8a6a8172014665f1198c79af78a22fd19c6e9d55a205d1d,0df131246f25feb4a8a6a8172014665f1198c79af78a22fd19c6e9d55a205d1d,0df131246f25feb4a8a6a8172014665f1198c79af78a22fd19c6e9d55a205d1d,0df131246f25feb4a8a6a8172014665f1198c79af78a22fd19c6e9d55a205d1d,true,,true,true,true,true,true,true
r0184,32fb72e522d0ad3a42eb7c204eaec33f81db39314d2745d92c3ec7fb7a3321fb,fp32,2514,6017adad8b49fc839ecd478f1f96583cb1b2af0cffa34f47ba4d47a50c3c7079,true,true,true,true,true,true,true,true,false,0.009860962629318237,3.207167906730627e-06,0.38516966237235256,33644.97306599966,33644.97311752758,1.1448059745118232e-05,false,9.632110595703125e-05,1.5438814443768933e-05,true,8080bb7a58b854c66f1c13ec167507be3532cd80242842bab6f8dbf1c23075e7,8080bb7a58b854c66f1c13ec167507be3532cd80242842bab6f8dbf1c23075e7,8080bb7a58b854c66f1c13ec167507be3532cd80242842bab6f8dbf1c23075e7,8080bb7a58b854c66f1c13ec167507be3532cd80242842bab6f8dbf1c23075e7,true,,true,true,true,false,false,true
r0185,f21c219299181e1167aab3a82dcf11c10bb68ee21dc51ec24628c45c9ce71f6e,fp32,2140,ca736379b9b9b1644bbf6b83c269233ad4eeb663f1ea0f3e6e1912f4ce219b5e,true,true,true,true,true,true,true,true,false,0.0017448663711547852,2.5695915719659013e-06,0.13188600960540328,30477.60378347587,30477.603936385665,4.327308993209642e-06,false,0.000102996826171875,1.6550602595089003e-05,true,5cda2bf39cad171958ffa75e34d8f8cde74008df8e4b2f1453968b8ac31d76d2,5cda2bf39cad171958ffa75e34d8f8cde74008df8e4b2f1453968b8ac31d76d2,5cda2bf39cad171958ffa75e34d8f8cde74008df8e4b2f1453968b8ac31d76d2,5cda2bf39cad171958ffa75e34d8f8cde74008df8e4b2f1453968b8ac31d76d2,true,,true,true,true,true,true,true
r0186,329881cd230d789d3f495b9a31ef82e25ed5c5031ca6ac9171f954ff9bafa4bd,fp32,2011,b917dd05461ab02b34bf5ab2ff5a7ae59f4ed0f5a02b0e4a2e3f475d3b8cfb42,true,true,true,true,true,true,true,true,false,0.0012738704681396484,2.4650985949540663e-06,0.10883272739515037,29237.00450908513,29237.004442172245,3.722430844833355e-06,false,0.00010776519775390625,1.6347716154996306e-05,true,b57f4aabb8f7e88089c0ee59f6491d6b311d766b8caeaf213ae8dbfbc6d71de0,b57f4aabb8f7e88089c0ee59f6491d6b311d766b8caeaf213ae8dbfbc6d71de0,b57f4aabb8f7e88089c0ee59f6491d6b311d766b8caeaf213ae8dbfbc6d71de0,b57f4aabb8f7e88089c0ee59f6491d6b311d766b8caeaf213ae8dbfbc6d71de0,true,,true,true,true,false,false,true
r0187,4c11814fbc5c373d04394e4d838177504ddc360a8a9effc7cd2f0cc6289714c0,fp32,1756,d9e9ce8a2d304d108e2a8562044553f47aa7c0b70a5f9844304abcac79503ad8,true,true,true,true,true,true,true,true,false,0.0008199214935302734,1.9630569784527077e-06,0.07041544031727519,27416.333051616886,27416.333283814995,2.568375558771178e-06,false,9.351968765258789e-05,1.495840751886135e-05,true,9724471dbc86a22fe781eba7881616a4b35f4a22fe246a81c5267444893947b6,9724471dbc86a22fe781eba7881616a4b35f4a22fe246a81c5267444893947b6,9724471dbc86a22fe781eba7881616a4b35f4a22fe246a81c5267444893947b6,9724471dbc86a22fe781eba7881616a4b35f4a22fe246a81c5267444893947b6,true,,true,true,true,false,false,true
r0188,0bc7271c9529e5ab8cf68e342febf6302498c683bb066deeee2a6f593f1c7bb4,fp32,1993,6779344c218a9d4c2efcd05397fc9ef819d2e7d843ff946a77110daf1d9993d1,true,true,true,true,true,true,true,true,false,0.0014524459838867188,2.3751340558764156e-06,0.096366917337764,29154.631251926337,29154.63139893364,3.305372515918301e-06,false,0.00010776519775390625,1.599999268364627e-05,true,502dcfd8fb8b6ec821912de7e6c088711bb1fe56418001a02ed1761a95f57f35,502dcfd8fb8b6ec821912de7e6c088711bb1fe56418001a02ed1761a95f57f35,502dcfd8fb8b6ec821912de7e6c088711bb1fe56418001a02ed1761a95f57f35,502dcfd8fb8b6ec821912de7e6c088711bb1fe56418001a02ed1761a95f57f35,true,,true,true,true,false,false,true
r0189,a9d78d83c5d80b4187c0bd295ad7ea35142d6a5ae3a6a3be2bb79f723f5ad51d,fp32,5080,f200002242ac5a4c032da9ebef87e83fcb8985eb10d2d470c323fb845d4ae663,true,true,true,true,true,true,true,true,false,0.005445957183837891,1.977415923041607e-06,0.42835432902372345,50428.909150386186,50428.90892727169,8.494221593140352e-06,false,0.00013828277587890625,1.7119822587119415e-05,true,256989bbd2c3016248ef41cb14625a725b3bd4c023b690a5cf794969f9f740f6,256989bbd2c3016248ef41cb14625a725b3bd4c023b690a5cf794969f9f740f6,256989bbd2c3016248ef41cb14625a725b3bd4c023b690a5cf794969f9f740f6,256989bbd2c3016248ef41cb14625a725b3bd4c023b690a5cf794969f9f740f6,true,,true,true,true,true,true,true
r0190,93886e59e661ab52dd36ddccc4a1212dad0c6471cb355123d8ebc141694090b1,fp32,2312,97e0aeb33dacc18d90768bfdf6bd63f6f80f70dcc16be8248ca30e880ed9f8a7,true,true,true,true,true,true,true,true,false,0.0017924308776855469,2.661216476185224e-06,0.1286216557463775,32204.410630269023,32204.410972217047,3.993914245391422e-06,false,9.083747863769531e-05,1.4259187992138322e-05,true,e08cd69c70eacc1f6bbe826afed466cfa767fcf4bd2643c418aa875cd201331d,e08cd69c70eacc1f6bbe826afed466cfa767fcf4bd2643c418aa875cd201331d,e08cd69c70eacc1f6bbe826afed466cfa767fcf4bd2643c418aa875cd201331d,e08cd69c70eacc1f6bbe826afed466cfa767fcf4bd2643c418aa875cd201331d,true,,true,true,true,false,false,true
r0191,f4480090fa6e4a7aa9440ea05a14c29f8ba0fa3f10b7c969225f66f815d63a79,fp32,1392,4225c4b91263e1743e849724b834590fa91dcd41d51fdf6980935264ba1ddd82,true,true,true,true,true,true,true,true,false,0.0011653900146484375,1.9021598757588503e-06,0.07951951471720807,24470.554204424327,24470.553913078256,3.2496000725161662e-06,false,0.0001125335693359375,1.61103525897488e-05,true,ea469f0fd3f14bb37f72d4db7aebd488b3c7a64cbad76f26a4e7c5782ddf3929,ea469f0fd3f14bb37f72d4db7aebd488b3c7a64cbad76f26a4e7c5782ddf3929,ea469f0fd3f14bb37f72d4db7aebd488b3c7a64cbad76f26a4e7c5782ddf3929,ea469f0fd3f14bb37f72d4db7aebd488b3c7a64cbad76f26a4e7c5782ddf3929,true,,true,true,true,false,false,true
r0192,794617949ded66c39c02dff6e9e79dbfc427e9cde4c869c8f1bd86b07e2b512e,fp32,2338,ba7cafecf6cbfc0ae2aa81c482e07ba3f7e685861339c15e9dc8c34c2b063b46,true,true,true,true,true,true,true,true,false,0.0035490989685058594,2.914995058519073e-06,0.17360604109885538,32074.062987129193,32074.06364700357,5.4126612396079735e-06,false,9.870529174804688e-05,1.722356137179304e-05,true,22915435e937a8c62d0095ade8494a60a23883307ac4f40991fd279295978df9,22915435e937a8c62d0095ade8494a60a23883307ac4f40991fd279295978df9,22915435e937a8c62d0095ade8494a60a23883307ac4f40991fd279295978df9,22915435e937a8c62d0095ade8494a60a23883307ac4f40991fd279295978df9,true,,true,true,true,true,true,true
r0193,b7e656884f58261c04039c23eccff9e973e735da7a64c008c8255ed21ac82c89,fp32,2325,fe263ff76c14b6771590dba5fdb0e9d6ae8fb19a5fcbe802636a80b66c213c29,true,true,true,true,true,true,true,true,false,0.0008306503295898438,2.3337069855096835e-06,0.10521089645014794,31605.65153973084,31605.65169948393,3.328863377048032e-06,false,0.000102996826171875,1.695538048807066e-05,true,700ba98dfdbdee5f75d4678ee8612e180ad26efe7e9dfb7853ebd3df1f04868d,700ba98dfdbdee5f75d4678ee8612e180ad26efe7e9dfb7853ebd3df1f04868d,700ba98dfdbdee5f75d4678ee8612e180ad26efe7e9dfb7853ebd3df1f04868d,700ba98dfdbdee5f75d4678ee8612e180ad26efe7e9dfb7853ebd3df1f04868d,true,,true,true,true,false,false,true
r0194,565f477c8ced280c241d37a8934892cd1e012676d54dbf2559b5b3808bb9a00c,fp32,2114,34fa323441a8080e293418c0c90a0dca3f62a30f6c74780fc250059b4fc134cd,true,true,true,true,true,true,true,true,false,0.0013440847396850586,2.3398793037217778e-06,0.12068714939558933,30576.23811310048,30576.2384831783,3.947089484600471e-06,false,9.191036224365234e-05,1.4416737940337043e-05,true,ac614525992705239940d54d8ad1fab0091498ee4a910043aff43e8e622488af,ac614525992705239940d54d8ad1fab0091498ee4a910043aff43e8e622488af,ac614525992705239940d54d8ad1fab0091498ee4a910043aff43e8e622488af,ac614525992705239940d54d8ad1fab0091498ee4a910043aff43e8e622488af,true,,true,true,true,true,true,true
r0195,c30501f15b73122047bd4f7a87be5e6b4af310c7538b031de9604eb5e8594540,fp32,1454,7853597cfe1f2fd64208d36fa17a30d710253dbe6ff3b7c89a2a20b202fdbd15,true,true,true,true,true,true,true,true,false,0.0005935430526733398,2.025830843003599e-06,0.06445585032307458,24976.275812875218,24976.275622150275,2.580682997176373e-06,false,0.00010895729064941406,1.7365468011121266e-05,true,db22bf557dacc0d7ce03a85d78f680b5a676718642381725b5a14fd88059c530,db22bf557dacc0d7ce03a85d78f680b5a676718642381725b5a14fd88059c530,db22bf557dacc0d7ce03a85d78f680b5a676718642381725b5a14fd88059c530,db22bf557dacc0d7ce03a85d78f680b5a676718642381725b5a14fd88059c530,true,,true,true,true,true,true,true
r0196,4d18c2d4cc153a11166c728ca9b9f6a7c88dc3d36213e286283a132132c20f93,fp32,2129,17d8de39dd48a3fe935702e070e6a4a58186c8b2785e7ac8113aada061c0fdf6,true,true,true,true,true,true,true,true,false,0.0034799575805664062,2.8326681679550583e-06,0.17387350881661273,30541.105397540447,30541.104670745022,5.693098090372826e-06,false,0.00010383129119873047,1.8352428014623e-05,true,3594c252e5bd380a094d15314ef4a6e12f1f4c1f11400173b33e64b195417fbf,3594c252e5bd380a094d15314ef4a6e12f1f4c1f11400173b33e64b195417fbf,3594c252e5bd380a094d15314ef4a6e12f1f4c1f11400173b33e64b195417fbf,3594c252e5bd380a094d15314ef4a6e12f1f4c1f11400173b33e64b195417fbf,true,,true,true,true,true,true,true
r0197,c9f526f1f9d7e1eb3e5cf52fb6acf431765d51c074d11672b63405b00ad56219,fp32,2423,dd7dfdbca769012028a755310ef94a68a3d0a451cb506c16b6bc4cdafb3a7edd,true,true,true,true,true,true,true,true,false,0.0065721869468688965,3.3308513228321366e-06,0.26410969160035724,33227.62687209017,33227.62639074623,7.948496972626066e-06,false,0.00011038780212402344,1.6147158021340147e-05,true,55c48b678995c5660c217cce87a0edc5dfccdb4b37ad72055ac484aa128e6c56,55c48b678995c5660c217cce87a0edc5dfccdb4b37ad72055ac484aa128e6c56,55c48b678995c5660c217cce87a0edc5dfccdb4b37ad72055ac484aa128e6c56,55c48b678995c5660c217cce87a0edc5dfccdb4b37ad72055ac484aa128e6c56,true,,true,true,true,true,true,true
r0198,8857b94ee18352874c1b47242cecf7c3ffa70841caac574c3c551195819a136a,fp32,2032,9f7cd1dfd1b6cc3f181cf503fe17db4996389e8a64a7cdad2593695de10d88b3,true,true,true,true,true,true,true,true,false,0.002369403839111328,2.8670266392083477e-06,0.14310245732232155,29954.108273078848,29954.10857133039,4.7773899524183286e-06,false,0.00012087821960449219,1.7846574337454513e-05,true,0c10ba9dcac824bc38eb8276cd996873fd7de8e63f02c8948b7a0fba156dff42,0c10ba9dcac824bc38eb8276cd996873fd7de8e63f02c8948b7a0fba156dff42,0c10ba9dcac824bc38eb8276cd996873fd7de8e63f02c8948b7a0fba156dff42,0c10ba9dcac824bc38eb8276cd996873fd7de8e63f02c8948b7a0fba156dff42,true,,true,true,true,false,false,true
r0199,3d19f81c73ab9e7ca6d48b12c64904f8c58793414dd64566ba8aec843a3480f3,fp32,2409,d93f3cbc17ffa1530828ed106470431a4d1458f2110ea86ee1421072cd6ffaca,true,true,true,true,true,true,true,true,false,0.012128829956054688,3.026822801954765e-06,0.35625484445089733,32518.428954027197,32518.42807100378,1.0955475276943768e-05,false,0.0001856088638305664,2.9115859433659352e-05,true,61129e6d23cdc7a232e87ed3919e0a855c517d43b366be42639997f6c74fc190,61129e6d23cdc7a232e87ed3919e0a855c517d43b366be42639997f6c74fc190,61129e6d23cdc7a232e87ed3919e0a855c517d43b366be42639997f6c74fc190,61129e6d23cdc7a232e87ed3919e0a855c517d43b366be42639997f6c74fc190,true,,true,true,true,false,false,true
