row_id,source_row_sha256,precision,prefix_token_count,prefix_sha256,live_replica_cache_exact,live_replica_logits_exact,live_replica_suffix_exact,prefill_replica_cache_exact,prefill_replica_logits_exact,prefill_replica_suffix_exact,functional_state_equal,all_storage_disjoint,live_prefill_cache_exact,cache_max_abs_diff,cache_mean_abs_diff,live_prefill_logits_exact,logit_max_abs_diff,logit_mean_abs_diff,boundary_argmax_equal,live_suffix_sha256,live_replica_suffix_sha256,prefill_suffix_sha256,prefill_replica_suffix_sha256,suffix_equal,first_suffix_divergence_index,trace_equal,merge_equal,answer_equal,live_correct,prefill_correct,integrity_pass
r0000,3c5902c5e403909f24d801458c760d1e603575c0e2bce77444e3c4c777f7364b,bf16,2260,789182f0b36136507d7ffd765c503ab103b6e5d416686149e99e32c6066a29b7,true,true,true,true,true,true,true,true,false,9.5234375,0.007133257799602129,false,0.46484375,0.07751672714948654,true,e567b56c0c7e1cb7ab48e32c02a4f444b3c3e34e625c76081dbe7fd40d765a32,e567b56c0c7e1cb7ab48e32c02a4f444b3c3e34e625c76081dbe7fd40d765a32,846265941e81e5154ddeedde5568b8bde28e6b4fe7fb7a6cbb8dc5cfdd04b90d,846265941e81e5154ddeedde5568b8bde28e6b4fe7fb7a6cbb8dc5cfdd04b90d,false,145,false,false,false,false,false,true
r0001,cde77d714b425d298505645aef8ce74a903431184d7b28551cd3bc166d83d175,bf16,1893,00e6fcd533bf2f5e6a5cfc1c5b75e8a6e8aabf8a8e944da7e62321b56dd823f9,true,true,true,true,true,true,true,true,false,3.328125,0.007367398305617575,false,0.4453125,0.06806142628192902,true,7c48186f66c773e541f66dd9628de4c087c8ee6ba278241bce514275a84b5da0,7c48186f66c773e541f66dd9628de4c087c8ee6ba278241bce514275a84b5da0,f95e85d38d0d63b3d6c867a349436a9bbe27383ffcfdca41970d705883a1d10d,f95e85d38d0d63b3d6c867a349436a9bbe27383ffcfdca41970d705883a1d10d,false,55,false,false,true,false,false,true
r0002,7ea446152dfb268b5d99fc99ed7aa821098d697926ed32838d9effa928f227de,bf16,1868,40cee7b5feb09a16b27f7941716068daaf3f8064fa762cb0ec9a8b0700ca56cb,true,true,true,true,true,true,true,true,false,1.34375,0.005767389809984073,false,0.4453125,0.06682410836219788,true,2d97cd2535b0e8d1cc99e829f0363a57fbeed21c4ae4dc856dd44c82506effe3,2d97cd2535b0e8d1cc99e829f0363a57fbeed21c4ae4dc856dd44c82506effe3,2d97cd2535b0e8d1cc99e829f0363a57fbeed21c4ae4dc856dd44c82506effe3,2d97cd2535b0e8d1cc99e829f0363a57fbeed21c4ae4dc856dd44c82506effe3,true,,true,true,true,true,true,true
r0003,751b7659d4a7cdd4378b07163e26ae293ede411517263335a83dc69c803bfbfe,bf16,2395,02c4e97781ca8f9c9171761b1063c27b36dda676b25a89274880b3d1e99bec9a,true,true,true,true,true,true,true,true,false,4.9453125,0.007264950526759159,false,0.4541015625,0.07446131855249405,true,3cba24f434d6ab8d5a96890deacaf9894e7affc23d8813fe929e49762dc37624,3cba24f434d6ab8d5a96890deacaf9894e7affc23d8813fe929e49762dc37624,8308a017a6fcad569cd9509f181b8eaa45f3c46ee69ab6ee5c0b1b2c06f675c5,8308a017a6fcad569cd9509f181b8eaa45f3c46ee69ab6ee5c0b1b2c06f675c5,false,357,false,false,true,true,true,true
r0004,e737ce6dcc201ef2918cf51e9efa162046797f1f4366334b81ced89595ead950,bf16,2221,b3a52d3599f98343e578d4f138a33b2e6a00bb768e48c8deaeff3712fa8bfcf6,true,true,true,true,true,true,true,true,false,6.390625,0.00928443195041867,false,0.4375,0.07040228694677353,true,09a6c0c4d970dc3d8d3c2029346dd598697b8fcb598fe19f794acb687a2321df,09a6c0c4d970dc3d8d3c2029346dd598697b8fcb598fe19f794acb687a2321df,4d9156fa90d867da434f62f2f31836f8a83dc9a1692d06926992d007690e0dc2,4d9156fa90d867da434f62f2f31836f8a83dc9a1692d06926992d007690e0dc2,false,28,false,false,false,false,false,true
r0005,fe7a48ac4b1afe66d86a511249f804d7ae4f9a11acea9858cf8d1adc16298145,bf16,2097,102e4f039b0b0d2dfda1176359ddbccd7d50801f4c9e504ed35253c77c39d1b7,true,true,true,true,true,true,true,true,false,3.390625,0.008391078430864063,false,0.48046875,0.07191542536020279,true,e118e6e1a06dc1581bc1210395ae1d453718594d8243b56e5d67dd5a43d83bb2,e118e6e1a06dc1581bc1210395ae1d453718594d8243b56e5d67dd5a43d83bb2,abb125c58f4c604224b8ddf608f58b474bd2a295f238adf0c5602eca23ec914c,abb125c58f4c604224b8ddf608f58b474bd2a295f238adf0c5602eca23ec914c,false,53,false,false,true,true,true,true
r0006,d25bfd94417fc6b0886e9a824035d88131f1e25b9595a7d4722663938175ead8,bf16,1490,f9433e6f28fd432d4bbcb81843d478538d3924f71b79ee4be6f4c602f302d997,true,true,true,true,true,true,true,true,false,1.99609375,0.006741466618966833,false,0.4765625,0.06704205274581909,true,a1913073692b006c220cd630648366e331c8168cc46b5fd8b88d034c4ca4e554,a1913073692b006c220cd630648366e331c8168cc46b5fd8b88d034c4ca4e554,dd18fac71d3815bc2082ea9e3da9d594d096789e13c380f089ce21221d16cb93,dd18fac71d3815bc2082ea9e3da9d594d096789e13c380f089ce21221d16cb93,false,67,false,false,false,false,false,true
r0007,f20eda1c4a590a7b0f51e93a1661d612848a2993f3bb251ce4df9f6d11e6e3f0,bf16,1717,9f9e36b28620d064400f54e50409b1d134c0cf4af63cbcb1a956288e1acc85e5,true,true,true,true,true,true,true,true,false,12.09375,0.014038527677714994,false,0.5,0.07774148881435394,true,274a8cf111070760149e0a1de9ed0e8c9d8056fc10ca22de5600e34e30c260bf,274a8cf111070760149e0a1de9ed0e8c9d8056fc10ca22de5600e34e30c260bf,d736cda5bcf3a257ab5f039a2b41f7ac31311852be748a0a101766d1d90d49a2,d736cda5bcf3a257ab5f039a2b41f7ac31311852be748a0a101766d1d90d49a2,false,58,false,false,true,false,false,true
r0008,267d0d2ae7f88af905a0da1bbc6bf5885604a93883311aac31135a69849e7156,bf16,2075,21c2e4002662c0bb2cc0b6a68b242dc7975d9749a8eec6fc7b247d8c10f28511,true,true,true,true,true,true,true,true,false,14.921875,0.007770919253284242,false,0.453125,0.07241081446409225,true,96cf182fcad05c3a8ec0c887e709645ba5f437c80f49bb6ace24d94cf141741e,96cf182fcad05c3a8ec0c887e709645ba5f437c80f49bb6ace24d94cf141741e,d1bd4298844bca2ad6dc948b78a4f84448f98ca25b3e0f7bdae516b05c0cd14a,d1bd4298844bca2ad6dc948b78a4f84448f98ca25b3e0f7bdae516b05c0cd14a,false,13,false,false,true,false,false,true
r0009,8a4930c29b5326e777724386a12fe4fb47b9952d38993ac50fed00df4fdf89fe,bf16,2040,85bb3a36eecf8917155298532a0054160aaa4095f80c0d5e09eb58e0c7b732e8,true,true,true,true,true,true,true,true,false,4.01953125,0.00807703910567544,false,0.484375,0.07041483372449875,true,4a207dae646394980e5f0822977086777bb59bb2944e967ebc73c8c5abd005ca,4a207dae646394980e5f0822977086777bb59bb2944e967ebc73c8c5abd005ca,e302900736d4e6f06e4c1e9bcbcd991ed27cd75294bd1b39f3bfb29b4da3ee42,e302900736d4e6f06e4c1e9bcbcd991ed27cd75294bd1b39f3bfb29b4da3ee42,false,176,false,false,false,true,true,true
r0010,550670e21f2d3b6b313d418add2bb1a953ee8b6fe52a67f84f6a9667ea40cfb3,bf16,1962,c5c7aa1e8889595c87600d35f514cd62a3c3080b5409ae8e34646293431dc17f,true,true,true,true,true,true,true,true,false,2.203125,0.006589814621383898,false,0.4375,0.0626223012804985,true,c4d18f47070bd1b79a90daf68a92f5d947fd41cb07bf213e31ceb15b68b7338f,c4d18f47070bd1b79a90daf68a92f5d947fd41cb07bf213e31ceb15b68b7338f,5f5fcde6059d206c09f6d7e2b3876b95b74a7798fdf221587205ce82b4879749,5f5fcde6059d206c09f6d7e2b3876b95b74a7798fdf221587205ce82b4879749,false,39,false,false,true,true,true,true
r0011,c12d7d4f55b82497280e82c04d164622cf3cb01fa8fc5a60fcf2989648c03637,bf16,2421,418e9f9303ab95c24fdf8e0b8be41601a09a2d94ad9c087e2cfbbf6f8fe870c7,true,true,true,true,true,true,true,true,false,5.75,0.006511675475030475,false,0.4833984375,0.06841102242469788,true,4b0645896b643c453ed5476fda8186dc462fdaa7804d6c68a25e5a2e6bc43446,4b0645896b643c453ed5476fda8186dc462fdaa7804d6c68a25e5a2e6bc43446,47f084f5a15f7945ac2be3793ff739877c29de99fab21dbec12d51e23ebf6a15,47f084f5a15f7945ac2be3793ff739877c29de99fab21dbec12d51e23ebf6a15,false,36,false,false,false,true,false,true
r0012,9d60e7742d48601c262eaf23caf9344b6f418931189d40630cae6cd69d354ea9,bf16,2480,e11d0fdff22204ec0aaaaeb986c0a9ad73cb768f04f9d8a896e1648ac5380db5,true,true,true,true,true,true,true,true,false,8.515625,0.009948372235749625,false,0.40625,0.0710849016904831,true,0d4bfff4f7c7851fdc9b245dd645de26c7aa70ba2d0675cc69b938f1ad854e44,0d4bfff4f7c7851fdc9b245dd645de26c7aa70ba2d0675cc69b938f1ad854e44,58769418643866b005e91c69b2534ee0e26b7ce7e928c723c9fed303cb9f87ed,58769418643866b005e91c69b2534ee0e26b7ce7e928c723c9fed303cb9f87ed,false,215,false,false,true,false,false,true
r0013,0c96f1321cfe4e4340c694cdd5c48b4a47e167958d085997b685dbe36f775c41,bf16,2148,26469dcdc7b5e7650021b1f7e1378fa6c41184395139e58195805e5bb926e9a0,true,true,true,true,true,true,true,true,false,7.24609375,0.007947087761034052,false,0.46875,0.07253023982048035,true,1813f9936b5735e74d622604ea1b0a5f486fdea7efdfd6c4de10be5f9beb8888,1813f9936b5735e74d622604ea1b0a5f486fdea7efdfd6c4de10be5f9beb8888,574ace508e7994fb27f073c67f878237f0c93b501eb24cfceb65e71ddd537d61,574ace508e7994fb27f073c67f878237f0c93b501eb24cfceb65e71ddd537d61,false,84,false,false,false,false,true,true
r0014,57492d942827c16b5489ff394c7367ce8e29675ff09f3a31792182aaff0ebb52,bf16,2475,227075e0847986fa74bb9c377c1842cea9ed14e25bb9020b5465922a712f8adb,true,true,true,true,true,true,true,true,false,3.8486328125,0.00740442656357639,false,0.46875,0.06442243605852127,true,7c5013b1956d4706fd5b88617c195e34e6f85f5eb562480cc6271de00020e158,7c5013b1956d4706fd5b88617c195e34e6f85f5eb562480cc6271de00020e158,ceae3a271589a8f4fed545582c9269f0e664ab08b461e6d77f67396abb1b9020,ceae3a271589a8f4fed545582c9269f0e664ab08b461e6d77f67396abb1b9020,false,147,false,false,true,false,false,true
r0015,3c2cc2646c02bf161ec9f5504ffff4f6a0dca5184f93a903130c9a923ae19f5f,bf16,2051,efc06e2266042ee9986e59bdf64c785b12d2fac740e4b801e12753d6bc12a452,true,true,true,true,true,true,true,true,false,7.0,0.007911366438071573,false,0.390625,0.06332389265298843,true,29b4afca57772235a93f4865799a35e6f7b6efad340f5874a533ec071fc62d40,29b4afca57772235a93f4865799a35e6f7b6efad340f5874a533ec071fc62d40,29b4afca57772235a93f4865799a35e6f7b6efad340f5874a533ec071fc62d40,29b4afca57772235a93f4865799a35e6f7b6efad340f5874a533ec071fc62d40,true,,true,true,true,true,true,true
r0016,b8c0046895d828098b247c4bce906916fd77ebb1359a4193031cd7007e888bb5,bf16,2231,6a39d60b9871c57b7a5c40c6e8afcc65894db6433be61b5ab7184377fcb9562c,true,true,true,true,true,true,true,true,false,12.59375,0.011727861096162381,false,0.40625,0.06604073196649551,true,e63657634f1fd965517b1f880c75b8bcbf860b9bb5645b27a13c1c18706942f6,e63657634f1fd965517b1f880c75b8bcbf860b9bb5645b27a13c1c18706942f6,9f6667cc9081da0bc57a394df3af7594944b5a35d9a8efcd5ca56a7743549b6e,9f6667cc9081da0bc57a394df3af7594944b5a35d9a8efcd5ca56a7743549b6e,false,135,false,false,true,true,true,true
r0017,43e72dadf79ff05ef2bddc241b567ddb9952d1d4d2b93f083e217ab446b431ed,bf16,2227,ddcc5118739f9d743bc116201e8512224f96ec878fd3ffff4689bb9ca1d82110,true,true,true,true,true,true,true,true,false,5.53125,0.009160564043013908,false,0.53125,0.07244999706745148,true,54976bfff697e08385c559c70c4456d4f7a95521733af18bfdf41549404df95a,54976bfff697e08385c559c70c4456d4f7a95521733af18bfdf41549404df95a,3181b3a26ed3dd26d7147e1619ffec315d1fc076b6552a211ba6b9bda5e6dc2a,3181b3a26ed3dd26d7147e1619ffec315d1fc076b6552a211ba6b9bda5e6dc2a,false,60,false,false,false,false,false,true
r0018,4837590d8dd19982da5a77c17c6e7b025dcf34537d9d52e03a3137e959c14d34,bf16,1627,391fc5ad8fcea506e396b684277215b1988ea19ef2bb11c25de99b7978c3ae06,true,true,true,true,true,true,true,true,false,13.9375,0.01906120193145055,false,0.5,0.07638237625360489,true,ef164de11d32f0867740a8aa76848354b647ddccb0731bc960a0c2b2d66fc697,ef164de11d32f0867740a8aa76848354b647ddccb0731bc960a0c2b2d66fc697,09a898e4965579d657d98538c92d23ddf37c944d9093d1fb92290eb72517a525,09a898e4965579d657d98538c92d23ddf37c944d9093d1fb92290eb72517a525,false,158,false,false,true,false,false,true
r0019,4d7ce55a4ff773f31ff99a7cc520e6c65fb9dce415cce83f176a9709f1ee5e1b,bf16,1680,dd74c370c6dea9238b454a7773b520e640bed66f58fbbae36fe6eeeca0340c43,true,true,true,true,true,true,true,true,false,1.0947265625,0.0067577921073758524,false,0.40625,0.06235405057668686,true,3dcb9d374f474e5406deec180bf2544c287983cc4aa2ba1459dcf7c7e2b1bacb,3dcb9d374f474e5406deec180bf2544c287983cc4aa2ba1459dcf7c7e2b1bacb,4a3186cbf96cf2989b275186a030bf49c993566c49ce5f67bdc648cf9ee7a52e,4a3186cbf96cf2989b275186a030bf49c993566c49ce5f67bdc648cf9ee7a52e,false,125,false,false,true,true,true,true
r0020,0d5d8a481adb861a2d2f5e5f9df1d09915e40c092a94267199a6bbeeaa4fde25,bf16,2185,266cebe4d91280087e6f5e43eed58303c3818595bb09720f33c496e2b03e00fc,true,true,true,true,true,true,true,true,false,2.90625,0.007523134365146416,false,0.4375,0.07207643985748291,true,9ffca94f66e9d655f42ab2ad1af563102cf83f5c6cbea2db6aa465ddb00ac63b,9ffca94f66e9d655f42ab2ad1af563102cf83f5c6cbea2db6aa465ddb00ac63b,6506de09e07ae8955411879ea98d10b95b84434a6449c7ffd57035c732a9210d,6506de09e07ae8955411879ea98d10b95b84434a6449c7ffd57035c732a9210d,false,299,false,false,true,false,false,true
r0021,ead955ab62b2f70a6fa769fba5b9ed403070a0864807bbfc4c646ba914ef49ee,bf16,1779,f311c245b6de41198b1174e4a30c021f49d8bb361125b11fb70464915e8b36cd,true,true,true,true,true,true,true,true,false,6.5546875,0.008899820951627299,false,0.40625,0.0658554807305336,true,145d172b8485ccea75bb662f6e22445fe761023b40192ef3826c4e35fadfbd6a,145d172b8485ccea75bb662f6e22445fe761023b40192ef3826c4e35fadfbd6a,165db6be3ab0e24b410c45800ac0e7839dc0125485224d7d5d9fa2cce9ea3ce5,165db6be3ab0e24b410c45800ac0e7839dc0125485224d7d5d9fa2cce9ea3ce5,false,28,false,false,false,false,false,true
r0022,81e9ac3a511ba37c5fdc4c5e292b561fec8b744bd89b77ac3fbfe5493db8200b,bf16,1374,f4b79db9cc1541d005fbcc00022388ab7b16cb0706160893b2fd6bf1c87fb3ef,true,true,true,true,true,true,true,true,false,0.9375,0.006536644217722913,false,0.375,0.05824676528573036,true,967cbf22cb9a87bd7fae1108eced4a342439bf18deec63464ab08a3c6f4df44f,967cbf22cb9a87bd7fae1108eced4a342439bf18deec63464ab08a3c6f4df44f,4e87ead5caf0f316a843278323a11322a3f4ac7b7eef2a18262876eeb4970741,4e87ead5caf0f316a843278323a11322a3f4ac7b7eef2a18262876eeb4970741,false,132,false,false,true,true,true,true
r0023,6ca9c9ca9ea9d4778599d5497e1bea468ff3a368c1a1ed325848b693790f8886,bf16,2044,493f641904244b8882732d1e3ff2267967c2828d08f864fed2a7f10817507894,true,true,true,true,true,true,true,true,false,2.25390625,0.006345435824868647,false,0.375,0.06218497082591057,true,8bf07871ab740dcb783d7d404e03ac52a8e88128dc99c56d31fd4cee6f3ff100,8bf07871ab740dcb783d7d404e03ac52a8e88128dc99c56d31fd4cee6f3ff100,c6782d5c6d66f3800dd38d2de7a6e36e77fab2c2916c55c269a92bce056e63e9,c6782d5c6d66f3800dd38d2de7a6e36e77fab2c2916c55c269a92bce056e63e9,false,34,false,false,true,true,true,true
r0024,2787dffe991049bd6497f11ff3eb5127a78289da2f8c4f77cfe252ec74a0d3ed,bf16,2245,c1807cfe4d5a776e788b1862772a335d1ffecddc1d92433ad69d2509cf1d16e5,true,true,true,true,true,true,true,true,false,8.765625,0.008167637829307397,false,0.5625,0.0777256116271019,true,dce04535ab0f2b66ffa2ed8d8dda3b557995df74bb2864343bdbcfe9142bce6b,dce04535ab0f2b66ffa2ed8d8dda3b557995df74bb2864343bdbcfe9142bce6b,882313da2bb46a9d72209fb7583bc7bd628954e0942fa4d87b122bfee4180f24,882313da2bb46a9d72209fb7583bc7bd628954e0942fa4d87b122bfee4180f24,false,245,false,false,true,true,true,true
r0025,696bb28e8969c5b1825469114e3ce28a94a65840a9ae985fd2075a75afc2706a,bf16,2542,a8aab782efb82403d72f123d3401123e93339b0b06426be17ed75ad3e70a9185,true,true,true,true,true,true,true,true,false,4.390625,0.008159972042793867,false,0.390625,0.06523621827363968,true,20fdf63e271c9452df3c367a595f5c3cfee76871815165106475f797d3a2f8ed,20fdf63e271c9452df3c367a595f5c3cfee76871815165106475f797d3a2f8ed,a1b932cbd675eba2ac33755abb87aed3ba26dc4c7a486cf09caf4880cffbcb05,a1b932cbd675eba2ac33755abb87aed3ba26dc4c7a486cf09caf4880cffbcb05,false,11,false,false,false,false,false,true
r0026,ba321ef19950e9f84294e120051a0d1834b1e76251891f407c0cc8ca886c3840,bf16,2062,ae1ac5790ed33d231af100a1a75f1077e8459305ae2448194937bf054120418c,true,true,true,true,true,true,true,true,false,3.38671875,0.007838241507951205,false,0.421875,0.06203814968466759,true,10c932f0bf17073177a12d0dc1108598d7bcf071d1196e2b8dc635a4b7bd0e3d,10c932f0bf17073177a12d0dc1108598d7bcf071d1196e2b8dc635a4b7bd0e3d,8706250b2c855a183a80cfd241f61ad326f8d9f175668a7d736028d2c20b5e23,8706250b2c855a183a80cfd241f61ad326f8d9f175668a7d736028d2c20b5e23,false,71,false,false,true,true,true,true
r0027,9d938d9ebc131c5e1aba66fa56f56db3587f748d9acf54804db6fbf549eb3bc1,bf16,2127,faf6f7e273a7ec5d0ec016b6190888739ef0589d70870290847aea732179c4e1,true,true,true,true,true,true,true,true,false,5.427734375,0.008912196694928117,false,0.43359375,0.07194346934556961,true,88e0ec3f3d5ce106843e5eea4d4da9c68fbe6146ddcebb81e911cc9e30761823,88e0ec3f3d5ce106843e5eea4d4da9c68fbe6146ddcebb81e911cc9e30761823,73ee2fbc411239836f331a5be06f8af650953a516cb58a9cf4348103a898e138,73ee2fbc411239836f331a5be06f8af650953a516cb58a9cf4348103a898e138,false,104,false,false,true,false,false,true
r0028,8d92e84048bbf239f38e572755309508b5cebd3730edc8e7d98811452b2d3600,bf16,2199,2f873b7f289c9467b2f9f66699eb46b10a0afaeedc04db2be02ac64bbcf47eec,true,true,true,true,true,true,true,true,false,4.9140625,0.006886271677635901,false,0.5859375,0.07052440196275711,true,5dc966ff31d514b027b68e7b2acff97527bdf8a793b703ddd03c82232a98fb03,5dc966ff31d514b027b68e7b2acff97527bdf8a793b703ddd03c82232a98fb03,89e5cd2de12e47e4fb6560c12677b260c07e4047a35f6e32752b982f0f3d2096,89e5cd2de12e47e4fb6560c12677b260c07e4047a35f6e32752b982f0f3d2096,false,175,false,false,true,true,true,true
r0029,4f1aeb8d820ffb361c914da24aa57799d86cf2a073600be279f06763f36f7809,bf16,2462,1d4920de8663b46c4c26d8e81a002f486d487eaf9438bad3fd33404badd74028,true,true,true,true,true,true,true,true,false,10.125,0.011738408142790424,false,0.4375,0.07097518444061279,true,c34b67fc60c1e83c6b1e88e60e81d8f27c8a2d26133490c081c294683a2baf8d,c34b67fc60c1e83c6b1e88e60e81d8f27c8a2d26133490c081c294683a2baf8d,c076e5de945a6bf401f103ac6ccf64ad709d6158017259012e4c818feed47c48,c076e5de945a6bf401f103ac6ccf64ad709d6158017259012e4c818feed47c48,false,71,false,false,false,false,true,true
r0030,aed69b3f47dcd67c2e6b1e9d94fd79adbed109de7c4ad71d060aa39d2ec7ff2b,bf16,2307,ee4532fd527d9ec08b5430190dd6385ae890650a0a7cfe7be710f0609587185a,true,true,true,true,true,true,true,true,false,13.01953125,0.008468844604184548,false,0.484375,0.07877879589796066,true,ea801f1c4cf31ba1824fd11047789f772667dbe318d68833663ffa0558ed25bb,ea801f1c4cf31ba1824fd11047789f772667dbe318d68833663ffa0558ed25bb,50d198cbbf9f3039e13c56253a075bc18dd7e9d72d8bd536d34fb3a186b261d1,50d198cbbf9f3039e13c56253a075bc18dd7e9d72d8bd536d34fb3a186b261d1,false,35,false,false,false,true,true,true
r0031,692e30b4549ef3fb5a0cfa0d9341a4a8ee6c2a47329d883441f553da8c8d456d,bf16,2183,04a709be9d207119ff02cdda060d4fadbab4b8d2cfcb9ed356eb045f8c3b7f37,true,true,true,true,true,true,true,true,false,5.484375,0.007381045468607573,false,0.40625,0.0678960457444191,true,f5cfb1538d922ef9f84fb02eaa03ce5449228c038e6b0feefeeb2d1e44c5dac9,f5cfb1538d922ef9f84fb02eaa03ce5449228c038e6b0feefeeb2d1e44c5dac9,f5cfb1538d922ef9f84fb02eaa03ce5449228c038e6b0feefeeb2d1e44c5dac9,f5cfb1538d922ef9f84fb02eaa03ce5449228c038e6b0feefeeb2d1e44c5dac9,true,,true,true,true,true,true,true
r0032,1a806663f2b9b54ee2668f6bfce263c1f8a2b5d94f23fcb3bbe69cab7f39ae39,bf16,1623,432306c3600d0ebe007b84ecc450f02faaef91345297b5031b780833d374d6a6,true,true,true,true,true,true,true,true,false,0.875,0.006031946195802829,false,0.5,0.07373227924108505,true,5c24673eac446724fd0c16f35151ef57e4f1391de1494a78c3e67d697dc35bec,5c24673eac446724fd0c16f35151ef57e4f1391de1494a78c3e67d697dc35bec,e5cc027b2b1bede7080f83bc86cd63010f2728da443cf95b914206330c38ca47,e5cc027b2b1bede7080f83bc86cd63010f2728da443cf95b914206330c38ca47,false,65,false,false,true,true,true,true
r0033,666edac89dce18d145331b0ca40fc59c638f6b5a5ac02af81d11276690c2d998,bf16,2167,2973279accc0436a8ebf498cb418d9daed363ffb074f304d8caa662d43ab4b89,true,true,true,true,true,true,true,true,false,2.76953125,0.00784698013697808,false,0.453125,0.07897280156612396,true,111a55b1ab27ec813098117b17cfa5f8e220d79c8a0e032d9a7038fb09920edf,111a55b1ab27ec813098117b17cfa5f8e220d79c8a0e032d9a7038fb09920edf,5dcaba53017f421967e154dd4dc9204877c08c60342b040a829995ee827335b1,5dcaba53017f421967e154dd4dc9204877c08c60342b040a829995ee827335b1,false,97,false,false,false,false,true,true
r0034,1fa2429fcf1fb9d51d6a408b83ef5279164d778847cfcf9511e0fd046cddeed7,bf16,2423,24561cc64f35c5eab245f225622dbdf4451b23cd65623c79e88ecc794c1dec39,true,true,true,true,true,true,true,true,false,4.671875,0.007992828034586933,false,0.625,0.06356322765350342,true,ab1bf2176d02dc9242a49ee929d1ec39c35a613745d87a6344b0d2d4787a8e11,ab1bf2176d02dc9242a49ee929d1ec39c35a613745d87a6344b0d2d4787a8e11,58cd77efd0febce0782980b3e404d89475a852c439c664fd465e3be729e07f3e,58cd77efd0febce0782980b3e404d89475a852c439c664fd465e3be729e07f3e,false,7,false,false,true,true,true,true
r0035,277908a1ea0c6c449b75eea86e7c7b50353ea40734691f82a731a86f5fdfbbc9,bf16,2399,4e6ce3bed765cf33376e2ecc6f084a60b981ab28f0c279cd98aa3cf510466245,true,true,true,true,true,true,true,true,false,4.875,0.008372750376896925,false,0.46875,0.06996090710163116,true,2bba723cee931ad2fd5ad7dd080ce7c46a8a234d765d8ec6ce496afbbfdcc989,2bba723cee931ad2fd5ad7dd080ce7c46a8a234d765d8ec6ce496afbbfdcc989,3da0501bf64906e175bd52b4cf8d879b55880b01a6fceaf26f26cfb23fd3f036,3da0501bf64906e175bd52b4cf8d879b55880b01a6fceaf26f26cfb23fd3f036,false,125,false,false,true,false,false,true
r0036,1f79d160f3d5fd12d6bd4cbf5ae88352e735574331b1adf65fb59c2b44ca3906,bf16,1811,a458d0573acec8a0fb3b054b0a28fac500bb24fb7a32ee23b2e435a8b208a5f5,true,true,true,true,true,true,true,true,false,3.28125,0.007029012159802654,false,0.625,0.07426940649747849,true,80f32b6fb1d5ba52783eafb78f549514080c94978192bb079f7fb50e6aa52cd1,80f32b6fb1d5ba52783eafb78f549514080c94978192bb079f7fb50e6aa52cd1,801a7063503a63735410905cebc3f95b4af07c8a8ff2c6a46f9819e77e3bd637,801a7063503a63735410905cebc3f95b4af07c8a8ff2c6a46f9819e77e3bd637,false,34,false,false,true,false,false,true
r0037,1b77c0f582dcb99fd5ae1b0e87ab1e3322c82f9ff30588ece523eb860e96fb15,bf16,1621,20fd819c12eefcbdf7f32852f8fc75bedfc35108dad09139b43cdec66fd7d739,true,true,true,true,true,true,true,true,false,3.5546875,0.00691572810838063,false,0.3828125,0.05841716006398201,true,c4187b5606d031a1694d6ccd3ac87b7199e8685203bd63cc76748d3510412b0d,c4187b5606d031a1694d6ccd3ac87b7199e8685203bd63cc76748d3510412b0d,c4187b5606d031a1694d6ccd3ac87b7199e8685203bd63cc76748d3510412b0d,c4187b5606d031a1694d6ccd3ac87b7199e8685203bd63cc76748d3510412b0d,true,,true,true,true,false,false,true
r0038,fab9ca5c7577a60bd489e4a0666cda61724d6db67912f22631ada592d7357432,bf16,2114,024a1881e37a8548455f6f97918ccbe7b69aefdb0e49a32eb765cf3741185bb0,true,true,true,true,true,true,true,true,false,3.80859375,0.004386096639465617,false,0.39453125,0.06396558880805969,true,1572d46fc8aaea30a04074bfe1e2c72680a0def2871a55a34d49de8dba645e62,1572d46fc8aaea30a04074bfe1e2c72680a0def2871a55a34d49de8dba645e62,b0e6869d51f399526e03e01580ff52daeed096910db5c5632ce739f381b01f91,b0e6869d51f399526e03e01580ff52daeed096910db5c5632ce739f381b01f91,false,32,false,false,true,false,false,true
r0039,6ba98646a6a7479c073a1fd46b6d249ca53516bfc4a36f6dc24fac6a3f872a38,bf16,2133,6396389e3cece7a02604a21d21e2fc642550d4013cac561560a79ab1fed1fb12,true,true,true,true,true,true,true,true,false,4.421875,0.008068862351877648,false,0.4375,0.06609075516462326,true,0a463614c0c6c7fc16dfebb480c3077931bdc4420e3e2cc07f7ad3ea761daf5d,0a463614c0c6c7fc16dfebb480c3077931bdc4420e3e2cc07f7ad3ea761daf5d,0a463614c0c6c7fc16dfebb480c3077931bdc4420e3e2cc07f7ad3ea761daf5d,0a463614c0c6c7fc16dfebb480c3077931bdc4420e3e2cc07f7ad3ea761daf5d,true,,true,true,true,false,false,true
r0040,8a4a9b4c61f4f829ca7750661d40d9ef0c5710e88481511cc8e78778569d460b,bf16,2366,acddc13a6c2708603d0c13c38a6b2481ae81499269c72bf09c47cf4852118ed8,true,true,true,true,true,true,true,true,false,8.953125,0.00860065564722623,false,0.390625,0.06281380355358124,true,ed033e4789d58812ea5de3788f1975a595e971e4ddab68e2d5106c9f27bd17ff,ed033e4789d58812ea5de3788f1975a595e971e4ddab68e2d5106c9f27bd17ff,06703fb12b6c8cc3b0b0670d58939d94912c1cf7669a8f138048ff3a61d0c63b,06703fb12b6c8cc3b0b0670d58939d94912c1cf7669a8f138048ff3a61d0c63b,false,94,false,false,true,false,false,true
r0041,61d40743cd835568fe1e221662b7c86999e8c86721b352d28b50dcc19695d349,bf16,2513,c93aa56e06d179684cd59651e17f8fbca7224a13e2eee6387abec38a51639f46,true,true,true,true,true,true,true,true,false,5.78125,0.008569672285361244,false,0.390625,0.06240435317158699,true,f9cd7e3f5f75061fb687cf21213a70b0d493815c333e2b206bb7400d53b86396,f9cd7e3f5f75061fb687cf21213a70b0d493815c333e2b206bb7400d53b86396,4147aec7e99236b47f76719942807b2626dcd984180871753955be4e372f6cc7,4147aec7e99236b47f76719942807b2626dcd984180871753955be4e372f6cc7,false,453,false,false,true,false,false,true
r0042,3b5fd4a2be56edc1b5a8c08273b8a0145d32dbc9b05d391072bf26ec08219a71,bf16,2373,567bca4c9426c702ddbc9c9047c3e7546bcce0046852383d2df3d433ecddca12,true,true,true,true,true,true,true,true,false,6.3046875,0.007393597118670177,false,0.46875,0.06669545918703079,true,8721ee7c37e61218febb222fdaa18baad60ae63a957105ec8da31d82bfb9ac81,8721ee7c37e61218febb222fdaa18baad60ae63a957105ec8da31d82bfb9ac81,8629cb270347c2e9ab4108b0ca6e4efa08ad6b3ed38fc764b47d993b25b39ae3,8629cb270347c2e9ab4108b0ca6e4efa08ad6b3ed38fc764b47d993b25b39ae3,false,4,false,false,true,true,true,true
r0043,774545bad06a7931b16774f3ef5ac719cb750fb29ed4c8deff4944052d091022,bf16,2250,af4d9e365a8572cbd294ddd5177a36e041ea83faed310be6dc45a8e0f8267e1e,true,true,true,true,true,true,true,true,false,3.673095703125,0.00823997993926534,false,0.4921875,0.0711105540394783,true,de8fa9df25b6dc60b9bd49a0a2c28fbbb52c44c4266a922621f2d692bc56dafe,de8fa9df25b6dc60b9bd49a0a2c28fbbb52c44c4266a922621f2d692bc56dafe,abf0c34c29eff3adfe3c483bc980ebe37fb66f8959402ff901b97d33fe3302ed,abf0c34c29eff3adfe3c483bc980ebe37fb66f8959402ff901b97d33fe3302ed,false,113,false,false,true,false,false,true
r0044,c87d465d4a2b087a35219accaf769d88ca77f440b0321bb5da40c721b9ba8856,bf16,2042,b6fbc1942d87f698fab21e719e8c00a968101f7792ef73841b919111db143d8f,true,true,true,true,true,true,true,true,false,5.98046875,0.007191879856360235,false,0.421875,0.06369489431381226,true,10dc67dd624718bdab427dc84510a9736684e77188dfa5b69c40ed6ff1f95e83,10dc67dd624718bdab427dc84510a9736684e77188dfa5b69c40ed6ff1f95e83,15b730ee143ef0ad6a6054f5632526fa50b80a065ec3b47a205f8b40e2cd3487,15b730ee143ef0ad6a6054f5632526fa50b80a065ec3b47a205f8b40e2cd3487,false,6,false,false,false,false,true,true
r0045,b7d03a441378cc8d0d69974a101122f71c645157208d3cce5bc4c921d1588b2c,bf16,2067,b2d5c6e228437da9c2e259d7ece48c4de73ad82a41be0255273c8b1316bc1cc3,true,true,true,true,true,true,true,true,false,3.9375,0.007878145460456879,false,0.4375,0.06740258634090424,true,79e330ef7dbbf6e3db01f9c8469a2778ecc4ff335331dfe85d84c422d7838faa,79e330ef7dbbf6e3db01f9c8469a2778ecc4ff335331dfe85d84c422d7838faa,79fa05f6513e82e56dd1f46c48f250ee0ac7a2eac81906d558048bca0b4c1613,79fa05f6513e82e56dd1f46c48f250ee0ac7a2eac81906d558048bca0b4c1613,false,155,false,false,true,false,false,true
r0046,e0f74d6c6328ba671b5dffe1a78c07b20e73af155ebcd030db8391f6194bc752,bf16,2268,f54de6daf4bd0247172c96849e5a6feacb52f9399c649d5ecf5f3173f06f92be,true,true,true,true,true,true,true,true,false,9.25,0.008024641914153696,false,0.375,0.057594407349824905,true,38389291a4ac6820574e629aa6f21048752a1f3d7657c371f74864b9aabd2a9b,38389291a4ac6820574e629aa6f21048752a1f3d7657c371f74864b9aabd2a9b,77d1afdb8b8effe78185d2c229486c6804290c0553aa135a9a972cf4f17187fc,77d1afdb8b8effe78185d2c229486c6804290c0553aa135a9a972cf4f17187fc,false,90,false,false,true,false,false,true
r0047,b14a760a03c7b86b7a3b0ae1eae2241d0642761b5fca82f635d047120048fdeb,bf16,1897,4785cfad29ec2aa255237cd1806bdc94383a699a761dad87abc033ab2f173023,true,true,true,true,true,true,true,true,false,0.96484375,0.007058658911772967,false,0.34375,0.05976293236017227,true,cd206ddf2e7bfa0f3d93c593fa23fc5630c657195246c09dc8a4370945f82361,cd206ddf2e7bfa0f3d93c593fa23fc5630c657195246c09dc8a4370945f82361,cd206ddf2e7bfa0f3d93c593fa23fc5630c657195246c09dc8a4370945f82361,cd206ddf2e7bfa0f3d93c593fa23fc5630c657195246c09dc8a4370945f82361,true,,true,true,true,false,false,true
r0048,3369f374a5e8962c15f34a621455a33b59e3bc926c18c24aae8b663af19001c5,bf16,2152,8e1c36f245a182571111b12e8727ccfb645f862b77f774a98d625e7575eacef5,true,true,true,true,true,true,true,true,false,2.9375,0.0072997263578710855,false,0.431640625,0.06470806151628494,true,3119dca811682993753df2b0105772d405c07efe896b9ffceab1ad71c416599f,3119dca811682993753df2b0105772d405c07efe896b9ffceab1ad71c416599f,8587cd9635fda0c9cd756acd6f17b37e0ca14355b92067186b98d1d54cad8a7a,8587cd9635fda0c9cd756acd6f17b37e0ca14355b92067186b98d1d54cad8a7a,false,214,false,false,true,false,false,true
r0049,01c41c4d250abcd75e9062915dbec9f49f2b2b2a3b9df95287f70c8f05737c37,bf16,2203,fb9112ec7f655ccabe558eb673d873fdf0e13e71044ba9f212539b2c97c9f6e1,true,true,true,true,true,true,true,true,false,2.474609375,0.008140350907375119,false,0.421875,0.062238287180662155,true,7b1d635848c8346e3847774ea4bf7c51df01031f927666293bab3840b637b108,7b1d635848c8346e3847774ea4bf7c51df01031f927666293bab3840b637b108,70a07a3d4e48488b48df10d0d192ce42bd035dd5f35a279e62e4552618893bb8,70a07a3d4e48488b48df10d0d192ce42bd035dd5f35a279e62e4552618893bb8,false,165,false,false,false,false,false,true
r0050,8365ed27122236df9d7ebedd3ccb8fe1dbf0b50bb09798d7ba9bdf342078eafe,bf16,1843,feee1ba20207a30651034899f61c30b1f8a5a63c3858b771ce48c362ba0ace8d,true,true,true,true,true,true,true,true,false,1.140625,0.006831803323279743,false,0.3828125,0.06277202814817429,true,380b8dece1a5ef4032cc6987d95fd450d81d72b9a7734a2681f2e450c9c6f69b,380b8dece1a5ef4032cc6987d95fd450d81d72b9a7734a2681f2e450c9c6f69b,380b8dece1a5ef4032cc6987d95fd450d81d72b9a7734a2681f2e450c9c6f69b,380b8dece1a5ef4032cc6987d95fd450d81d72b9a7734a2681f2e450c9c6f69b,true,,true,true,true,false,false,true
r0051,a5edfceb8240d7dbc919ea56d016d576e039f6444661e3362249237daedb2e22,bf16,2285,d5462a88e8c0dc39d9d472eb6e648d966821a0b68b09b341ef56fdf667fc0be8,true,true,true,true,true,true,true,true,false,7.1875,0.009588862418396932,false,0.453125,0.06818411499261856,true,351c74fdae1b8e778a98ed77d64e0a32aa1774fe40d747418ffa635a735f6c24,351c74fdae1b8e778a98ed77d64e0a32aa1774fe40d747418ffa635a735f6c24,351c74fdae1b8e778a98ed77d64e0a32aa1774fe40d747418ffa635a735f6c24,351c74fdae1b8e778a98ed77d64e0a32aa1774fe40d747418ffa635a735f6c24,true,,true,true,true,false,false,true
r0052,a075c8834320517672554a2e684132bc951a35095cc705e759c75f5505b7c21a,bf16,1590,69e5b9204f66e8e7f03f0b2692d44494a2d308cc63d57987711f21505b13b6e0,true,true,true,true,true,true,true,true,false,0.900390625,0.006543850575586541,false,0.40625,0.06600767374038696,true,ecf777835cc782a0638fb25a5b2a81188b41246d4c8097dae940bbc98d730edb,ecf777835cc782a0638fb25a5b2a81188b41246d4c8097dae940bbc98d730edb,c7b8b7664fa4cdc3386b898687d0dd5217ab27fb5f01a697458d94af01d3e439,c7b8b7664fa4cdc3386b898687d0dd5217ab27fb5f01a697458d94af01d3e439,false,7,false,false,true,true,true,true
r0053,2bfad54f4aa29f7df1034fad46e558235b0ed1f1a2654f2337aed57e42c43e66,bf16,2555,8c89f52ca7b37c90d77b520ca9186323cbe29811f6909789e572dbffcfcf1b2d,true,true,true,true,true,true,true,true,false,4.828125,0.006356232856983955,false,0.53125,0.07346412539482117,true,4c2305b00db061ea56afa806e59ad9327a977348e679e753e33b78fc11ed179f,4c2305b00db061ea56afa806e59ad9327a977348e679e753e33b78fc11ed179f,363c97de4f3816edd472b2d0ce063a6560172f3c75571b7f2f2820fa75d3af6d,363c97de4f3816edd472b2d0ce063a6560172f3c75571b7f2f2820fa75d3af6d,false,26,false,false,true,true,true,true
r0054,0770703230865d0d5720cf4f8c3c85665b2266653afda10f1c4c1f4e3382d542,bf16,2152,78735457a8ec202570b1e9910840d26734de8e3b3f5ea80c86a46ca0e37f9978,true,true,true,true,true,true,true,true,false,5.078125,0.006971282885875485,false,0.421875,0.0679287239909172,true,e163fd486ecb87bd4ca3bb4bd0ae71569c2f4ba72191d58d37d1b692f5c2aeb8,e163fd486ecb87bd4ca3bb4bd0ae71569c2f4ba72191d58d37d1b692f5c2aeb8,e163fd486ecb87bd4ca3bb4bd0ae71569c2f4ba72191d58d37d1b692f5c2aeb8,e163fd486ecb87bd4ca3bb4bd0ae71569c2f4ba72191d58d37d1b692f5c2aeb8,true,,true,true,true,false,false,true
r0055,455346e9dabc60bdd9f573da8699be447ee280b8564ffa62f1d5a651f6e5d8fd,bf16,1540,24bfc3d0de63d394e2f698ed8dee540636f3e6fe3a55ead3cc328df555d92f61,true,true,true,true,true,true,true,true,false,1.453125,0.0070954202287345685,false,0.46875,0.06451572477817535,true,aa13d5f6ddc8c0bccb44cf50053c05020a0442776ef2f8cca26abd1bcd60d9fe,aa13d5f6ddc8c0bccb44cf50053c05020a0442776ef2f8cca26abd1bcd60d9fe,0463cf0a7992e15d1d95f3a8d82c69605db06e039e167973ee68d26080d55eb5,0463cf0a7992e15d1d95f3a8d82c69605db06e039e167973ee68d26080d55eb5,false,119,false,false,true,true,true,true
r0056,ffa8d240acbdd5c08ef643a789876c1e27885a58e5dab6e81c441b81acc185d7,bf16,1046,c0010bba28c3badd7c3a986ca58149ff4502b0f8a8f12c6e1eaef80194cae430,true,true,true,true,true,true,true,true,false,3.1171875,0.005939908241896405,false,0.421875,0.07043254375457764,true,e4872b73e6cdbae85206c7afa59e7d2afbe53530d88487081b06b20bb0755cc6,e4872b73e6cdbae85206c7afa59e7d2afbe53530d88487081b06b20bb0755cc6,0e4cf50bb0c04e832179ddfaf801dedbd3a788398fe288096978420b3ae739d6,0e4cf50bb0c04e832179ddfaf801dedbd3a788398fe288096978420b3ae739d6,false,79,false,false,true,true,true,true
r0057,3b41979e8942002d2e55e29789674683d85e889cc72567314009e7c7647c6c93,bf16,1837,e71c423cb2a5011d09f87db63eb17acb890580711b95adcef5b726796a4aa8c8,true,true,true,true,true,true,true,true,false,2.7890625,0.005850467118969563,false,0.4296875,0.07018492370843887,true,a69ccd9a753dbaee9de4fbc86a67e9903ac494f5ee1e1a0feee77df9042f7b3e,a69ccd9a753dbaee9de4fbc86a67e9903ac494f5ee1e1a0feee77df9042f7b3e,f397fb9f8513dead4f4cfe6fe74be8ee6099c1335479d302e6a1c4f7fca69bb6,f397fb9f8513dead4f4cfe6fe74be8ee6099c1335479d302e6a1c4f7fca69bb6,false,35,false,false,true,true,true,true
r0058,0b8f6e3c19f74e7b7074e9a92089a37dd3e7c8eb38db5736b4442c207257e265,bf16,2499,1055fe68426d0b9d5d341b9c05bc9ba41d2dced3b4e6cbcebe7443c1717528a3,true,true,true,true,true,true,true,true,false,5.1484375,0.006910724656764788,false,0.4296875,0.06451715528964996,true,143de71092779d532a93e1d6941bf98f5e5aeb50f56cda6513d0b5a7f4ec9ad5,143de71092779d532a93e1d6941bf98f5e5aeb50f56cda6513d0b5a7f4ec9ad5,7a6bec55d9ec9196cce70c38286eb04cdf9ca726004ef833304139b43f795a70,7a6bec55d9ec9196cce70c38286eb04cdf9ca726004ef833304139b43f795a70,false,157,false,false,false,false,false,true
r0059,3be32ec68fbdd9e151e82c46d2067223d12f0a0a0270ad9d5ae13deabeab7645,bf16,2147,707317acdc7799e06ff1dac2d2af98f0d1887811d8342f9c4d7993447601671b,true,true,true,true,true,true,true,true,false,4.703125,0.007688894574199448,false,0.375,0.05760068818926811,true,97530ab92344e079bacc93209d466b100cb7d80b341b8823ee32c0b3392d4216,97530ab92344e079bacc93209d466b100cb7d80b341b8823ee32c0b3392d4216,97530ab92344e079bacc93209d466b100cb7d80b341b8823ee32c0b3392d4216,97530ab92344e079bacc93209d466b100cb7d80b341b8823ee32c0b3392d4216,true,,true,true,true,true,true,true
r0060,88b23f971669667f0a159186dcb5434bda8a89c47fa9d64f884d968d262331a1,bf16,1813,b3bf521a14fa04541d3e0bfb2fa65abd1ebeedcb34a5fb357f11353548bea509,true,true,true,true,true,true,true,true,false,2.59765625,0.00703302929218837,false,0.546875,0.08715004473924637,true,6896c8d38df6b93ee0515031e4fac830762217bd78785212e0d566dc15f78f0a,6896c8d38df6b93ee0515031e4fac830762217bd78785212e0d566dc15f78f0a,d3943b535ec74b8b789e9169b9b64c35108dc092defe441a72f6a37c90a09937,d3943b535ec74b8b789e9169b9b64c35108dc092defe441a72f6a37c90a09937,false,7,false,false,true,true,true,true
r0061,6c827f92512b6528d7b344706e4e2b3826c5513f5f662658cc094be8a5c84938,bf16,2427,5232ba3340b34983d8dc4f187fb319e441f0b742e6327d8ce78e58696846a674,true,true,true,true,true,true,true,true,false,6.8798828125,0.00891696114522473,false,0.625,0.08306121826171875,true,db635c61e95c72885bd20529232fd954298bcb1686d2d455ebf7f20f2d7edce5,db635c61e95c72885bd20529232fd954298bcb1686d2d455ebf7f20f2d7edce5,274379a273c17c34f1f8f648d8828d9b9ca2ec24649a3ecf3f131e17f278ccf6,274379a273c17c34f1f8f648d8828d9b9ca2ec24649a3ecf3f131e17f278ccf6,false,48,false,false,true,false,false,true
r0062,75147f454465be92ef538bc39e4806b545c5efc26bcea00a8fb438aa18d4010c,bf16,1941,7d546aa39419f50857eaedca9b2b1013ce00c9dfb41e671449ae8a659bda6a4c,true,true,true,true,true,true,true,true,false,0.984375,0.006599632525920889,false,0.40625,0.07046400755643845,true,7e769af3d5abd3048949688435614b0e5397ce857ff7fb1303752d31f6af726b,7e769af3d5abd3048949688435614b0e5397ce857ff7fb1303752d31f6af726b,7e3078c4af0a12e488a84687bfb1a6c2bba09dfa0d2b90792c0b4c20e5b9b0de,7e3078c4af0a12e488a84687bfb1a6c2bba09dfa0d2b90792c0b4c20e5b9b0de,false,96,false,false,true,false,false,true
r0063,f123b6d0c808ac178f98f6f0272afa3bd18a5a32e6db68bf16d5a2907b83d6d1,bf16,2069,d63d671680d758584b7804369e75c4fc3c6c918b4c064f7d66be8fbab3de34ce,true,true,true,true,true,true,true,true,false,7.46875,0.008133048559089287,false,0.375,0.05902114883065224,true,a7aa28d2b9bf658232c17cb59cea2592be002cf2d9cea1de5195e7e28d26365a,a7aa28d2b9bf658232c17cb59cea2592be002cf2d9cea1de5195e7e28d26365a,f3bd085503194a632c2105bcf802a124455f5dc9bd61a1f603f59b1d97201e75,f3bd085503194a632c2105bcf802a124455f5dc9bd61a1f603f59b1d97201e75,false,49,false,false,true,true,true,true
r0064,66dfde72a82aeb539c66aac87a1f78bb1ed680788e1901760826e1c047f968f8,bf16,1941,5981042fee13212bcfa7011b109f5847f694850d657820fcd7b35ea4580fd77c,true,true,true,true,true,true,true,true,false,2.71875,0.0076546203821733026,false,0.40625,0.06661674380302429,true,b1e0fce104312799660faeee7d33a2826f3197f4f71c2c77bd8032e86a37ae14,b1e0fce104312799660faeee7d33a2826f3197f4f71c2c77bd8032e86a37ae14,f457e5162e643a88f729783c754945d622af7c5fbc822d5eb4bc2e03cf0c683f,f457e5162e643a88f729783c754945d622af7c5fbc822d5eb4bc2e03cf0c683f,false,10,false,false,false,false,false,true
r0065,5ca5d73bb356701f2904201c3d792a1e646d87234301b90b35111a4deb281911,bf16,1779,aaf78353b782d6316b4cdc3813af7cb8d5cdfd6a7878c55dd08068ec7edf2dd0,true,true,true,true,true,true,true,true,false,3.9375,0.006532442547704982,false,0.421875,0.06278157979249954,true,9bab7f82a68c5416a560c9b713572cff12a7c2e17b0bcd4eba2fd8ee520491ce,9bab7f82a68c5416a560c9b713572cff12a7c2e17b0bcd4eba2fd8ee520491ce,9bab7f82a68c5416a560c9b713572cff12a7c2e17b0bcd4eba2fd8ee520491ce,9bab7f82a68c5416a560c9b713572cff12a7c2e17b0bcd4eba2fd8ee520491ce,true,,true,true,true,true,true,true
r0066,969606ec04d9f650e815bd52a5d2b13a5004260ad8070e51efe98091bdb718b9,bf16,2110,76e30f486e0459d421cb32ccc622f4e9fce0ffddd98130ed67e80cb7056fe71f,true,true,true,true,true,true,true,true,false,5.6875,0.008885070591215646,false,0.4375,0.06812460720539093,true,9a8ba4ec4434df26e2ffda40f4fb7c33f8b91ceb068f8edb4e86d032c5c850d0,9a8ba4ec4434df26e2ffda40f4fb7c33f8b91ceb068f8edb4e86d032c5c850d0,d2e5da6989c0145951be273838f7f1aba8f84667034b32106bbd636913e0fdec,d2e5da6989c0145951be273838f7f1aba8f84667034b32106bbd636913e0fdec,false,128,false,false,true,false,false,true
r0067,2756999e7ab5638f1248812079db7001f764b6e71607e3b08b6bd2ca2ffcd02f,bf16,2393,a44304cbfff9da9d42cfd2820ab7021fdd88d96da2a9fc20761fa0a2e04a6662,true,true,true,true,true,true,true,true,false,3.03125,0.00749102483432539,false,0.4375,0.0651714950799942,true,a97e21d0f1faffee385ecdb6353ce2f397e75c273435669f2bf3ed36ecdfa919,a97e21d0f1faffee385ecdb6353ce2f397e75c273435669f2bf3ed36ecdfa919,a7e354ee8c45a62eb11c6e1eef54486dda1083aaf8a511f8a3b53d62fe0aeeb3,a7e354ee8c45a62eb11c6e1eef54486dda1083aaf8a511f8a3b53d62fe0aeeb3,false,117,false,false,true,true,true,true
r0068,7384218c314291ae6d96b06ecc500cc30b66e168e3afbaee32b042f29da1c6c7,bf16,1210,f9b984c26d75878658d2acee3a768955efffab4da7917736663072351575a90e,true,true,true,true,true,true,true,true,false,1.734375,0.006336040157533048,false,0.40234375,0.06207908317446709,true,616ae8a8ca69a9d77e828877398b4c16a5a3cad3792bc2b26601c6051950d204,616ae8a8ca69a9d77e828877398b4c16a5a3cad3792bc2b26601c6051950d204,31d59e6112dcfb9a40ec5e4fef9650380248d3046423c42135ff9b23bd2e1ba6,31d59e6112dcfb9a40ec5e4fef9650380248d3046423c42135ff9b23bd2e1ba6,false,28,false,false,true,false,false,true
r0069,3a7511bf0ea92d583fca35c7d3c743e9ffb89de04400fa6595fea55127292c9b,bf16,2269,aaac418c355003a9aa45c9b45fdc6649d6308094caa1620636e442ae6e8366d8,true,true,true,true,true,true,true,true,false,5.578125,0.008559152658698374,false,0.4375,0.06610298156738281,true,391d5ce9c13bc68c6fe732f4d6ad12e485e7cdf88b1371b77fdb23cea9cf5409,391d5ce9c13bc68c6fe732f4d6ad12e485e7cdf88b1371b77fdb23cea9cf5409,e1ccbfc6f744f85f971b83c95a81d4afb58c74545f9e4b716931b6905f25815d,e1ccbfc6f744f85f971b83c95a81d4afb58c74545f9e4b716931b6905f25815d,false,259,false,false,false,false,false,true
r0070,6adbc9a9b88750459c6886e271f50c685564650d6120cac189b6e82008794cb8,bf16,1366,98812ab59256e63a5e0338fa43809a8f0c14a1eb9e05482870f6ac52a91bd316,true,true,true,true,true,true,true,true,false,1.265625,0.005227112025640006,false,0.4375,0.06726367771625519,true,edfe1947cf32b03655da2fada03a74214bceea55a3f8ecb5bf8359a2bf9ba629,edfe1947cf32b03655da2fada03a74214bceea55a3f8ecb5bf8359a2bf9ba629,edfe1947cf32b03655da2fada03a74214bceea55a3f8ecb5bf8359a2bf9ba629,edfe1947cf32b03655da2fada03a74214bceea55a3f8ecb5bf8359a2bf9ba629,true,,true,true,true,true,true,true
r0071,59f5dba0ddc3a6488e9d1193863067b46dff8b21b67cccf17d87292eae67055b,bf16,2189,ac850b92fbb995b4d9fd5826f8607d7dc887d2bce752390e34dbb1d264f1e706,true,true,true,true,true,true,true,true,false,8.06640625,0.008779038057140346,false,0.4375,0.06087884306907654,true,ceb14b9c77823e8c5efd5b72892e6db41f397ea01998d0e386d0b52fcddb0932,ceb14b9c77823e8c5efd5b72892e6db41f397ea01998d0e386d0b52fcddb0932,c9cd82748b9e19f7c70c01aef0c338bdabd036099192dbd3553874e827084862,c9cd82748b9e19f7c70c01aef0c338bdabd036099192dbd3553874e827084862,false,124,false,false,true,false,false,true
r0072,19d432aab5f823fff09e9030d0a93d1099559611beabaff65b277b9dc3378ecf,bf16,1822,f38e94be09bfcde8030ce74910a10056a6820310a0dd99551b67802bba7b3996,true,true,true,true,true,true,true,true,false,4.25,0.007188710239234694,false,0.515625,0.06606369465589523,true,538ce27af6a5c080f9fed297716980042505488973d44d6ac3559c4aec9fb655,538ce27af6a5c080f9fed297716980042505488973d44d6ac3559c4aec9fb655,26e5b6c1d0f7d36e3e69a61f365de05d0d2dfbffcdaffa01953ef3c88fb0e0bc,26e5b6c1d0f7d36e3e69a61f365de05d0d2dfbffcdaffa01953ef3c88fb0e0bc,false,22,false,false,false,true,false,true
r0073,738a83445fa2ef9fd3fcb3324c767da843cce903537066808a8aaaf9f45dfa43,bf16,2070,389f19ee6a6d127182153a9c1f51447b636bddc5601f3193cf012fa5fffe48d8,true,true,true,true,true,true,true,true,false,6.9453125,0.008660027624620776,false,0.3984375,0.06192842498421669,true,999b59ae9c5f74c74cc46c2b9217d80bda7afafe78816bf3775fddc4fc55e2cf,999b59ae9c5f74c74cc46c2b9217d80bda7afafe78816bf3775fddc4fc55e2cf,ba50524992d3b351addf3ebce28714ba290ed14807b25d14b449fac821474e36,ba50524992d3b351addf3ebce28714ba290ed14807b25d14b449fac821474e36,false,85,false,false,true,true,true,true
r0074,c2c38646d8423917697586a4076dedcfbf9575cf0ce9ff0a7e3200b7ecbab39e,bf16,2224,882e0e77287038d8d1f6fcf2457222c6cb35523b3c80af3c1e3aa14c749ba161,true,true,true,true,true,true,true,true,false,6.27734375,0.008911016910942352,false,0.421875,0.06391933560371399,true,41efe6c7a4084add36423e937202d1e126795ba12f78e735130bfd89cd381d5c,41efe6c7a4084add36423e937202d1e126795ba12f78e735130bfd89cd381d5c,fa1467f97c87c81f018cb99b8de6fc38f5bf9b89128dacfabf89ec3109a5fe91,fa1467f97c87c81f018cb99b8de6fc38f5bf9b89128dacfabf89ec3109a5fe91,false,220,false,false,true,false,false,true
r0075,dfe7bb1a1b1d4f374b3816016f736011e938c7cfa896629a43d7fe566a8d3ecb,bf16,2318,f6f666619a326df44597a9c5ba967da20789e7fc4e2632ee49f3f78606391884,true,true,true,true,true,true,true,true,false,3.23046875,0.007075551761792383,false,0.4375,0.06376451253890991,true,bb5c00f9f0defb9700dd12eb803e055494d4e78b67ffafeeb029501b31740622,bb5c00f9f0defb9700dd12eb803e055494d4e78b67ffafeeb029501b31740622,526b9ae34d740bbc741efa835cf91d6ad4a1fa26f237e586083853325f7c0a75,526b9ae34d740bbc741efa835cf91d6ad4a1fa26f237e586083853325f7c0a75,false,184,false,false,true,true,true,true
r0076,e05e67b8e15ed2334f2f4dc476effed746711b15001436451d0a78308cb76c82,bf16,2323,44c49f693d01d8e8e29e4f0683038f5dd37c911564782334e517df0e424795b4,true,true,true,true,true,true,true,true,false,5.78125,0.009065589838688548,false,0.4765625,0.07454711198806763,true,e3b78300a4b0275b4d78a7b709420bd42cfdaf00a639581ae7f1f9535807d65d,e3b78300a4b0275b4d78a7b709420bd42cfdaf00a639581ae7f1f9535807d65d,4b6e928e00b4f044b689c6a22c404028f60ad7f10418bc63eb9aa0b26fa8db75,4b6e928e00b4f044b689c6a22c404028f60ad7f10418bc63eb9aa0b26fa8db75,false,25,false,false,false,true,false,true
r0077,2c616c92a9b4ccbf05ef5731008ffe854e9eef8dcc7faac97a9266429b200ec6,bf16,2320,fd438c34065598754e7b607db28c3db9c8fb288a6745cad35215ec1debce91c3,true,true,true,true,true,true,true,true,false,6.78125,0.009654866655367383,false,0.4375,0.06937391310930252,true,f49f146716c93ec40e7c227d91a2e03e270df7fd39a242904a1ea8ff20b4afe0,f49f146716c93ec40e7c227d91a2e03e270df7fd39a242904a1ea8ff20b4afe0,daf8abe62e314c94742ec6aa1e07f811e053f6007ef6cc022ebe5cbec17435e1,daf8abe62e314c94742ec6aa1e07f811e053f6007ef6cc022ebe5cbec17435e1,false,201,false,false,true,true,true,true
r0078,a2e7dab2ac77f2307f5c58dcbe278f3ac975258d9c5d8b030be23b3c3d891f44,bf16,2026,152a58e3e394df8b687576693966deb0b3e7b3b3731d4f9f7af2cb8fe9a9a25a,true,true,true,true,true,true,true,true,false,5.4375,0.007680089119631768,false,0.4375,0.06670662015676498,true,13840763537a6fdcb3f0c8d2375aaac0afc58ee69a07703fd7d691cccaa36423,13840763537a6fdcb3f0c8d2375aaac0afc58ee69a07703fd7d691cccaa36423,ae1f50b789871afbb11337e65c07845ee20ffdf6d98e3b7bf7ce1c36dde46aae,ae1f50b789871afbb11337e65c07845ee20ffdf6d98e3b7bf7ce1c36dde46aae,false,144,false,false,true,true,true,true
r0079,be1219e3768cb20ccb3b4c2979895f06cf505faae9472b05f4f5056bc7ab9f49,bf16,2045,e51b191b1947702948803d3ed182ea674dc75f22c9ad5f7a7a57f9283843cc4b,true,true,true,true,true,true,true,true,false,7.3828125,0.008163288824650228,false,0.6875,0.06809335947036743,true,2c9e0b84779471c26134daf93ad6156c98ad9f2d81b483118f07b6ac071e5fea,2c9e0b84779471c26134daf93ad6156c98ad9f2d81b483118f07b6ac071e5fea,8065f3affa9f89c30f9ca3a59c46ca77b7f8acf1722156c98c35b74335e9c862,8065f3affa9f89c30f9ca3a59c46ca77b7f8acf1722156c98c35b74335e9c862,false,146,false,false,false,true,true,true
r0080,82b79ce820f148c98d63e77ec4bd543b09589ae482a72992361d4afadb34ce8f,bf16,2022,060d4fe2fded6a66a58e9db0e1255c68d5300d779ec3a0d50eda2a89be6628f2,true,true,true,true,true,true,true,true,false,4.796875,0.007317697709637816,false,0.453125,0.06447692215442657,true,42c7c1632581338e2355bccf753687661d19c4602a47d0d7d92b145deeaac15e,42c7c1632581338e2355bccf753687661d19c4602a47d0d7d92b145deeaac15e,d8e893bc896aa32b73d22129259f5c1efcdbc7636304046a08515669704009c9,d8e893bc896aa32b73d22129259f5c1efcdbc7636304046a08515669704009c9,false,7,false,false,true,false,false,true
r0081,eaa7f59f6a0b4c2c279fa963c8d2902ca755e655cde0ff83629a18e2976338ed,bf16,2373,5ddbec0cc6e580912532e7e478ba796327cd723e33462ae38c5bef4b0c5af812,true,true,true,true,true,true,true,true,false,7.84375,0.00941960237820194,false,0.5,0.07720156013965607,true,b2b24378cb4fec0b31bf79c9c07b801ecf20455683fd50c0d41849e9003fe309,b2b24378cb4fec0b31bf79c9c07b801ecf20455683fd50c0d41849e9003fe309,e79fd237b354a11eff52e75b415272ae126324b08326bff954701affcc6ec46a,e79fd237b354a11eff52e75b415272ae126324b08326bff954701affcc6ec46a,false,31,false,false,true,false,false,true
r0082,722c04195b1f60f34ac54dad9951c83cac6801cccb3fbf8cd3ee947b4db4a8b3,bf16,2222,d7b0d60e3dcf420c26aed9c09dde1d18cd4b19e5c341bbb1fb05dd269c900a6e,true,true,true,true,true,true,true,true,false,5.265625,0.008541513483858015,false,0.375,0.06057931110262871,true,e9a1a323d20e7e3eb94771dec9262a431000fa5677afb65220d6534e0d8fdde9,e9a1a323d20e7e3eb94771dec9262a431000fa5677afb65220d6534e0d8fdde9,c84baa7763c3bc3c38253c0caaeec86970b0621b480f43bd9c9ae543e1db21a0,c84baa7763c3bc3c38253c0caaeec86970b0621b480f43bd9c9ae543e1db21a0,false,53,false,false,true,false,false,true
r0083,712dca35d223ebf1c079f5f20a51673d4b1b1c405652f6bd7a5de7678021ec03,bf16,2218,cc5c31a8c104eabe9f8f2b122685b4b4ece1a46a08616e447dbb66d70e66b428,true,true,true,true,true,true,true,true,false,9.390625,0.009176840932115163,false,0.53125,0.07281108945608139,true,28328ab1049b44d491191aec576af6d995a3b990d28a8d8f71ea4b7f8345ebb9,28328ab1049b44d491191aec576af6d995a3b990d28a8d8f71ea4b7f8345ebb9,d665d90fb4289c5abe9babd0b836acc39207a3b2c625dafabdf4ffc053dbd5f8,d665d90fb4289c5abe9babd0b836acc39207a3b2c625dafabdf4ffc053dbd5f8,false,36,false,false,true,true,true,true
r0084,cfb6c03b95072c55711ee90bcbe5a50883bdf21899784628b192bad6882fe81e,bf16,2208,f188d0f7950afb46e3451a4d93ee49c792a713e1e964ee133f70c4d2d740e2ac,true,true,true,true,true,true,true,true,false,2.8125,0.0072764176223504475,false,0.4375,0.067352794110775,true,361aca0c46e164a141b5c7f254fb887396e86c6fa487c6abd357d9d153e9f575,361aca0c46e164a141b5c7f254fb887396e86c6fa487c6abd357d9d153e9f575,361aca0c46e164a141b5c7f254fb887396e86c6fa487c6abd357d9d153e9f575,361aca0c46e164a141b5c7f254fb887396e86c6fa487c6abd357d9d153e9f575,true,,true,true,true,false,false,true
r0085,cf20a840ea18b2fb50f4e4c089727272145e04efd20bbb495e7b94fc10449f45,bf16,2076,2dcf0007a43702f17dbdae507d63474f5e83a2c7466d1541fb1460979c524f57,true,true,true,true,true,true,true,true,false,11.3671875,0.010302372970474769,false,0.40625,0.06647666543722153,true,8557c708f774e00413658604d6841ab251c9c3ac4ff3af0355cc2265d07f2864,8557c708f774e00413658604d6841ab251c9c3ac4ff3af0355cc2265d07f2864,8a754c077b73185fe0c6757e2b195519d8b2d29161d1ffc5371d5e7c81f16915,8a754c077b73185fe0c6757e2b195519d8b2d29161d1ffc5371d5e7c81f16915,false,27,false,false,true,false,false,true
r0086,64ae08b85f2cbc9150ad0f54998eb1f2159c9fbe4ca07d48f03e88d88e7aa752,bf16,2544,77e674a8a4916f011436037fdf18ec6f50e8baccfcfead2bdf96a75016b00944,true,true,true,true,true,true,true,true,false,8.8125,0.009678555354158106,false,0.421875,0.061066847294569016,true,4715ece77f07536b640b055e42bd3e4b9da5a2868be2a1b4c8c7e04ed1b69b03,4715ece77f07536b640b055e42bd3e4b9da5a2868be2a1b4c8c7e04ed1b69b03,b195e96ed88402cdbbda2be782a634383a7c5a3aaa3d7db36ace639c531326db,b195e96ed88402cdbbda2be782a634383a7c5a3aaa3d7db36ace639c531326db,false,66,false,false,false,true,false,true
r0087,ac460be401465bb5313d9a2532a0fe484ad1c84850def35da64af4642dd20382,bf16,1399,22cb42d99474bc535068443352faef413290bc79998a13da051715eb2d612403,true,true,true,true,true,true,true,true,false,2.125,0.006177041509348316,false,0.40625,0.06034475937485695,true,478ae0480337ca576d67a7513a4e70eabdb418e14587debad665d5a8979f19ca,478ae0480337ca576d67a7513a4e70eabdb418e14587debad665d5a8979f19ca,d7e690573fd183d36a77402390df4389ff302d4b6649a3e4c40e4f69af96fd47,d7e690573fd183d36a77402390df4389ff302d4b6649a3e4c40e4f69af96fd47,false,67,false,false,false,true,false,true
r0088,591cb72d18c65c16594818d05583b896a2db82023118de97a12b57bb818f6d59,bf16,2256,eb141b65dcfdf958eb5147335b6523d297bc0f7a10cf4f3eae2249af9bc3629d,true,true,true,true,true,true,true,true,false,4.396484375,0.007989085352255046,false,0.53125,0.07714821398258209,true,ef9423636813610b91ee7579f3779df89dde141ebc11a0cb7acbb2ff984e5169,ef9423636813610b91ee7579f3779df89dde141ebc11a0cb7acbb2ff984e5169,6c52d4b9b2fd4e6351963684c405282132a81570e3d6946893cc0a9f35fff04e,6c52d4b9b2fd4e6351963684c405282132a81570e3d6946893cc0a9f35fff04e,false,231,false,false,false,false,false,true
r0089,db45352e5aca6d48dd29d68dd7c9e1a78b87e0e6311ad5e0a24b984527776276,bf16,1451,eb3cc6f620f18766751642d354ab6e7a25386dade6ba0857361f6d1a8fa82145,true,true,true,true,true,true,true,true,false,1.6875,0.006529936235407281,false,0.375,0.06012822687625885,true,0aa245908dbba65c26222d45e26b0e8fafed855abfee593b9314f507cd15b42c,0aa245908dbba65c26222d45e26b0e8fafed855abfee593b9314f507cd15b42c,443b71ab9035608b6aabd6ed2266e3318e4f5ecafe22bb63786bef4e7933ef46,443b71ab9035608b6aabd6ed2266e3318e4f5ecafe22bb63786bef4e7933ef46,false,91,false,false,true,true,true,true
r0090,d4c62b402ca79eff748807c6fbe5b345b371f9a48971c0bf132da8058e24949f,bf16,1943,3f8b823c8fd9b0bf3ad4a6fce6f3615313bd99aa0b7a47068edf4251ac7d206c,true,true,true,true,true,true,true,true,false,2.8515625,0.007736055956322614,false,0.51171875,0.07215270400047302,true,52baca03a216211583d6aae90d3f8c797951e909b9e7a7f1680d8f4244c5c056,52baca03a216211583d6aae90d3f8c797951e909b9e7a7f1680d8f4244c5c056,c879699a4eaed09d63c797d24d573c7b50be8cabe642dbabf16982ab43ee1f61,c879699a4eaed09d63c797d24d573c7b50be8cabe642dbabf16982ab43ee1f61,false,101,false,false,false,false,false,true
r0091,ebdcb25f501bd96795ba354d63a93db9b2d613a492b603edb78651a391ae317e,bf16,1747,bffdd316c8e139a528eb395450d21995daccfc6e4f03dd829eec26d18c45b447,true,true,true,true,true,true,true,true,false,11.09375,0.01685312405863541,false,0.34375,0.059536583721637726,true,15f270c4831f91bd3d0f51fc73c840797eee5eafe930895c248db12718b4152c,15f270c4831f91bd3d0f51fc73c840797eee5eafe930895c248db12718b4152c,15f270c4831f91bd3d0f51fc73c840797eee5eafe930895c248db12718b4152c,15f270c4831f91bd3d0f51fc73c840797eee5eafe930895c248db12718b4152c,true,,true,true,true,false,false,true
r0092,31a7725dfa2096399a915162ff6528243e4c8a32d34c9a33bacc95e63b549a0e,bf16,2605,c395c843eb624f3c5216a0838fa09e38739726cc3cf60590d4ab8c013d8da5d7,true,true,true,true,true,true,true,true,false,8.25,0.013009735001341016,false,0.4296875,0.0673876628279686,true,58f72fa2fe3a56e772d0befb79bc45ac91849ccc35b69f73569e963d945b2b29,58f72fa2fe3a56e772d0befb79bc45ac91849ccc35b69f73569e963d945b2b29,ec952297ab01c2a0e15a417493b87dfbd4e5f6c5fa9a0c27b11c23c5a6d709cc,ec952297ab01c2a0e15a417493b87dfbd4e5f6c5fa9a0c27b11c23c5a6d709cc,false,20,false,false,true,false,false,true
r0093,53fabfd433e320b0166699202d40c16bb816ec8bcdb99f4c4cd426189bdf0348,bf16,2177,5a65723d4df1ec972d9fbc0e88c2c29dbf7d3d55c82aa2407acfe05db91d36ed,true,true,true,true,true,true,true,true,false,4.0703125,0.008228271064218157,false,0.46875,0.08075688034296036,true,9ba0f691680240b22dc0069b79d5e6435ad6240720bcdfe0952be22d34340422,9ba0f691680240b22dc0069b79d5e6435ad6240720bcdfe0952be22d34340422,50ba667d4b8e515c7085a24f0c280e85cbf884beeeadeae9b790f03b1f47bf70,50ba667d4b8e515c7085a24f0c280e85cbf884beeeadeae9b790f03b1f47bf70,false,74,false,false,true,false,false,true
r0094,986c50e1bbbf02e704639ee569907ac577cab254b4342a95bb8a70b798f8b39e,bf16,2234,eb637bda97f5d7a7710a154ff1e76c25045fcf427be68f3873aa124aaf66115e,true,true,true,true,true,true,true,true,false,2.4130859375,0.007823063630063723,false,0.42578125,0.06890869140625,true,24f1a9f51b5ff14748272fdf23c4f68de668a17a0c8e7df0f845d974a1de48f3,24f1a9f51b5ff14748272fdf23c4f68de668a17a0c8e7df0f845d974a1de48f3,2b926404e054bed36a111fe280b9b6db7870094f01c10428d732447405b86924,2b926404e054bed36a111fe280b9b6db7870094f01c10428d732447405b86924,false,45,false,false,false,false,true,true
r0095,d3944ff33331bb0c347b3ab76236615db4e87f81254f1fbf6ffb12ec5121edee,bf16,2559,2485ddab1578b2a5a80ddc4bec722f34aa41b8e439068afc3a73a8688ea67339,true,true,true,true,true,true,true,true,false,6.796875,0.008797933828457024,false,0.375,0.06253981590270996,true,d0aebb0fc7f9decb98d395d9a19c89546248896194f6de83c3017c64369e7aaf,d0aebb0fc7f9decb98d395d9a19c89546248896194f6de83c3017c64369e7aaf,d0aebb0fc7f9decb98d395d9a19c89546248896194f6de83c3017c64369e7aaf,d0aebb0fc7f9decb98d395d9a19c89546248896194f6de83c3017c64369e7aaf,true,,true,true,true,true,true,true
r0096,73182b8b874773c2f55c32ce943d51fff458e65534dc2cebb6aeecaf7378ab69,bf16,2015,4c0caf262750dc5e68941ad21b20379af4e375d0347625445c490ba4e9e1a415,true,true,true,true,true,true,true,true,false,3.8515625,0.007612806947599027,false,0.474609375,0.07474135607481003,true,666d42dd5ae887e13f7e59a63bec7ca092a2ffee8791f54fb1467562018d1a71,666d42dd5ae887e13f7e59a63bec7ca092a2ffee8791f54fb1467562018d1a71,ce9939b19b8361b2f89628d278ab728cdd7eb0a435e5b6eb08ebc0987828ce22,ce9939b19b8361b2f89628d278ab728cdd7eb0a435e5b6eb08ebc0987828ce22,false,59,false,false,true,true,true,true
r0097,05ea11def8363a5df731e178e395f69d167f989f195e0d34a0f6ed81cef8afaa,bf16,1032,b56c04d4131eba07db79b4e0375c65b770e864585531bfc3f236bc45b27aa42a,true,true,true,true,true,true,true,true,false,0.63922119140625,0.005115871659619427,false,0.484375,0.06144161894917488,true,f57e95239a4f7b0e595ab9fb60df1d51aa185018b71a0be3567506d9d4184b44,f57e95239a4f7b0e595ab9fb60df1d51aa185018b71a0be3567506d9d4184b44,f57e95239a4f7b0e595ab9fb60df1d51aa185018b71a0be3567506d9d4184b44,f57e95239a4f7b0e595ab9fb60df1d51aa185018b71a0be3567506d9d4184b44,true,,true,true,true,true,true,true
r0098,252dbb688dbe5843427d76a44756336c38667a0b6b2de44ea58f6e504c34f1b3,bf16,2363,d4de2bb2f0b0bafca04b3af0f3984cce587e30e8c8f01402e71927f2bf9b9e78,true,true,true,true,true,true,true,true,false,10.375,0.00746225648960989,false,0.421875,0.06960463523864746,true,e889c38794a9dccee225aee58b8c76fbfe0ffffed80fe497611dfeb5265c03cb,e889c38794a9dccee225aee58b8c76fbfe0ffffed80fe497611dfeb5265c03cb,1ec5e5a3138d857ef17952776e59331898438b11e273ecd006dc85034b993199,1ec5e5a3138d857ef17952776e59331898438b11e273ecd006dc85034b993199,false,67,false,false,true,false,false,true
r0099,f64ca5a35c4e500a9591bd3ccbd329ecb4b843b0436e30af3b55d4556934e333,bf16,2244,bd375d6d834f74623aa064aaa7194775d037c17c631fc9446750e7517f5e9a7e,true,true,true,true,true,true,true,true,false,5.390625,0.007305586616347023,false,0.5,0.07315155863761902,true,21aa81853d28dcc69393c6d83badfcec83d8b59cea039f08ca0ad9c681fbacc6,21aa81853d28dcc69393c6d83badfcec83d8b59cea039f08ca0ad9c681fbacc6,c735169cd328fdb8987fe6ac17876c15723f3636e895d03db7076598f1742b7c,c735169cd328fdb8987fe6ac17876c15723f3636e895d03db7076598f1742b7c,false,206,false,false,true,true,true,true
r0100,2fe018cf322b4d013a6365aa5ea0905df6abeabc7dffa78b3d1bb96ef06d23fd,bf16,1384,7a2e28961fa3581ec79ac708eeb29e553ef51a374350f25c1662eb9358497cc6,true,true,true,true,true,true,true,true,false,2.828125,0.005149919650142461,false,0.46875,0.07277919352054596,true,9cf9aa0dee1b3e76b00904df98e560a38232e3135252fdc3f3c66dee99432393,9cf9aa0dee1b3e76b00904df98e560a38232e3135252fdc3f3c66dee99432393,6390d5eff2735aaa403b28429b61e439c2822d542aefe0e6dba060faec797c12,6390d5eff2735aaa403b28429b61e439c2822d542aefe0e6dba060faec797c12,false,73,false,false,true,true,true,true
r0101,0291be47a981c86795b9111be250e3975536b16d68bb11ba528232a58fe16ec5,bf16,1713,812833366b31c20baa95b514cfb6c4217b586da1239124df533ff717ac71a441,true,true,true,true,true,true,true,true,false,3.2109375,0.007429865991069058,false,0.375,0.06247066333889961,true,b4e16f11f860ac5a902f5706f8363edb03f931f98959b34a394b9a19c5e51e6d,b4e16f11f860ac5a902f5706f8363edb03f931f98959b34a394b9a19c5e51e6d,fc29aa2231d75ce7e607e61f61912f21b6ea5afe856ad6dd6a5432076bf0ec36,fc29aa2231d75ce7e607e61f61912f21b6ea5afe856ad6dd6a5432076bf0ec36,false,63,false,false,true,false,false,true
r0102,ae7b6e4296048fffc40f2ec9a81b9046efcb867c0b6d15b9d5e0606998c3b87e,bf16,2095,ad41b7f086fad96fbb114594266b922c457df1394a0d106a4fa08b23e0dc44ca,true,true,true,true,true,true,true,true,false,1.71875,0.007220492775531828,false,0.40625,0.06383726745843887,true,4694a923eb206abfac114d2999bf44afafa20a3b41acf549ea60c601efe2631c,4694a923eb206abfac114d2999bf44afafa20a3b41acf549ea60c601efe2631c,ef1f8650a7d9d994a8155c00ec8cfd6a304837df39e875c03c81c27846cd4ddf,ef1f8650a7d9d994a8155c00ec8cfd6a304837df39e875c03c81c27846cd4ddf,false,98,false,false,true,true,true,true
r0103,ee301e13075e5773e4e5b8ade8657750c9b588c88c2f4d033338fb741cc981aa,bf16,1575,4ee57d15806509bd03e6af9860e5a57e91ea9660c27364aa92384046e75a1331,true,true,true,true,true,true,true,true,false,2.59375,0.006252361299730539,false,0.3671875,0.062003958970308304,true,f119b5179964e8f74b6b2fb439d9e9af77bdc7599ab7b5189fd5d38ddb4b01a3,f119b5179964e8f74b6b2fb439d9e9af77bdc7599ab7b5189fd5d38ddb4b01a3,d72cbe39a414877689a317e45e92709985039b811e4d77db15fec04e8d8d069d,d72cbe39a414877689a317e45e92709985039b811e4d77db15fec04e8d8d069d,false,100,false,false,true,true,true,true
r0104,416c7b1a34c8e41319e933f7aeaf566e49c95142fa511a9a53ef5ac21338caa5,bf16,2103,08add4299974d3ef7e8312baa20066e9b0546e6dcd4f852472982f2b8fae25a8,true,true,true,true,true,true,true,true,false,7.234375,0.011628742281857174,false,0.40625,0.0643746480345726,true,907bb5317c4e9e81fd2e450d217a5335b823ed4c1d4f3d888c4d77a673df0cb9,907bb5317c4e9e81fd2e450d217a5335b823ed4c1d4f3d888c4d77a673df0cb9,1e58b28f6072a4dccb3bb44f3e960a4968f834b50dcbe96555599db561257773,1e58b28f6072a4dccb3bb44f3e960a4968f834b50dcbe96555599db561257773,false,349,false,false,true,true,true,true
r0105,88067d313525aadd042d811d7d0457baeedabaef26541b8e28f728971f7d7221,bf16,2199,9a30905a33cc70ba1da38d80bb664793712d22fc29377e1a4d09266ea6c77e73,true,true,true,true,true,true,true,true,false,7.828125,0.010375723777531624,false,0.4375,0.07280177623033524,true,5541a0985b3c2560f780833516dfc41225fac197fdcd5af449406f255e589c07,5541a0985b3c2560f780833516dfc41225fac197fdcd5af449406f255e589c07,c6e18d3d65b49a7fe7b292831334b8d2a9ff4c7becfbf8b3c31485ba68c871b6,c6e18d3d65b49a7fe7b292831334b8d2a9ff4c7becfbf8b3c31485ba68c871b6,false,140,false,false,true,false,false,true
r0106,f41f359dec481bbbc910d853763fde99b70958ed669d1eb6a3422a62ff27db27,bf16,1569,df161840aa1628c760773fea3b95bdba84bb7131b8b1a09719e41cce0624bccf,true,true,true,true,true,true,true,true,false,1.40625,0.0054935280008553775,false,0.375,0.06244798004627228,true,4ad882e3beb2b6d2a0ab16f82154901f7c84df204e4d9d5a1237da0b84b5450b,4ad882e3beb2b6d2a0ab16f82154901f7c84df204e4d9d5a1237da0b84b5450b,4ad882e3beb2b6d2a0ab16f82154901f7c84df204e4d9d5a1237da0b84b5450b,4ad882e3beb2b6d2a0ab16f82154901f7c84df204e4d9d5a1237da0b84b5450b,true,,true,true,true,true,true,true
r0107,3e5076115d828aabb6be7671b4f42dd76b3ea90c9e842cbe74f102b2615a1c22,bf16,1584,c351615b954f72cc3d91f1d262c7be7334724a6f9522b30a8ed2e9c414bb2fcc,true,true,true,true,true,true,true,true,false,0.96875,0.006960673530313007,false,0.385986328125,0.06090380996465683,true,3b83e1a478d4b353f9620c9a82d660e019f12aa40eec40a273bfc91ea1946738,3b83e1a478d4b353f9620c9a82d660e019f12aa40eec40a273bfc91ea1946738,3b83e1a478d4b353f9620c9a82d660e019f12aa40eec40a273bfc91ea1946738,3b83e1a478d4b353f9620c9a82d660e019f12aa40eec40a273bfc91ea1946738,true,,true,true,true,false,false,true
r0108,5632e6d1e004f22854b6c58a6d65b56f8de9e92e1b360dd415f82d3655cf292d,bf16,2329,cf3a5761954f80bed54d977d8800d95ea98054e2006f5da27885ef855b1a01f3,true,true,true,true,true,true,true,true,false,8.046875,0.008905304204466558,false,0.453125,0.06639259308576584,true,c8c0a50102082af6617267bed2bc796bba464f0d9d3de9567ea7d592103cedf8,c8c0a50102082af6617267bed2bc796bba464f0d9d3de9567ea7d592103cedf8,47671ace1490243479ff377589c2b802c760fdb5e2dc41cebf53d89882382d2e,47671ace1490243479ff377589c2b802c760fdb5e2dc41cebf53d89882382d2e,false,51,false,false,true,true,true,true
r0109,2b4b4ca572f057fba6471d56095a0c953faa5382682f4cb1fa8800e2767247a1,bf16,2210,9c54608d4dacf32f7229e68061ed82a4651942689b6ad00168f8d97f3554cf0a,true,true,true,true,true,true,true,true,false,3.10546875,0.008378496479100531,false,0.40625,0.07419285178184509,true,0660ef032b8068e59d5f8ef813e4a984b88d35028592ac35b56aca40defbe618,0660ef032b8068e59d5f8ef813e4a984b88d35028592ac35b56aca40defbe618,78a3645e11e1f763ff35a812410e0ee782ddd8ea0700000286d168633b3c9fc0,78a3645e11e1f763ff35a812410e0ee782ddd8ea0700000286d168633b3c9fc0,false,159,false,false,true,true,true,true
r0110,52875fe472b350d48501e187f626c7518ce67bcd60b83b68b532c1031f18819f,bf16,1890,2509044aaeda72fc97618c31fd6ae9d3202ffefe59442de79617c75db253d13f,true,true,true,true,true,true,true,true,false,2.57421875,0.006853106083356171,false,0.4375,0.06916596740484238,true,c1877aa4b33d84f44e41ba36b1edce1c27617671d03a872388f7ac77fc0b6088,c1877aa4b33d84f44e41ba36b1edce1c27617671d03a872388f7ac77fc0b6088,c1877aa4b33d84f44e41ba36b1edce1c27617671d03a872388f7ac77fc0b6088,c1877aa4b33d84f44e41ba36b1edce1c27617671d03a872388f7ac77fc0b6088,true,,true,true,true,false,false,true
r0111,14872f405d8ef36d6269a852c9dc6c103fe859b7c3f91cfaf03591ef7f9b3e23,bf16,2066,7b02ce43ef6a8f70cba08403ed95fa291e13422e2490a70e1fb616a088d9f7a6,true,true,true,true,true,true,true,true,false,1.515625,0.006698180310373652,false,0.390625,0.06543140858411789,true,61328b1d649a07ec7fb026499a07a40c056b5068dd71560c39d2ab07f0506c74,61328b1d649a07ec7fb026499a07a40c056b5068dd71560c39d2ab07f0506c74,70b1ce39fede74bc134646f5ab015ebfcbcb82e934f8f0415cc29f1e6ac04129,70b1ce39fede74bc134646f5ab015ebfcbcb82e934f8f0415cc29f1e6ac04129,false,132,false,false,true,true,true,true
r0112,24415fd0e92f31e68c46d229734d5bc4b7302f8d113a7ca3802c56f860e63f3b,bf16,1908,22af96fa385c2e945dd6da16328d31f81b36cbdcf4a2ad63b1222e694b75785f,true,true,true,true,true,true,true,true,false,4.578125,0.0069587875325572614,false,0.53125,0.0888529047369957,true,fe4e9090931b0d7111d2f7c9bc1a5f5a77d0e547df3aa391c931cca27748de92,fe4e9090931b0d7111d2f7c9bc1a5f5a77d0e547df3aa391c931cca27748de92,eee43d15146b3ce16b1a1c66a3db9aee11a4e29639bbc64edf5c9ae12dc17f88,eee43d15146b3ce16b1a1c66a3db9aee11a4e29639bbc64edf5c9ae12dc17f88,false,21,false,false,true,false,false,true
r0113,02f4f2039b09093501ab33dba8b96fc7a458c06f78478369d1207079c95d3e04,bf16,2079,667eddcb86c972a4f217c2f5645b97f8f610905f10ea22013a9487f304e5073e,true,true,true,true,true,true,true,true,false,2.59375,0.007831801258829133,false,0.4375,0.06559167802333832,true,5cb3426e0a9edd0c38b1d4e1cab19470a2ca1b62cb83f1cecfc03029832f03a0,5cb3426e0a9edd0c38b1d4e1cab19470a2ca1b62cb83f1cecfc03029832f03a0,79045c6a6aba9cb227d90220c4ed46e031ff4235bb4f7c08173e102513d8df9e,79045c6a6aba9cb227d90220c4ed46e031ff4235bb4f7c08173e102513d8df9e,false,146,false,false,true,true,true,true
r0114,0734e8b95fdef69997e06bd5dad90c046085a11cba181a30386013a143d3514d,bf16,2366,134851fde6db6c8e39a00cf18cc49de3e63fcbfd686343cb9badf9fbab558189,true,true,true,true,true,true,true,true,false,4.34375,0.008151004841582897,false,0.3984375,0.06411628425121307,true,524d98b1abd8987f150860ae12080ebcbc84f1b883cb5dab03c4323b16a23051,524d98b1abd8987f150860ae12080ebcbc84f1b883cb5dab03c4323b16a23051,524d98b1abd8987f150860ae12080ebcbc84f1b883cb5dab03c4323b16a23051,524d98b1abd8987f150860ae12080ebcbc84f1b883cb5dab03c4323b16a23051,true,,true,true,true,false,false,true
r0115,294bf7fd0cde7ca0ff3a53cf7b2f6e87baeca5daceb9a5866025085e016bd7a4,bf16,2080,f616076bbfa54acbd58834f47d33ce5d41e199cc78363f88d98615a8b9db1604,true,true,true,true,true,true,true,true,false,5.7294921875,0.008569714610245,false,0.484375,0.07101999223232269,true,ad7d90dbdcae2543f700fb1885feab61bcd269d3ca1176127e510fb4e364236e,ad7d90dbdcae2543f700fb1885feab61bcd269d3ca1176127e510fb4e364236e,60e8d11c32edb80f20e31defecad6f747c3c423b0146d06ccf894125bad597dd,60e8d11c32edb80f20e31defecad6f747c3c423b0146d06ccf894125bad597dd,false,53,false,false,false,true,true,true
r0116,103ae2842172880cc5d13b907f638ae2bb104092ce873979339c2d00ff8c409c,bf16,1835,539ad64adb40cb9c913eb87ac803f6163f8b97b1353b1ad747239b91476961c4,true,true,true,true,true,true,true,true,false,3.59375,0.006176549560014788,false,0.421875,0.0645260214805603,true,fed1a20f7df781c5a2256563360875ed5136e94f28760f56d4acf64288d1a47a,fed1a20f7df781c5a2256563360875ed5136e94f28760f56d4acf64288d1a47a,fed1a20f7df781c5a2256563360875ed5136e94f28760f56d4acf64288d1a47a,fed1a20f7df781c5a2256563360875ed5136e94f28760f56d4acf64288d1a47a,true,,true,true,true,false,false,true
r0117,1827a329d7b639d2d7ecd0a7090026940feeeb50bdfdbceb2b334704192aa207,bf16,1998,1830aee8a2d4650a45f40a16ce565369bfdb405ffa568e28044e47b8024c37f6,true,true,true,true,true,true,true,true,false,8.3828125,0.007229721655954553,false,0.40625,0.062334027141332626,true,f8eb38c63f6839d6cb11a4ea08c2e02c174d6cc5b2696d11e09b8bb868ce5863,f8eb38c63f6839d6cb11a4ea08c2e02c174d6cc5b2696d11e09b8bb868ce5863,7dff8cd4a293ad2a5098d46c668f246127e9bfad8458e42bdbf96e9b3e0e6d65,7dff8cd4a293ad2a5098d46c668f246127e9bfad8458e42bdbf96e9b3e0e6d65,false,57,false,false,true,true,true,true
r0118,e8929e50673f82c35f73d0f1b39042a9b18d71741228a23ae26d1e5773bef646,bf16,1250,97ff2a5af674816c13b0a5a5a4f13e014e5b68e81e5bdd10e006cd9ecfb7c5df,true,true,true,true,true,true,true,true,false,0.515625,0.0058364394936494994,false,0.4375,0.06528311967849731,true,e125c2c9c6080078ad8e814c5a98f8056b514f296bbc9645ec2bf3ae7a1a0979,e125c2c9c6080078ad8e814c5a98f8056b514f296bbc9645ec2bf3ae7a1a0979,de344b06e2ec746f04c4e46042e997fbecdba33849795d73dc63eb1fba777fda,de344b06e2ec746f04c4e46042e997fbecdba33849795d73dc63eb1fba777fda,false,78,false,false,true,true,true,true
r0119,2c124e82fd6c4732f04a4b4a87e52b8b0b4e211b58d677751563d1b8bd0ce1ca,bf16,2023,e12cefb2a1c76da9120230bb9df9f01d1cc564f60979fbe3468be7df802e6bea,true,true,true,true,true,true,true,true,false,1.0625,0.00666496586401416,false,0.4140625,0.06293188035488129,true,6e79bc0a116a3456329415fb7d1877bc887a5dcc528ccad66b238c0ddbf139bf,6e79bc0a116a3456329415fb7d1877bc887a5dcc528ccad66b238c0ddbf139bf,3c7b05b07011550dc5b3ae7cd564664e5dc693d3ee6cfef51aef54413a91acdf,3c7b05b07011550dc5b3ae7cd564664e5dc693d3ee6cfef51aef54413a91acdf,false,89,false,false,true,true,true,true
r0120,a574ad6dc8b4b38a1563fbda7671722b3e5408fb5b4e117316db4bbe465f0885,bf16,1647,f412ff7eddf494ab97a2654b6622242be6a26541ff125a065d18d81645f7b310,true,true,true,true,true,true,true,true,false,6.205322265625,0.007774881545879797,false,0.5625,0.08368732780218124,true,a22a8933b2e6e2cc5b8e97650684862473f765af9027f35282a86fd318f15787,a22a8933b2e6e2cc5b8e97650684862473f765af9027f35282a86fd318f15787,41c1a5131d4c0b278195ac7344350c72a8e5056409342b0f851f76236cd7f6b0,41c1a5131d4c0b278195ac7344350c72a8e5056409342b0f851f76236cd7f6b0,false,245,false,false,false,false,true,true
r0121,8590969e3cf5a910ddc3add9a89f9c6a0c71d9a853bd8cdea789cace01488d6e,bf16,1938,e1bdba366816105d1aa5305d1d984a822f1dfc78af5fd6928308857894ac08f9,true,true,true,true,true,true,true,true,false,6.421875,0.008897244120632678,false,0.46875,0.07540582120418549,true,a2fa11594d589605fbae4dbc0475759dce2d1a1f5c2e26ae5611a49b27f8e1b1,a2fa11594d589605fbae4dbc0475759dce2d1a1f5c2e26ae5611a49b27f8e1b1,691a26f138808c72e9c1d3b49fad1f1c6831cdb1657546057710091b075bae2c,691a26f138808c72e9c1d3b49fad1f1c6831cdb1657546057710091b075bae2c,false,451,false,false,true,false,false,true
r0122,e6febdf479b8270e6452a4c49d629cfc1444e3eb33b1911b72ac85d3798bf88d,bf16,1740,1dad54486d62e2046d8095cf56936f3e9c5d805bb3103d479fa977711310edc1,true,true,true,true,true,true,true,true,false,0.875,0.006209178111704608,false,0.4375,0.06404851377010345,true,14120cabac96a490bca47a1ad1a56fd6817f273921b9a017a9e4a28c6b33ccaf,14120cabac96a490bca47a1ad1a56fd6817f273921b9a017a9e4a28c6b33ccaf,143b902b52c6b1823bdae1c9e1887d67045e38a14a9bed4e13bf3973c6fe0071,143b902b52c6b1823bdae1c9e1887d67045e38a14a9bed4e13bf3973c6fe0071,false,110,false,false,true,true,true,true
r0123,3cbdb10c54ed33616a77132c3ef154e1e65a93f039d675935c46edef422d5429,bf16,2126,c14ffa2202bd8f51474ada87e5e36571cf9165f9c5284badf2f20ea7c5f93b04,true,true,true,true,true,true,true,true,false,3.0859375,0.007109626270617443,false,0.421875,0.06931889057159424,true,9d83430568428c69c568d05b8c8b8e1669a9b27bec2734da434937091d8c1d24,9d83430568428c69c568d05b8c8b8e1669a9b27bec2734da434937091d8c1d24,af323654445d745465e7627d8917cdc88adb74b08135def830b0362e7cae0f0c,af323654445d745465e7627d8917cdc88adb74b08135def830b0362e7cae0f0c,false,127,false,false,true,false,false,true
r0124,7a1178da066856ff12401c1038438d76356f3411569606c77d651dc638f4b50b,bf16,1957,bdd55d53742f833909cdffe51dbfdde6f46e709bbd046e55e86169af3be904fa,true,true,true,true,true,true,true,true,false,4.14453125,0.008396907135596007,false,0.4375,0.07189775258302689,true,1f7bc0703bd9537bf365b2170d974cb83c298a61b0c881482d7c2274024fd1df,1f7bc0703bd9537bf365b2170d974cb83c298a61b0c881482d7c2274024fd1df,cf85f916d3b2206d242fb8f840db0f6233ee00844f923a716931bb3e8992670d,cf85f916d3b2206d242fb8f840db0f6233ee00844f923a716931bb3e8992670d,false,131,false,false,false,false,false,true
r0125,5a8430826b1dcb6aaa634d8f1723fc458a87d68ac07851291a52637b035542db,bf16,2116,9dd6feb202c4588fff2899d2cc715484a0f701509892859303bf3740db856fd5,true,true,true,true,true,true,true,true,false,1.96875,0.006755752158651892,false,0.4375,0.07158257067203522,true,bcd4566bb699bbd50b1fc83ca2adb89f8740c53235da5c908ab43de7db0a1acd,bcd4566bb699bbd50b1fc83ca2adb89f8740c53235da5c908ab43de7db0a1acd,bcd4566bb699bbd50b1fc83ca2adb89f8740c53235da5c908ab43de7db0a1acd,bcd4566bb699bbd50b1fc83ca2adb89f8740c53235da5c908ab43de7db0a1acd,true,,true,true,true,false,false,true
r0126,f6d2cc62f7fd758a4610368b3991b993ba87614727a3dc36b8391a83bf242188,bf16,1590,aff753bbc4a599ca3a42d1dc4f084cb39016cc9ebf1b75d804736f3d1d682049,true,true,true,true,true,true,true,true,false,2.765625,0.006837748205718253,false,0.515625,0.07591855525970459,true,e3eea28ed83e48e6ea52d6d6a2cc638380e34ff4c7b32363f0a2950e884c2df4,e3eea28ed83e48e6ea52d6d6a2cc638380e34ff4c7b32363f0a2950e884c2df4,d7390a8708d0b59b261da529ca919ca9a5210fda81932fa99081f551db119f59,d7390a8708d0b59b261da529ca919ca9a5210fda81932fa99081f551db119f59,false,135,false,false,true,true,true,true
r0127,f1d828484ea44d10d9081a7115c444d0d9ce45cf45d335b6e2cd10c968c51304,bf16,2216,5da0d386e19c8302016822192a10d7633c7f96d4428f64a929a79f29d2c0b82f,true,true,true,true,true,true,true,true,false,5.05078125,0.008433874927631516,false,0.421875,0.07689951360225677,true,2350f0a4a18ac4b19f3e1de76401e677db3e0c108a9c1c6ad242f9eb15fce0f0,2350f0a4a18ac4b19f3e1de76401e677db3e0c108a9c1c6ad242f9eb15fce0f0,e68acd312d2c91b967736e31b2df52a2f7bfa0ab95285d2c34354c424134e8cd,e68acd312d2c91b967736e31b2df52a2f7bfa0ab95285d2c34354c424134e8cd,false,99,false,false,false,false,true,true
r0128,d7691326d04908e8d203e48fb77fc59dd180301c46b451272899ad10e290d5c3,bf16,2226,233790a8c613906d583c29f75d86158ec4255b51edbe532d1f650dcdf2ece969,true,true,true,true,true,true,true,true,false,5.3125,0.007582467001226482,false,0.390625,0.0649271085858345,true,6d1e9f8d120a027472be4e1b40c163cbb389c80ad09e741fbd7f6ecff66dc51e,6d1e9f8d120a027472be4e1b40c163cbb389c80ad09e741fbd7f6ecff66dc51e,72cd5d9ead2a2261906a30103a719a7fd16671d6eab15ef53e93ffdeb45b7488,72cd5d9ead2a2261906a30103a719a7fd16671d6eab15ef53e93ffdeb45b7488,false,6,false,false,true,true,true,true
r0129,851d9da8e061036cfb5fc9e387ff719b49d5239c3f068971ccaab4a8603e3b2c,bf16,3192,d094e96bc221e7d13d67280cdd15045ea4c099a27cc7e7be4eef670fda1a8237,true,true,true,true,true,true,true,true,false,5.296875,0.006800026916165731,false,0.4619140625,0.07538903504610062,true,b5769a1d6031212d1a2c4c482bd7342980e81ef0f8f058c172dca229b5ad884b,b5769a1d6031212d1a2c4c482bd7342980e81ef0f8f058c172dca229b5ad884b,ac4f9708bfac46560105ad920bfd1cabe8e11c72793fda3cc6be29bbf31b32f0,ac4f9708bfac46560105ad920bfd1cabe8e11c72793fda3cc6be29bbf31b32f0,false,115,false,false,true,false,false,true
r0130,d679036dfb4d34e91225a11aa48ee1288321a6828754d80cb9deda25653d3cf9,bf16,2092,1137132140bc867225b9543bb2d6817aa6fd83edd4a1ebe35e772e977d44cf06,true,true,true,true,true,true,true,true,false,11.140625,0.011633341739021827,false,0.4375,0.06926382333040237,true,2f81bf62adc60fa2f7307fe74cdd604794cf4379ac21efdd4834b18a21df8575,2f81bf62adc60fa2f7307fe74cdd604794cf4379ac21efdd4834b18a21df8575,98dd2a4ce7ee4d364e006866a646ee8e148b0ff8abe94b12ffc0f84d305886fa,98dd2a4ce7ee4d364e006866a646ee8e148b0ff8abe94b12ffc0f84d305886fa,false,143,false,false,true,true,true,true
r0131,af951dedabab7e3558751f22fe380ecd449d27801f846317a33f4d4ae67e51c3,bf16,2120,681e3dfe8132a4047ca369d5b27dcb55095968beec33539ebf96fb583642589f,true,true,true,true,true,true,true,true,false,7.5625,0.008684173258806735,false,0.46875,0.06994655728340149,true,e06242592308926bb4eb8a1208b019f08533acee3745de2bd0ad7696eededf0c,e06242592308926bb4eb8a1208b019f08533acee3745de2bd0ad7696eededf0c,e06242592308926bb4eb8a1208b019f08533acee3745de2bd0ad7696eededf0c,e06242592308926bb4eb8a1208b019f08533acee3745de2bd0ad7696eededf0c,true,,true,true,true,false,false,true
r0132,eef0ef1c62a7de7075282c65e372277aec6fe90aef1a3a03384bf388d785dfc3,bf16,2607,2136fc03dbbaf1530d163d49d3ca96d39a6bb2460cf770788c7af1cea58485b9,true,true,true,true,true,true,true,true,false,7.625,0.011442323162181226,false,0.4375,0.07337044924497604,true,3f812a78b68712240fea3d66257f9ce55c2fc62d7e99045082ca65a70e99b3dd,3f812a78b68712240fea3d66257f9ce55c2fc62d7e99045082ca65a70e99b3dd,ef28a67ae8e157d72868c3dc758c68e4767805b1bd7b9b7c81ebd36bb3989d01,ef28a67ae8e157d72868c3dc758c68e4767805b1bd7b9b7c81ebd36bb3989d01,false,70,false,false,false,true,true,true
r0133,dd8398118b246eb269be13b3e1df8912917b228b3bc66ad49d159973b640af32,bf16,2128,42aaa861ff8409ad171bd037667fae1eb300a31b997e6be37b10ef824e9a6d9a,true,true,true,true,true,true,true,true,false,5.65234375,0.009626600595454459,false,0.46875,0.07040012627840042,true,dec4491141ab451225ee92000aba2f4e0fd3bf3049eb2fa9cd592dba401ebd87,dec4491141ab451225ee92000aba2f4e0fd3bf3049eb2fa9cd592dba401ebd87,1ea0617b57244c72435c54d263fb2c0a01732ce03c636e3e228669eee49a0ff2,1ea0617b57244c72435c54d263fb2c0a01732ce03c636e3e228669eee49a0ff2,false,216,false,false,true,false,false,true
r0134,ea70d576758eff268e125b0693ea35ca0c02253263059f51fe4522307297db7f,bf16,1698,c5f4ce4a8aac7ad3015655d4a0982ba383f49690d7c62fddd89d64f2e26c34ef,true,true,true,true,true,true,true,true,false,1.83984375,0.006594672250052331,false,0.4375,0.06720196455717087,true,52e214983e189c6aac8a20d0a93fc58b3133e85bb421c9ec059a36cf56acd2b3,52e214983e189c6aac8a20d0a93fc58b3133e85bb421c9ec059a36cf56acd2b3,4ef6f545caf3045aed34e04b48e28c1def4162f8ecb7959ce51dff98ddb5e62c,4ef6f545caf3045aed34e04b48e28c1def4162f8ecb7959ce51dff98ddb5e62c,false,100,false,false,true,true,true,true
r0135,09e3644414f863505b367f7a701e76215d6aef67c773a927fa97357e39c378aa,bf16,2207,c0b4ef88dbf2287a938574ce6f0f19cf5fd7967adadd1f9107b5b8ccafb21f8e,true,true,true,true,true,true,true,true,false,4.3935546875,0.007606824510806372,false,0.375,0.06014792248606682,true,726f0c4c3d2c5479bbb1edeccb3cf0877d45d15b3609f347c2bf495c901ef2f9,726f0c4c3d2c5479bbb1edeccb3cf0877d45d15b3609f347c2bf495c901ef2f9,726f0c4c3d2c5479bbb1edeccb3cf0877d45d15b3609f347c2bf495c901ef2f9,726f0c4c3d2c5479bbb1edeccb3cf0877d45d15b3609f347c2bf495c901ef2f9,true,,true,true,true,true,true,true
r0136,d1ab97220d3b79bbd9d153212ac05323ff1c3b6e9aa10eed060181f238023258,bf16,2686,835dbbc855cd86606c8673c13f2e380b72412f7e313a17f57e7562f7b1760b12,true,true,true,true,true,true,true,true,false,10.953125,0.008867246010080414,false,0.46875,0.06971215456724167,true,40f7aa529a4f3df0ef279c36b321b2d1fcc33ad6eb35b7c3d9f8bf577308f788,40f7aa529a4f3df0ef279c36b321b2d1fcc33ad6eb35b7c3d9f8bf577308f788,65946520d4275b186c7ef394029c10b452c67690028a8f996e790fc7d0e44b7c,65946520d4275b186c7ef394029c10b452c67690028a8f996e790fc7d0e44b7c,false,102,false,false,false,false,true,true
r0137,ade488565a1d4af556b61d4e98d4429c39d9c9c07e382619ce7e4b8935e21692,bf16,2210,ebd3c21fa22efa1a4739348a0e7730a59de7dfe488e4175bf21b7e6cfd7ad176,true,true,true,true,true,true,true,true,false,5.921875,0.008326322151330931,false,0.4375,0.07215379923582077,true,0c605d5a1bc76f335236b5b55d5154ab22c053d6eb3bcbe8f05c6db60247c240,0c605d5a1bc76f335236b5b55d5154ab22c053d6eb3bcbe8f05c6db60247c240,b29dc8fe1124bec6f633da0a3afd510b1efd09a050b2a53167659cc82312932b,b29dc8fe1124bec6f633da0a3afd510b1efd09a050b2a53167659cc82312932b,false,392,false,false,true,false,false,true
r0138,eefa8e8d8bdffc92576f0bdbd34337d54d5949b8206a8a76a750ab453bc0417a,bf16,2333,b3613529812e137efb2d45c3f492e35900e1094e18318d66dc680e055e2c51d6,true,true,true,true,true,true,true,true,false,5.96484375,0.007538728781122772,false,0.40234375,0.060278765857219696,true,95fbae503389c4a330807a4d5d682b67887338d93cc083e81cd14c8535ae1b3d,95fbae503389c4a330807a4d5d682b67887338d93cc083e81cd14c8535ae1b3d,a48d190f42e9e7139b3c94017a723ed6e584cc6069cdbeaffc70b017f644c5bb,a48d190f42e9e7139b3c94017a723ed6e584cc6069cdbeaffc70b017f644c5bb,false,81,false,false,false,true,true,true
r0139,e5f1346c00b52eef0dceadee3f0e0ca71bbc2f8a0d3195fe0bfa057432537c08,bf16,2161,1c4a1def28071ac9a13e75d4523a8ed6b340c970c02b143ef913eff50f7be244,true,true,true,true,true,true,true,true,false,5.78515625,0.007969522785746122,false,0.43310546875,0.06677673757076263,true,b8f60bc62a47eac51822ff14c0a540957c94355998b50f2196b336e3bc189918,b8f60bc62a47eac51822ff14c0a540957c94355998b50f2196b336e3bc189918,179d4946420ecfbb0bb2c42033bb74d39a2e2fe74bfb16884bb2ed0c73280705,179d4946420ecfbb0bb2c42033bb74d39a2e2fe74bfb16884bb2ed0c73280705,false,66,false,false,false,false,false,true
r0140,7c8686ad2259e3ce671f6d161c77c29c2a916fe9d07bf376b05abc3248ce78f5,bf16,1954,9b0dc72175f5ad193b2d60449dce4686098f9b02175429a92f8426c55846d1d6,true,true,true,true,true,true,true,true,false,6.080078125,0.007510734730544181,false,0.53125,0.07490485906600952,true,28f2682f370bb9720f583ddab6b5c6c6f1e4bd68e49d16edcd3f865db43033a6,28f2682f370bb9720f583ddab6b5c6c6f1e4bd68e49d16edcd3f865db43033a6,d6294c2909d3641acbd05934c7cc15d445da19274ea4d58c3a60ddc66493a5c2,d6294c2909d3641acbd05934c7cc15d445da19274ea4d58c3a60ddc66493a5c2,false,48,false,false,false,true,true,true
r0141,8f974a510930e277a52885dd552f088ad95d65249fbcae1002424f590567b84c,bf16,1436,ed2e6e6dcd8d2e5df08f0cab16ea81c423f8bfe2c781f9f76e413bcc3d76489c,true,true,true,true,true,true,true,true,false,1.40625,0.0062042886892530085,false,0.40625,0.06611824035644531,true,45591472690bd2edb9aa0380b7f3fa1ecce9a695d2e2dc74291eb34a5ab247b8,45591472690bd2edb9aa0380b7f3fa1ecce9a695d2e2dc74291eb34a5ab247b8,9f957cfef842e9bc278db56b809ea6f59d8b79f931b55e141ccf4db014bc5c50,9f957cfef842e9bc278db56b809ea6f59d8b79f931b55e141ccf4db014bc5c50,false,96,false,false,true,true,true,true
r0142,12e77a8129d45959d14401e5ba0066e94a5d9cb4bccd1728d1bc4f80314e1bb5,bf16,2439,5ab7c54cf5fd4c7664157f4f741818b779167fba31aaa7ae326adf954bfc7dd3,true,true,true,true,true,true,true,true,false,20.015625,0.013562307737378357,false,0.5,0.07372216135263443,true,cf6964aa6a8f598d89a2f9fafcbd0811e83766aee12660aae3eeda976001b121,cf6964aa6a8f598d89a2f9fafcbd0811e83766aee12660aae3eeda976001b121,d11f59f0a04bee542a076fe49b0cc41904481b715932301700e0cd8676f691cb,d11f59f0a04bee542a076fe49b0cc41904481b715932301700e0cd8676f691cb,false,358,false,false,true,false,false,true
r0143,466d818b3de671dece66311ddd9edfa48a3bf57d96d7be2e7ed64b8f8fc539ba,bf16,2466,679877ff9170e2d59ff7408790970d2c2ae139094f5f8dac39a53fc66615fe0e,true,true,true,true,true,true,true,true,false,8.203125,0.010535170876530628,false,0.453125,0.06711778789758682,true,421f92ffd9426fbf355822f8894d3898f05fdd4a8f1fe1cfea4144131e61031f,421f92ffd9426fbf355822f8894d3898f05fdd4a8f1fe1cfea4144131e61031f,93f8d7837bd47276961826793f6fa7d8e2c4670400e517786a0a31d6b1cb2c0e,93f8d7837bd47276961826793f6fa7d8e2c4670400e517786a0a31d6b1cb2c0e,false,10,false,false,false,false,false,true
r0144,0ee55882d5bf54f1d1a8adea09e95feeaaa6b2b2ee0a74655f72a67a39f2f602,bf16,1938,490d312325a074d5ecfea7da4d49832a8d259b8de19d5896adfc4b6aaf6be546,true,true,true,true,true,true,true,true,false,2.546875,0.006885493756169351,false,0.4375,0.06480322778224945,true,0674602e561fd137776dfbd3d65219479b7986748ffa8b3ea549b97363c521be,0674602e561fd137776dfbd3d65219479b7986748ffa8b3ea549b97363c521be,1dc06e0287ad5a8895999095647d4a5d55deb4a2ccbe4e0e283031222b85a404,1dc06e0287ad5a8895999095647d4a5d55deb4a2ccbe4e0e283031222b85a404,false,102,false,false,false,false,true,true
r0145,115a4820f77dabbe9c508d8bdd03e1474cf856199594e1fc425f1892e9b2698c,bf16,2080,d5604cd89c502e8fff1edaa3b209c1433b843153f88072695c5cafaa69d9be69,true,true,true,true,true,true,true,true,false,4.671875,0.0082977475967523,false,0.46142578125,0.07080789655447006,true,d792a24f5222b6fc347b5b3e9cc7801caf7e4c71ed4f1b8032e28796cabecb62,d792a24f5222b6fc347b5b3e9cc7801caf7e4c71ed4f1b8032e28796cabecb62,7972881afd5f4b20583be51e1b3d45238cca8770610b82f492b54af1c80e8035,7972881afd5f4b20583be51e1b3d45238cca8770610b82f492b54af1c80e8035,false,110,false,false,true,false,false,true
r0146,0376334d96261fe0835fa10330054dbe34d3aa8e600e67e8e0b7e3b0027e8378,bf16,2488,0416d4cd06371f1e5ad21ec4438a0a479bd0da6a8def8e8fe85103b56568a8bf,true,true,true,true,true,true,true,true,false,11.3125,0.009709457319671082,false,0.46875,0.06242409721016884,true,61eed057112cb7fd2c033555f0bb009d9f99c1771d604a186755fe007e2521ac,61eed057112cb7fd2c033555f0bb009d9f99c1771d604a186755fe007e2521ac,5dcc2c9bf1f6ad18e7fba61ba4d8579f28b749eeba83f1b85761db08ee5b6f6a,5dcc2c9bf1f6ad18e7fba61ba4d8579f28b749eeba83f1b85761db08ee5b6f6a,false,39,false,false,true,false,false,true
r0147,0e96214ac15af9b0de187cfb6d3f13c02a6fa09f7db36ec86cc013a9f87d6348,bf16,2266,b5cbb7fb4c5fb9ea0b8d981eedb1423662ef101c2275b384b17437f0f55ad22e,true,true,true,true,true,true,true,true,false,2.71875,0.005824078485822541,false,0.4609375,0.07173743844032288,true,2d99d785f3f77c317dc77d9d6d48160a308853b85c51bd9f94259660bf190ea3,2d99d785f3f77c317dc77d9d6d48160a308853b85c51bd9f94259660bf190ea3,d621430a943dfeb934f75ab4b3ceb8c4c5eb8424d06694f0c0481b754def1850,d621430a943dfeb934f75ab4b3ceb8c4c5eb8424d06694f0c0481b754def1850,false,34,false,false,true,false,false,true
r0148,dd435f90fee253cdce9083fb25f6434dbd8cf044f3d559e9e80ca46d4693ecd6,bf16,2151,b9c7c1c88558a979ca9608ff84e3204cdabb6f5cfd244b992cebeb53c1c4a78b,true,true,true,true,true,true,true,true,false,3.275146484375,0.0077405869914883765,false,0.375,0.05952677130699158,true,4a93902fa71149f8cadaea51eb8f90e702f4cfa370fbc8eb9d89ecb4f2b74858,4a93902fa71149f8cadaea51eb8f90e702f4cfa370fbc8eb9d89ecb4f2b74858,4a93902fa71149f8cadaea51eb8f90e702f4cfa370fbc8eb9d89ecb4f2b74858,4a93902fa71149f8cadaea51eb8f90e702f4cfa370fbc8eb9d89ecb4f2b74858,true,,true,true,true,true,true,true
r0149,66bfe984a903208b1f2f4e31da52f53c41dee62d91e509ff02a56823883010bd,bf16,1758,34c5c8651ab75323bdd20ca043cc6d34e9602095d868207917125719201b9b68,true,true,true,true,true,true,true,true,false,1.875,0.005534964385976634,false,0.3828125,0.06228209659457207,true,8ec60635b8e03e8fbc0768502d37e2d4c62eaa514765549635d432cfde026fda,8ec60635b8e03e8fbc0768502d37e2d4c62eaa514765549635d432cfde026fda,b27fa6b7b880fc74fecccbb4624dd96e3f86d8ac028d5541256ad5ea2d92de5e,b27fa6b7b880fc74fecccbb4624dd96e3f86d8ac028d5541256ad5ea2d92de5e,false,34,false,false,true,true,true,true
r0150,29639507bff3cc4dd93d0f6c2ec7947cf13314dc5c18c04cd6c9bb35ed32d758,bf16,1681,ffffbc26ffbb644db09c0a2f72c30789732118ad8e6047076c677c927e7d4e01,true,true,true,true,true,true,true,true,false,2.2281494140625,0.006670583560924574,false,0.4375,0.06708797812461853,true,d0ba7bec07ef04c7582ada2a57c68929cf6dd446102592578848f8c2032bed1e,d0ba7bec07ef04c7582ada2a57c68929cf6dd446102592578848f8c2032bed1e,777d672fb41ba187300d4b5ddc5e3508d3ac24c634d0786c5d17410cbbce4a06,777d672fb41ba187300d4b5ddc5e3508d3ac24c634d0786c5d17410cbbce4a06,false,77,false,false,true,true,true,true
r0151,736dae6a5ac09aeb76823c8ffb31f8065aaeeb8904b1132facb1ca8241f365c1,bf16,2048,cd28ca01fc972fe4f0a68ef4f7c907f1e36e64e3b52c4ea2d7e150aea1e034bf,true,true,true,true,true,true,true,true,false,10.037109375,0.006898342884339807,false,0.4677734375,0.07392630726099014,true,e213182ac60081cbbedbd4909e2e17f2e188102a0b55a51076b35fc222ad4410,e213182ac60081cbbedbd4909e2e17f2e188102a0b55a51076b35fc222ad4410,1db7104c8159cb9577e73d381864185a9acba5473027a064d486d846294f43dd,1db7104c8159cb9577e73d381864185a9acba5473027a064d486d846294f43dd,false,153,false,false,true,true,true,true
r0152,f9c36e14d7b82dccffd43b772614ca493ff05637bd482233e101aa89b04cda60,bf16,1953,454af48abda70f74a77bc576ee27d5f8d34585517f59d9d20ec688d0b9dceaaa,true,true,true,true,true,true,true,true,false,5.03125,0.007350890959963145,false,0.46875,0.0711168423295021,true,e7bcd53feb60ae05597dc3cf345dd7c1a495ecf9a8ca5b4a03f5fe310ff267a8,e7bcd53feb60ae05597dc3cf345dd7c1a495ecf9a8ca5b4a03f5fe310ff267a8,f4c24b28ce23a29c3c06b2b90f531084d38468d8455a75e88cb7f4ef0d558df3,f4c24b28ce23a29c3c06b2b90f531084d38468d8455a75e88cb7f4ef0d558df3,false,231,false,false,false,true,false,true
r0153,52074adeb7dd4fbc80750ce66025ff12504d09da66fb4c434ed1c9e784071b19,bf16,2302,a97bc3e1ccba1bcd414285f755fc76f3e7b720efefa9b611e0ef831720b1f49c,true,true,true,true,true,true,true,true,false,7.5078125,0.011010436832625056,false,0.4375,0.0668308213353157,true,86149912692bae09411e9baeb94d2ac1102e4f0feaecc194916e6923dfc4a5c2,86149912692bae09411e9baeb94d2ac1102e4f0feaecc194916e6923dfc4a5c2,3d2a85c526d90be7a5f7145a7ed7851e5da34a87c7b9423948c8d8b1dec1339a,3d2a85c526d90be7a5f7145a7ed7851e5da34a87c7b9423948c8d8b1dec1339a,false,107,false,false,false,false,false,true
r0154,1c285b4c6786f3e293f9584504bc00c34df689256d5d985e16e9fe21f632e8ac,bf16,2010,c9fd70156bc8c6401d5911904c9e454efd2fdaaf75b1214a5c50cd87de6766ae,true,true,true,true,true,true,true,true,false,0.484375,0.006608195854896007,false,0.4375,0.06353579461574554,true,d9976f00249980379247495d5bb71f17989900af4860037a7ead4128f2d07292,d9976f00249980379247495d5bb71f17989900af4860037a7ead4128f2d07292,fd610f2eefbb436d11ef395e78b3f5a7e183497086a48b6c47b0b829636c17f0,fd610f2eefbb436d11ef395e78b3f5a7e183497086a48b6c47b0b829636c17f0,false,59,false,false,true,false,false,true
r0155,f55df2d4faa31ad617ec2a1e957233af02923f6dc278086d30041e8a0a76c6b3,bf16,2148,ada2f0683934e4783220793d2cdc05b361439cdebc2be6dd225a25b75ca1f410,true,true,true,true,true,true,true,true,false,3.634765625,0.007805952133294486,false,0.375,0.05983265861868858,true,707896ca52873b5888f047c1800aa038a0047afb6584a08c544fde47fc26e882,707896ca52873b5888f047c1800aa038a0047afb6584a08c544fde47fc26e882,6c99425764a3370e5e2bf89ffdd3e803472ac622089ba29e215fb41885229e40,6c99425764a3370e5e2bf89ffdd3e803472ac622089ba29e215fb41885229e40,false,13,false,false,true,true,true,true
r0156,4cc954318392a27172a4eae3c9478af91d50db00a1d10fdceb93b4a9f957ba03,bf16,2060,55f49b8daefee37a507d442c12d3e4911a952958455e296cd285885b15058243,true,true,true,true,true,true,true,true,false,1.94140625,0.007331645933873514,false,0.5,0.07310324907302856,true,e977a172a064860d2435e66df6ce862b28ce796a5e6390378b2948cac76b8e23,e977a172a064860d2435e66df6ce862b28ce796a5e6390378b2948cac76b8e23,78e626a548f97684ad5900a602c15acc4643e8e7e348103c5e2c9cc8b8f923c8,78e626a548f97684ad5900a602c15acc4643e8e7e348103c5e2c9cc8b8f923c8,false,144,false,false,true,true,true,true
r0157,6f58cd78d1e713e9fcb07bf7daf3e0fe97f351a28ff95966a8fdb800bcd6b4e3,bf16,1481,50ddfb8a71c6057fb78a2708b9c3ef6b41182c95a93e0a16821d7bbbab21457d,true,true,true,true,true,true,true,true,false,0.640625,0.0054177684393916055,false,0.37890625,0.061583612114191055,true,77e9792e60505fd358368044e5b9b2ffab771eaf3c29cb5a95f3952a36ff6748,77e9792e60505fd358368044e5b9b2ffab771eaf3c29cb5a95f3952a36ff6748,da0413955997073d83d92d2a65248da6c46a60bda2b4f0480ed3869985bfc732,da0413955997073d83d92d2a65248da6c46a60bda2b4f0480ed3869985bfc732,false,161,false,false,true,false,false,true
r0158,b8d67710d9d89c6e304a832ce4c356e5232a7d42fc0958c6a9c547ae9314a907,bf16,1862,489bd8a0111d4dd5972f12b4b1239b07a0e99a1b69a19d5ff2952b0c54634ee4,true,true,true,true,true,true,true,true,false,1.5,0.006034119566602196,false,0.46875,0.07254500687122345,true,ce7d737cd4a3754a51846c9cf9bd39543f1523ab7f4bb75cf3a9331ddff07e68,ce7d737cd4a3754a51846c9cf9bd39543f1523ab7f4bb75cf3a9331ddff07e68,b88541cfea2688841b38eba59a2b9327e010af8be6df97f76e503bcfa7b87758,b88541cfea2688841b38eba59a2b9327e010af8be6df97f76e503bcfa7b87758,false,313,false,false,true,true,true,true
r0159,99544de57c6609e1a3a7b4413627e7da5a39014412f18ae9280c49e48f3010f9,bf16,2220,60c60f87b73027c5ab1b7626711f0befe5faf185d4d2e324e0ceb7ca1f9bec32,true,true,true,true,true,true,true,true,false,5.0625,0.007085788353946206,false,0.388671875,0.06368382275104523,true,525e8fc23dd274da76c1f998ed78fa5a68d2581ec668c850078187c6c5554bd4,525e8fc23dd274da76c1f998ed78fa5a68d2581ec668c850078187c6c5554bd4,65638b1d4d43019eb696804ff8f8230d378dfddcb0041dd5ee3e4dd3e088e9b5,65638b1d4d43019eb696804ff8f8230d378dfddcb0041dd5ee3e4dd3e088e9b5,false,34,false,false,true,true,true,true
r0160,0644aeef256fc0a8a9f3645e9f7c2f76653c59307bbd4fa4a9034b2d0be13ee8,bf16,2026,677d80d25a077eca0556e894bbc2e0a24edd0bdc68b5324ea284541df16994be,true,true,true,true,true,true,true,true,false,3.32421875,0.007307025024055521,false,0.5625,0.06522151082754135,true,287dc8c6a133225316c18ee570213eb1a955730973a0b480a3a95867491042d7,287dc8c6a133225316c18ee570213eb1a955730973a0b480a3a95867491042d7,44e780ecfa5781b65ee67686592831dc7622ecd50a8c8db896f6545f643f28fe,44e780ecfa5781b65ee67686592831dc7622ecd50a8c8db896f6545f643f28fe,false,76,false,false,true,false,false,true
r0161,4b98b041ce4da1bce7becba6549cf2d603963d740a3015ac347325e37861f6ed,bf16,2147,c4ee9bb2c1363533189788dafccddff5854f812984805d0d84939d6691fa3f2a,true,true,true,true,true,true,true,true,false,4.169921875,0.00754390536614652,false,0.5048828125,0.07038137316703796,true,eba902716d5fb68178f1b5cd983358505360449a690a443d5247612d1572bc67,eba902716d5fb68178f1b5cd983358505360449a690a443d5247612d1572bc67,eba902716d5fb68178f1b5cd983358505360449a690a443d5247612d1572bc67,eba902716d5fb68178f1b5cd983358505360449a690a443d5247612d1572bc67,true,,true,true,true,false,false,true
r0162,7db3483aac7f97799c1a0fede1ef7b48fcf789636dd0af446f66e79d60d534fc,bf16,1550,38689d692dd25cdd4f5fdd43e5689e7d7ebb15fc1b8b8392bbf830b0d63b6a8c,true,true,true,true,true,true,true,true,false,2.8515625,0.00700341538828908,false,0.46875,0.07020863145589828,true,6649e19f39b4d2e8ce6c0287dbbeafcae778639f7e2c5ac4e99db1318b406143,6649e19f39b4d2e8ce6c0287dbbeafcae778639f7e2c5ac4e99db1318b406143,6649e19f39b4d2e8ce6c0287dbbeafcae778639f7e2c5ac4e99db1318b406143,6649e19f39b4d2e8ce6c0287dbbeafcae778639f7e2c5ac4e99db1318b406143,true,,true,true,true,false,false,true
r0163,3431ca53fca85639101b6cd4bb63e8a362cdc091da13a713d41f9d1f8b8e0ebb,bf16,2423,d99be7e9905a345d0a09a72bcca092055a93a2046d4996ec3c963a15af9219f6,true,true,true,true,true,true,true,true,false,2.625,0.007684444476897793,false,0.5,0.07355305552482605,true,bf90db2a7312a52d00b3574cd894343f44fe2321cfea18e069c2a2adff2b0162,bf90db2a7312a52d00b3574cd894343f44fe2321cfea18e069c2a2adff2b0162,8a01f634efb3dd504d61460254078246efb33097ef99d3e96033113b5983b36e,8a01f634efb3dd504d61460254078246efb33097ef99d3e96033113b5983b36e,false,55,false,false,false,false,true,true
r0164,482c5daf269f8758172847473114447e1687ea87e280f856383cdb4a58d17772,bf16,2307,8e4f533d7b5b40cf234d06e6ca2fad30f38c8b5cc77ab599a1ff55669a170a02,true,true,true,true,true,true,true,true,false,3.5859375,0.007628217131618468,false,0.5,0.07443512231111526,true,b9253090c97b94316d77c5721bac2e1fb87e60e5574d8406b9321d63b2902fac,b9253090c97b94316d77c5721bac2e1fb87e60e5574d8406b9321d63b2902fac,eaf8fc3d251b5e3f163762af5f10fa788968077d024366877c6b53319d7b66de,eaf8fc3d251b5e3f163762af5f10fa788968077d024366877c6b53319d7b66de,false,93,false,false,false,false,false,true
r0165,e1005c8ede02dc66e356825f19b15c18ce893cafdd52efd12424e65ebbf69fb4,bf16,2027,2696d5173d3cf880f76fb64a795fc5541e4399293c4f49b67bf14d62697bb57b,true,true,true,true,true,true,true,true,false,5.0625,0.00810734236394008,false,0.390625,0.06594716012477875,true,530ab2f96f214d2de10927dbafac18f35bf10fda537329b24d94b824a796dc5c,530ab2f96f214d2de10927dbafac18f35bf10fda537329b24d94b824a796dc5c,b3538073f2a39f489e6e59164c49a3ff2fbf2df800aaa2b02302dd1d4028e4d2,b3538073f2a39f489e6e59164c49a3ff2fbf2df800aaa2b02302dd1d4028e4d2,false,106,false,false,false,false,false,true
r0166,0fcc65ad973b76356690a54074c2e50cbf28135fc934b99dec9b3a28f5108e97,bf16,2058,64e8f44e191773fea44ab4567d4d25dac7e974e3467745469919504894bead85,true,true,true,true,true,true,true,true,false,8.0,0.007831375982682614,false,0.53125,0.08388558775186539,true,af82e06f6b6f9f6a1c206f3eadf28b6d46de7f1d4e6cc6dfeb1301505805e72f,af82e06f6b6f9f6a1c206f3eadf28b6d46de7f1d4e6cc6dfeb1301505805e72f,af82e06f6b6f9f6a1c206f3eadf28b6d46de7f1d4e6cc6dfeb1301505805e72f,af82e06f6b6f9f6a1c206f3eadf28b6d46de7f1d4e6cc6dfeb1301505805e72f,true,,true,true,true,false,false,true
r0167,12fcc37cf767545e0c6c8a07faf48cfc6a13ba03afb388ef95482d309739abb7,bf16,1330,4b4a79e7704e0d049eb103d8566ad57051b3d820908603e4880b067eb8638c90,true,true,true,true,true,true,true,true,false,0.9375,0.006017977769274559,false,0.40625,0.061678554862737656,true,9520a4d5077a7a69271d86fd81c0a8171eb3933b9ad44b5e92561401f742f2c2,9520a4d5077a7a69271d86fd81c0a8171eb3933b9ad44b5e92561401f742f2c2,9bdce38260c0ef48c6fc49d75aef11a023abb5abddbde0606c810222ec01ce83,9bdce38260c0ef48c6fc49d75aef11a023abb5abddbde0606c810222ec01ce83,false,50,false,false,true,true,true,true
r0168,b90510ccf4c9664d51abb79ba52f209988e4e1cc5d04f6c93e83973becb45991,bf16,2082,f7131c9b6edaaecc8b7c0d7c7e46468307a7b69720a8e6ab461113f459a0154d,true,true,true,true,true,true,true,true,false,5.1875,0.00772256789845618,false,0.4375,0.06467677652835846,true,97bdd97df6b38e34519250aae349266085852546c5d408958de9ed007aa19c8f,97bdd97df6b38e34519250aae349266085852546c5d408958de9ed007aa19c8f,4410c42906f957f23d70602b482c4506ddfc63838dd07e0786a5faf5dc1201f4,4410c42906f957f23d70602b482c4506ddfc63838dd07e0786a5faf5dc1201f4,false,55,false,false,false,false,false,true
r0169,9e900033d06cbc3f1d3daa03dd7c129f4fdee52563112cb1503f546bac2f054a,bf16,1025,8d9e58fc5b71c44fd176606882451fb5a0b76bae4ec6ed1ff6d7049dc82bd8e2,true,true,true,true,true,true,true,true,false,2.9609375,0.007255207425851535,false,0.40625,0.06425662338733673,true,001273e182fd6e1c45ac2f4f5eb9912f6e90864e22a9b1b3459eb8ed5a759e63,001273e182fd6e1c45ac2f4f5eb9912f6e90864e22a9b1b3459eb8ed5a759e63,a6bb16563a039e6f50958134b6279c6cb3e6321037cb0d39c4d6d6e6a8fea99b,a6bb16563a039e6f50958134b6279c6cb3e6321037cb0d39c4d6d6e6a8fea99b,false,87,false,false,true,true,true,true
r0170,02b1ee04c42f17627bdd7025f775ce32ef75875608735dbc13f09a07bb0705a9,bf16,2164,36bfbe2f9e0c02a8c56344e175c894ca97fb2ef54eb2e30e93ac79dc2c38a228,true,true,true,true,true,true,true,true,false,2.65234375,0.007872313049027265,false,0.421875,0.06962211430072784,true,1c36a4e386cafe90c1b6c6b1b3e6c1d59eb17a218555f07724d18c3e3f2c9782,1c36a4e386cafe90c1b6c6b1b3e6c1d59eb17a218555f07724d18c3e3f2c9782,4ee339b9e6de9006ac0a5d9935bcb966ea8ed106414abd3fbaee7771c94030c4,4ee339b9e6de9006ac0a5d9935bcb966ea8ed106414abd3fbaee7771c94030c4,false,63,false,false,false,false,false,true
r0171,9e40c63ff2000cbc61212adc17404147771bf9019798c118a293e2882e90dcf3,bf16,1602,767cd5ccd4a15600dd1125898db17379bb7fd019643439288f77689bbee3b559,true,true,true,true,true,true,true,true,false,1.732421875,0.006061887613626545,false,0.45703125,0.07381277531385422,true,319a2e34a47f2d0b114372fa89565ec66d2e576140f63173744480c08d1bdd60,319a2e34a47f2d0b114372fa89565ec66d2e576140f63173744480c08d1bdd60,a30ced49ab6b1cf9278b272e76fb274e143697fb97d19fdd47779ce4741a8361,a30ced49ab6b1cf9278b272e76fb274e143697fb97d19fdd47779ce4741a8361,false,118,false,false,true,false,false,true
r0172,933fbb5e4253d7e140a4871cc1dc49a76039728351c03e8d8eb42edb03087996,bf16,1296,7e126970c11eccb7ce401e9b8f53eff01417f191b1dcf6d096573b5132ad5b00,true,true,true,true,true,true,true,true,false,0.6640625,0.005220355067717157,false,0.4609375,0.0703413188457489,true,c2ac3b0f5386315d8ef874795001e85020003fbae5ab9f5b9cba6072b39979c7,c2ac3b0f5386315d8ef874795001e85020003fbae5ab9f5b9cba6072b39979c7,c2ac3b0f5386315d8ef874795001e85020003fbae5ab9f5b9cba6072b39979c7,c2ac3b0f5386315d8ef874795001e85020003fbae5ab9f5b9cba6072b39979c7,true,,true,true,true,true,true,true
r0173,83d3e7eb757ce99cdd8e42f75d6ea5b3e3e8ac3cb041b49ef842ac176ee0226e,bf16,2373,67e9aaa752bf11a7bffc8929696ac39e16140e8e85f3a17681cd237051ff31b4,true,true,true,true,true,true,true,true,false,7.40625,0.009362644899268932,false,0.421875,0.06805387139320374,true,1e38c627a0e93e6ce1871b9073a4272bd0ccf20acf5d96ba779c7f4b33eb298e,1e38c627a0e93e6ce1871b9073a4272bd0ccf20acf5d96ba779c7f4b33eb298e,793064cca0c91490302bd9050603a7ec48aa1a73d01b46819e4eb88be7a49bbe,793064cca0c91490302bd9050603a7ec48aa1a73d01b46819e4eb88be7a49bbe,false,73,false,false,false,false,true,true
r0174,4bab8e7cfd5c1f2d0e0e150cac992dbed6b9a2e0ce3b09eef8290175b170dc19,bf16,2111,be33071c7751ae19b4f31c9514b0229bb0c3c7474f8dc156b296aa234b220059,true,true,true,true,true,true,true,true,false,6.4375,0.008067228444297614,false,0.46875,0.07399016618728638,true,a4a74a32a71e96b66a188169162331edc3deee30eab7d8b67e7718cc880afae4,a4a74a32a71e96b66a188169162331edc3deee30eab7d8b67e7718cc880afae4,653dbbca5540c1dc5605e50e44f0963f6ebaa53d6597d2f0293f2c34340e169c,653dbbca5540c1dc5605e50e44f0963f6ebaa53d6597d2f0293f2c34340e169c,false,7,false,false,true,false,false,true
r0175,7f76c23fc65d3f8b9278414509bdf3a092c640fb10788fac608c6cd88b608159,bf16,2189,d8ad3b45bbbf4eb2bc3a866b5fcee8ca9dbc74af6dcff1343d6732e7e2015719,true,true,true,true,true,true,true,true,false,5.4609375,0.00857347204727362,false,0.375,0.0633094385266304,true,2af4ebd81613e7a73fdafa477a770925dc875827b7b5376ccaeebc7a1512fa54,2af4ebd81613e7a73fdafa477a770925dc875827b7b5376ccaeebc7a1512fa54,a21c388f9fca6f569cb553c1aabc9e782a5ff644cc7bef0bbf6b2df1d7e0ad38,a21c388f9fca6f569cb553c1aabc9e782a5ff644cc7bef0bbf6b2df1d7e0ad38,false,126,false,false,true,true,true,true
r0176,654ec4eb5c8fec869835755e15d775563ac3c3cb2b3aa71a77770ffab85eaa46,bf16,2194,a43918b806c3cedd53e8b1adbb3e63d772ddffd219e46a1cfc7f181811cea6ab,true,true,true,true,true,true,true,true,false,4.3125,0.007146380400284498,false,0.453125,0.07722806930541992,true,93ad5f3393ba3a0e2b9cb341639ea5e8c7669f6e531b1ef3ccc523e7bd01931f,93ad5f3393ba3a0e2b9cb341639ea5e8c7669f6e531b1ef3ccc523e7bd01931f,93ad5f3393ba3a0e2b9cb341639ea5e8c7669f6e531b1ef3ccc523e7bd01931f,93ad5f3393ba3a0e2b9cb341639ea5e8c7669f6e531b1ef3ccc523e7bd01931f,true,,true,true,true,false,false,true
r0177,d33ce35c432afae6c6b5412a81a79343c577bdd2176a926c9966e97000810027,bf16,2443,40db2386b1dc4ea332750c7d38df25cddba330bd681be4974df28a6f9baf8552,true,true,true,true,true,true,true,true,false,8.25,0.006896130753495747,false,0.375,0.0628015324473381,true,5f5bd2a80ce4a1e992819e4a2b58cae64d01ebbbac79b5e93ef06056c8821355,5f5bd2a80ce4a1e992819e4a2b58cae64d01ebbbac79b5e93ef06056c8821355,97cd07cc2b642e624fbfe15c8b694216c35e5e452761ea38deaaad50590c9ed2,97cd07cc2b642e624fbfe15c8b694216c35e5e452761ea38deaaad50590c9ed2,false,37,false,false,true,false,false,true
r0178,c48be836123db36afae14c7126ac30cd998dbbe385bea8d0d52942e1d02917ea,bf16,2070,d03d41acb480df0aab4425488ccc61fe12aaea562eab9a068519c823a8d21f59,true,true,true,true,true,true,true,true,false,4.1328125,0.008802173823195147,false,0.40625,0.06566040217876434,true,163f6644bd4c6abf18ae6d0d4a01dbe2508f587a40888418d49c151d6cd3bde5,163f6644bd4c6abf18ae6d0d4a01dbe2508f587a40888418d49c151d6cd3bde5,feca4a060c8e4da496b59c32d6391650d451fad21c9082b630029deaa01a25df,feca4a060c8e4da496b59c32d6391650d451fad21c9082b630029deaa01a25df,false,7,false,false,true,true,true,true
r0179,25f8e444d784900eb2c25fa2db03963e403e6cf12122d4e857d30e48466e65c1,bf16,1237,252ad8464e172421da634ae5dbc10aeb4552a60b9c8ca1da7fc5ed126858b9d8,true,true,true,true,true,true,true,true,false,0.984375,0.006068787028471172,false,0.46875,0.07069207727909088,true,d739d7104b9cd1109f343a80c644589e25abb88dceef4a8a6331634d031a78c6,d739d7104b9cd1109f343a80c644589e25abb88dceef4a8a6331634d031a78c6,6f371a5bd8da37d23a0ad995997fa760959f8f8fcd02f7600e0a6dd95a00eb03,6f371a5bd8da37d23a0ad995997fa760959f8f8fcd02f7600e0a6dd95a00eb03,false,25,false,false,true,false,false,true
r0180,bcd9b107c5bb632d346261c98a6ec3a43914f1bd14e5ca31b65aec8737df83fb,bf16,2316,21c1980ba3a7aa39b0337f890e9503ded0632fc71d85fc8232db456986e06594,true,true,true,true,true,true,true,true,false,3.744140625,0.008273518900842713,false,0.46875,0.0722803920507431,true,598b1c044d21d487371444ad14b2e853ebf38739dc55bf46508c83363a211689,598b1c044d21d487371444ad14b2e853ebf38739dc55bf46508c83363a211689,598b1c044d21d487371444ad14b2e853ebf38739dc55bf46508c83363a211689,598b1c044d21d487371444ad14b2e853ebf38739dc55bf46508c83363a211689,true,,true,true,true,false,false,true
r0181,52030cb6d600e2632ead25d30cdf436e9f680b4c44a2bc8973dcbcdbe443c747,bf16,2032,848b4ac33e44554c3558b80b9c51ef1f93aae64c9977de87eee8d9acb73f6964,true,true,true,true,true,true,true,true,false,2.953125,0.008039694447574195,false,0.41796875,0.0657876506447792,true,feea860e601114d9605edf9e4235fda926d902e2453aba18669be9c43d21b953,feea860e601114d9605edf9e4235fda926d902e2453aba18669be9c43d21b953,ad4edafac8869f88d722a06376461a9cc365fc3009af249d02265b8ee137848c,ad4edafac8869f88d722a06376461a9cc365fc3009af249d02265b8ee137848c,false,205,false,false,true,false,false,true
r0182,0c5179c7b7f827f65813e4e30baee16be5c65efd7c93fd70ed1c3118458f25ad,bf16,1836,1a773a82b5831462346189aeb4b77aa3b9f7d1f5eba0f895e4caff5d23e4f648,true,true,true,true,true,true,true,true,false,3.9140625,0.0073497267263894495,false,0.5078125,0.08624276518821716,true,06e511f35b0ef285341a676732cda44d7d08a22978d7c2827464d0b8b6210c57,06e511f35b0ef285341a676732cda44d7d08a22978d7c2827464d0b8b6210c57,d746bb63d3834f261830cd3a7acc59b54d45fd6649d5aff2ce67cc453567fd42,d746bb63d3834f261830cd3a7acc59b54d45fd6649d5aff2ce67cc453567fd42,false,53,false,false,true,true,true,true
r0183,f9b94cc81196f11f376e34d3a29a828cef0b0df7fd4f7ccdfb9881b0ad89f6f5,bf16,2152,c5f86830c143d818bafadc3662b069364cd50fbde4a06239000fc1a3c5f2bda3,true,true,true,true,true,true,true,true,false,6.9375,0.008309520089764119,false,0.43359375,0.07114025950431824,true,751f3974f253e2709cf86e70337e6908b120423991b3f5278de10080a26011c1,751f3974f253e2709cf86e70337e6908b120423991b3f5278de10080a26011c1,be04a0b5838d9853c9c88ca69a84fc130f30f524946e617775835f6cb85edc11,be04a0b5838d9853c9c88ca69a84fc130f30f524946e617775835f6cb85edc11,false,131,false,false,true,true,true,true
r0184,aea9f84cccb27371029434befd5039266742b646c8546b00832d57a89f06c99e,bf16,2514,6017adad8b49fc839ecd478f1f96583cb1b2af0cffa34f47ba4d47a50c3c7079,true,true,true,true,true,true,true,true,false,5.453125,0.00997850563987244,false,0.466796875,0.07745518535375595,true,efce0fc098e52c9ad1759d79ef5ec2001b7c5745d557d837251ac3df1a873f9d,efce0fc098e52c9ad1759d79ef5ec2001b7c5745d557d837251ac3df1a873f9d,ccef2c818b3797e19268a798727dd6ddd136e4ec22db02db9534ba9fabf0066f,ccef2c818b3797e19268a798727dd6ddd136e4ec22db02db9534ba9fabf0066f,false,165,false,false,false,true,false,true
r0185,6cac3031cd3e99cf61fc3cbe3debb21832103d9691ab04bbb79b845b1b32830b,bf16,2140,ca736379b9b9b1644bbf6b83c269233ad4eeb663f1ea0f3e6e1912f4ce219b5e,true,true,true,true,true,true,true,true,false,4.53125,0.007926852623840075,false,0.40625,0.06670837104320526,true,03e5a1b8c42ae9623c6fd67d5b66e0109984c619daf42d8fd503d2ff46715b63,03e5a1b8c42ae9623c6fd67d5b66e0109984c619daf42d8fd503d2ff46715b63,f204f937572e4c8452c0168ec2fe56d63f204419fd49428ac37bb8fb6c32ac18,f204f937572e4c8452c0168ec2fe56d63f204419fd49428ac37bb8fb6c32ac18,false,99,false,false,true,false,false,true
r0186,5d4603ad8a75bdd5896b882f8fe51442a4cf25ca93279498dc70e60b2deca78c,bf16,2011,b917dd05461ab02b34bf5ab2ff5a7ae59f4ed0f5a02b0e4a2e3f475d3b8cfb42,true,true,true,true,true,true,true,true,false,3.4921875,0.007904919654355599,false,0.40625,0.06211450323462486,true,add91a70b69efd496c1cd712d96c0bd229ad4d783cd1a9551e44b9a33380ca09,add91a70b69efd496c1cd712d96c0bd229ad4d783cd1a9551e44b9a33380ca09,90b90459b66bb2cab7a3091850d4979d85261a81c93cb80e3bbc5b1b7951617d,90b90459b66bb2cab7a3091850d4979d85261a81c93cb80e3bbc5b1b7951617d,false,33,false,false,true,false,false,true
r0187,b5240ceee0d40c8f268ff72b0db5619055fe9e2a792869753c57ee8a8dca138c,bf16,1756,d9e9ce8a2d304d108e2a8562044553f47aa7c0b70a5f9844304abcac79503ad8,true,true,true,true,true,true,true,true,false,2.529296875,0.006531370102257553,false,0.453125,0.07186020165681839,true,e037ddcebc7ef900c6501b64fd4622f1f55780feab9fad6f44c101d259153d5f,e037ddcebc7ef900c6501b64fd4622f1f55780feab9fad6f44c101d259153d5f,e9bd580ea0646df17f43ee9ce6e295db178c7e7b6013e482952ada1c22ba67ae,e9bd580ea0646df17f43ee9ce6e295db178c7e7b6013e482952ada1c22ba67ae,false,62,false,false,true,false,false,true
r0188,8d799fbd0396505e13d64a464655c10b03705e5457473e04605723dd1034898e,bf16,1993,6779344c218a9d4c2efcd05397fc9ef819d2e7d843ff946a77110daf1d9993d1,true,true,true,true,true,true,true,true,false,3.0625,0.006783019511299074,false,0.4375,0.06534726172685623,true,ae034a2977017feb179424ba81a5c435fd5e21cc6cd3535a3dc5cc751683ff33,ae034a2977017feb179424ba81a5c435fd5e21cc6cd3535a3dc5cc751683ff33,325f06daace64cbb7c90c5343185dd04f4adcea9c4fa0023cb514cb7d552e916,325f06daace64cbb7c90c5343185dd04f4adcea9c4fa0023cb514cb7d552e916,false,93,false,false,false,true,true,true
r0189,c3a5ef28bb2a5efb7f827205bf44f9cf0382b7e312106981e0621ab5e2cfef38,bf16,5080,f200002242ac5a4c032da9ebef87e83fcb8985eb10d2d470c323fb845d4ae663,true,true,true,true,true,true,true,true,false,8.859375,0.005549898019588348,false,0.40625,0.06858395785093307,true,256989bbd2c3016248ef41cb14625a725b3bd4c023b690a5cf794969f9f740f6,256989bbd2c3016248ef41cb14625a725b3bd4c023b690a5cf794969f9f740f6,63bd47c37b89b99394435c1b2b236fd6ff96ab87ce35d772132687a2db0396d3,63bd47c37b89b99394435c1b2b236fd6ff96ab87ce35d772132687a2db0396d3,false,134,false,false,false,true,false,true
r0190,415bdb734bbed39cc512d90b96cba0ca0d08aec52e80610a26211911170b3041,bf16,2312,97e0aeb33dacc18d90768bfdf6bd63f6f80f70dcc16be8248ca30e880ed9f8a7,true,true,true,true,true,true,true,true,false,5.9609375,0.008196403880440647,false,0.44921875,0.07198198139667511,true,95a3701ab5221713a542e82891d75ec07a4e1eed0a28b1627b67b83bf7d03822,95a3701ab5221713a542e82891d75ec07a4e1eed0a28b1627b67b83bf7d03822,8bd3262d715081c59a3b6464ff9a27f04f6f6ede666b86222c2fe536b8121259,8bd3262d715081c59a3b6464ff9a27f04f6f6ede666b86222c2fe536b8121259,false,71,false,false,false,false,false,true
r0191,5375d839b9df159bb3b1d98d877c5b61cb7704dcc388975fe6b908686ee4085f,bf16,1392,4225c4b91263e1743e849724b834590fa91dcd41d51fdf6980935264ba1ddd82,true,true,true,true,true,true,true,true,false,1.015625,0.00433201076311196,false,0.40625,0.06691750884056091,true,57585d24d064e3b5f54b88d3b60a1caeb24aeebcf61568c1cf6069210f1d93d6,57585d24d064e3b5f54b88d3b60a1caeb24aeebcf61568c1cf6069210f1d93d6,ea469f0fd3f14bb37f72d4db7aebd488b3c7a64cbad76f26a4e7c5782ddf3929,ea469f0fd3f14bb37f72d4db7aebd488b3c7a64cbad76f26a4e7c5782ddf3929,false,104,false,false,true,false,false,true
r0192,e8167377862ae545180b784f67a02b8b03380e308d8b8ae29553e9731986e199,bf16,2338,ba7cafecf6cbfc0ae2aa81c482e07ba3f7e685861339c15e9dc8c34c2b063b46,true,true,true,true,true,true,true,true,false,4.4296875,0.008424256609352643,false,0.375,0.06279197335243225,true,7862bb11c8c62da384c55c70a4aadb0e01b537838703431b05314cbce1e9cd50,7862bb11c8c62da384c55c70a4aadb0e01b537838703431b05314cbce1e9cd50,265717c6f005788e7c1f06fec127001b374329e909b517ddd19687cb6941cbce,265717c6f005788e7c1f06fec127001b374329e909b517ddd19687cb6941cbce,false,146,false,false,false,true,false,true
r0193,7ff26134f2366bdcff93a1ae76c616b4612ca4fa7cf92208e7f5bd2dea20e8f2,bf16,2325,fe263ff76c14b6771590dba5fdb0e9d6ae8fb19a5fcbe802636a80b66c213c29,true,true,true,true,true,true,true,true,false,4.5625,0.007977568922875183,false,0.4375,0.06654244661331177,true,700ba98dfdbdee5f75d4678ee8612e180ad26efe7e9dfb7853ebd3df1f04868d,700ba98dfdbdee5f75d4678ee8612e180ad26efe7e9dfb7853ebd3df1f04868d,700ba98dfdbdee5f75d4678ee8612e180ad26efe7e9dfb7853ebd3df1f04868d,700ba98dfdbdee5f75d4678ee8612e180ad26efe7e9dfb7853ebd3df1f04868d,true,,true,true,true,false,false,true
r0194,a1683d46062d90d54d3e9164f07b0eba456a3b0e59c395e5d838dc251a92cf2e,bf16,2114,34fa323441a8080e293418c0c90a0dca3f62a30f6c74780fc250059b4fc134cd,true,true,true,true,true,true,true,true,false,4.4453125,0.006796150323692926,false,0.40625,0.0617632232606411,true,24872901751708572c707a19ba1efa0901c5a7e1d38d60e702fac3ce080d3a01,24872901751708572c707a19ba1efa0901c5a7e1d38d60e702fac3ce080d3a01,24872901751708572c707a19ba1efa0901c5a7e1d38d60e702fac3ce080d3a01,24872901751708572c707a19ba1efa0901c5a7e1d38d60e702fac3ce080d3a01,true,,true,true,true,true,true,true
r0195,92aa30d3bf709a7a2f87d6457f951314925c9ff366f4e6b0ffe2104d4bbaacc4,bf16,1454,7853597cfe1f2fd64208d36fa17a30d710253dbe6ff3b7c89a2a20b202fdbd15,true,true,true,true,true,true,true,true,false,0.9375,0.005529199959173929,false,0.3828125,0.06462014466524124,true,7ac185780f3996aba6e8da9daa951f75a091e2aba1829032018c330bff10fbd7,7ac185780f3996aba6e8da9daa951f75a091e2aba1829032018c330bff10fbd7,ea8233e10f6d8e98388ebac0620a28b92008342b3311532f5a603cdee0864754,ea8233e10f6d8e98388ebac0620a28b92008342b3311532f5a603cdee0864754,false,50,false,false,true,true,true,true
r0196,f04c4269aa78317a7425961cfb1dad139600c370ae7cb892340cbf4e5f8d77f0,bf16,2129,17d8de39dd48a3fe935702e070e6a4a58186c8b2785e7ac8113aada061c0fdf6,true,true,true,true,true,true,true,true,false,5.375,0.009024109757099021,false,0.46875,0.07021309435367584,true,96a1d263f9d1069a9deacab324ba70a89da8cbb57a388e4dedae75238b1073e9,96a1d263f9d1069a9deacab324ba70a89da8cbb57a388e4dedae75238b1073e9,96a1d263f9d1069a9deacab324ba70a89da8cbb57a388e4dedae75238b1073e9,96a1d263f9d1069a9deacab324ba70a89da8cbb57a388e4dedae75238b1073e9,true,,true,true,true,true,true,true
r0197,5e9f75e580267be25fb3eba79249ea1d82e48ff2c198be27d3a9902aae9cb577,bf16,2423,dd7dfdbca769012028a755310ef94a68a3d0a451cb506c16b6bc4cdafb3a7edd,true,true,true,true,true,true,true,true,false,7.65625,0.01003976442236513,false,0.421875,0.06830960512161255,true,8275a7c07f369c9af38875746187c5673e757b3fd9fcec526ac36dc2ec1a97e2,8275a7c07f369c9af38875746187c5673e757b3fd9fcec526ac36dc2ec1a97e2,e03057ae7ccd5dc3b1b4a18b0f5ea3200ce3d514d9810877dd05a092d1540ba4,e03057ae7ccd5dc3b1b4a18b0f5ea3200ce3d514d9810877dd05a092d1540ba4,false,247,false,false,true,true,true,true
r0198,c6563390ecfc56bae5f92d7d09a92e2b77ec2e186a69f62edf42471e7323a0dc,bf16,2032,9f7cd1dfd1b6cc3f181cf503fe17db4996389e8a64a7cdad2593695de10d88b3,true,true,true,true,true,true,true,true,false,3.75,0.009102139497307671,false,0.4296875,0.06595392525196075,true,821c0a37e21649edaef75665d503403f924196ff9e9dd1db9497e8774ac0823a,821c0a37e21649edaef75665d503403f924196ff9e9dd1db9497e8774ac0823a,5601514390d731a477b937c1092f221e1cd4d249c1c2a350812c253e9172fb9a,5601514390d731a477b937c1092f221e1cd4d249c1c2a350812c253e9172fb9a,false,232,false,false,true,true,true,true
r0199,ed90e3f61d3669184f14bfbffab371148c212f9bb212c904e1f7fa460c11de66,bf16,2409,d93f3cbc17ffa1530828ed106470431a4d1458f2110ea86ee1421072cd6ffaca,true,true,true,true,true,true,true,true,false,15.6875,0.008361654029197974,false,0.5,0.0747111588716507,true,519403322d646acb9a81767232a61424264e3b56346e451f02dd6570d44dae93,519403322d646acb9a81767232a61424264e3b56346e451f02dd6570d44dae93,48e6cb847a331122c2389cfc6b1a7d1a20ec4097308867a62a87911911bdd520,48e6cb847a331122c2389cfc6b1a7d1a20ec4097308867a62a87911911bdd520,false,65,false,false,true,false,false,true
r0000,277d32bf3b64d70f25186ee0aa2e10caf55161fd3cceceeb63c5c6d4923ecb6f,fp32,2260,789182f0b36136507d7ffd765c503ab103b6e5d416686149e99e32c6066a29b7,true,true,true,true,true,true,true,true,false,0.020070098340511322,2.723521211889235e-06,false,0.00013208389282226562,2.479895920259878e-05,true,f98a9662de7a68fdfa2128f4db924ec92731590a2e291f8f20a82f16667d55ff,f98a9662de7a68fdfa2128f4db924ec92731590a2e291f8f20a82f16667d55ff,f98a9662de7a68fdfa2128f4db924ec92731590a2e291f8f20a82f16667d55ff,f98a9662de7a68fdfa2128f4db924ec92731590a2e291f8f20a82f16667d55ff,true,,true,true,true,false,false,true
r0001,c83722e488313112af51c76e2698b4314529be60d9b17bcbbe28a989158dd569,fp32,2264,5df4aa864d42fa4becabaac42ed0d6e53b98c051bb2cead606186fd28c512f4e,true,true,true,true,true,true,true,true,false,0.0018097758293151855,2.3031581568577764e-06,false,0.00010395050048828125,1.596454058017116e-05,true,ec26d46a756e94741026a39ff6a6ca091fc5828bc9516477c47103009fba0785,ec26d46a756e94741026a39ff6a6ca091fc5828bc9516477c47103009fba0785,ec26d46a756e94741026a39ff6a6ca091fc5828bc9516477c47103009fba0785,ec26d46a756e94741026a39ff6a6ca091fc5828bc9516477c47103009fba0785,true,,true,true,true,false,false,true
r0002,73678b4f4d07208e72264ea35dbf9c4a91c17a4241eb0d9ab0140e538e5c4cd6,fp32,1705,38d5f608e7a247034dbe23f9b13647c20fb9bdd1385211e658a54d0baae7c7ad,true,true,true,true,true,true,true,true,false,0.0003132820129394531,2.204295443212582e-06,false,9.679794311523438e-05,1.5178212379396427e-05,true,f537373ba3842c33f1938b0527a43f707394472cad83dc4806fdcdb5c5e269a2,f537373ba3842c33f1938b0527a43f707394472cad83dc4806fdcdb5c5e269a2,f537373ba3842c33f1938b0527a43f707394472cad83dc4806fdcdb5c5e269a2,f537373ba3842c33f1938b0527a43f707394472cad83dc4806fdcdb5c5e269a2,true,,true,true,true,true,true,true
r0003,684a35674022fd03760d1f11251837cf6b932a8f5be1f87ebefaf25ffe2df1a9,fp32,2402,0caa257e97626224e59daf3f136b4b581b6ed459fb97a0a6b7e2582fd5b03233,true,true,true,true,true,true,true,true,false,0.0013222694396972656,2.4886906483760165e-06,false,0.00011038780212402344,1.591850013937801e-05,true,50bcd6a6e723c5396f64a6702dc0ec5af6f25b2eaf7b177e696c12ee4f36e50c,50bcd6a6e723c5396f64a6702dc0ec5af6f25b2eaf7b177e696c12ee4f36e50c,50bcd6a6e723c5396f64a6702dc0ec5af6f25b2eaf7b177e696c12ee4f36e50c,50bcd6a6e723c5396f64a6702dc0ec5af6f25b2eaf7b177e696c12ee4f36e50c,true,,true,true,true,true,true,true
r0004,be222a3927f0545f8fc9f1e9efab94d54254080a2fbe6d75373d183c5cbd5c84,fp32,2303,8154c4867616c1b10010b7c17f03be03fd36362c325de6c19ec2ec1f2b3f4926,true,true,true,true,true,true,true,true,false,0.003497600555419922,2.9129345454255904e-06,false,0.00010752677917480469,1.6289490304188803e-05,true,3bc2ffd785e33b733cf63eb1cc9200f5368d3089a6057c2ea71911b78997eb6e,3bc2ffd785e33b733cf63eb1cc9200f5368d3089a6057c2ea71911b78997eb6e,3bc2ffd785e33b733cf63eb1cc9200f5368d3089a6057c2ea71911b78997eb6e,3bc2ffd785e33b733cf63eb1cc9200f5368d3089a6057c2ea71911b78997eb6e,true,,true,true,true,false,false,true
r0005,9cfd0a253edef517a42acb37ced2e67624b3a22240cfd4a10b3d12c1d2c004b4,fp32,2175,4117bc38f7992994b53517321249abb59ef8bb2975708c4c71ba6a5d537aaf48,true,true,true,true,true,true,true,true,false,0.0021588802337646484,2.719962537349e-06,false,0.00011944770812988281,1.632118073757738e-05,true,404f70f0a5491c9b2af98aa3f4797d9f0e5e15dc3562bbbb9fb008ffb3ffa84e,404f70f0a5491c9b2af98aa3f4797d9f0e5e15dc3562bbbb9fb008ffb3ffa84e,404f70f0a5491c9b2af98aa3f4797d9f0e5e15dc3562bbbb9fb008ffb3ffa84e,404f70f0a5491c9b2af98aa3f4797d9f0e5e15dc3562bbbb9fb008ffb3ffa84e,true,,true,true,true,false,false,true
r0006,89d63fe07966685e7d643ae4252d1fa539cbeae1d8ce8812833c3d9f89778b9e,fp32,1568,a05afa793b2c9bf6e04f29e312889853fcf403c565704f520d4fbcfae78fd470,true,true,true,true,true,true,true,true,false,0.0003249645233154297,2.277240651086624e-06,false,9.655952453613281e-05,1.444346798962215e-05,true,23711caef79f4407cea72f799400ffdb89fa2122e3ef6fb52e07dcef8f50cf71,23711caef79f4407cea72f799400ffdb89fa2122e3ef6fb52e07dcef8f50cf71,23711caef79f4407cea72f799400ffdb89fa2122e3ef6fb52e07dcef8f50cf71,23711caef79f4407cea72f799400ffdb89fa2122e3ef6fb52e07dcef8f50cf71,true,,true,true,true,false,false,true
r0007,020b5108d63b4bf8738c1e1750795e1a6292b0319836eaf95e8495c6c908fd88,fp32,1708,d236b7b49e339d0041a9fa24a16a513b5f6a38492e3d31b7e2d76c5f2cc3de9f,true,true,true,true,true,true,true,true,false,0.00035500526428222656,2.1222801497670454e-06,false,0.00011491775512695312,1.7299767932854593e-05,true,9a154046aa4042118767d21991e12e18ed802e67d361245942796b6d36668f7c,9a154046aa4042118767d21991e12e18ed802e67d361245942796b6d36668f7c,9a154046aa4042118767d21991e12e18ed802e67d361245942796b6d36668f7c,9a154046aa4042118767d21991e12e18ed802e67d361245942796b6d36668f7c,true,,true,true,true,false,false,true
r0008,de85469d9fd7ce923c28c1220d4871d1c5862f3af7240ce034bda15fd32b1fe4,fp32,2133,13199fcae93971bc33b725ff96930836329ed9d148a98ccba8712d507ede2158,true,true,true,true,true,true,true,true,false,0.0017522573471069336,2.758292561762706e-06,false,0.00010085105895996094,1.5477675333386287e-05,true,ae57942c2541057bbda56b64338d203e962198533c7a1e8bcf3a01d78131d00e,ae57942c2541057bbda56b64338d203e962198533c7a1e8bcf3a01d78131d00e,ae57942c2541057bbda56b64338d203e962198533c7a1e8bcf3a01d78131d00e,ae57942c2541057bbda56b64338d203e962198533c7a1e8bcf3a01d78131d00e,true,,true,true,true,false,false,true
r0009,acb181f00b448687f0c81043f1c725b40afc9e4fed4a5236803655382818ed99,fp32,2085,95df8974a7afb6ca05baa1233629b50ebde8f09a72b34e23162a2b44592acf68,true,true,true,true,true,true,true,true,false,0.00139617919921875,2.9607447742385773e-06,false,0.0001125335693359375,1.5272560631274246e-05,true,bdb4f0bab0c5af1bdab2d4f2e2cacf7e47a34304620fc3d9bf35f14ab52a0e1c,bdb4f0bab0c5af1bdab2d4f2e2cacf7e47a34304620fc3d9bf35f14ab52a0e1c,bdb4f0bab0c5af1bdab2d4f2e2cacf7e47a34304620fc3d9bf35f14ab52a0e1c,bdb4f0bab0c5af1bdab2d4f2e2cacf7e47a34304620fc3d9bf35f14ab52a0e1c,true,,true,true,true,true,true,true
r0010,8994327ed03e30ecc741bfe4333baf7bb69bb9d39cf687ecfcf75a39210f3c14,fp32,1672,4bcb4f55174e856ea236c7d44260af08c834ba6ab22fc299ad631cb376b8d828,true,true,true,true,true,true,true,true,false,0.0006289482116699219,2.194120674925415e-06,false,9.131431579589844e-05,1.4887670658936258e-05,true,b12a19a19529a9a8c44b8dd92ae1205402add1a8fc4646ea74709a4a51f59dfa,b12a19a19529a9a8c44b8dd92ae1205402add1a8fc4646ea74709a4a51f59dfa,b12a19a19529a9a8c44b8dd92ae1205402add1a8fc4646ea74709a4a51f59dfa,b12a19a19529a9a8c44b8dd92ae1205402add1a8fc4646ea74709a4a51f59dfa,true,,true,true,true,true,true,true
r0011,4f750e70be202789cc94b9784439c1657c2255d414a0d1e6396158511db44d5e,fp32,2423,0158374dee40959e5d8888dd6946bed3c2e6d15765707ebae5a1d4d8af330c92,true,true,true,true,true,true,true,true,false,0.012766122817993164,2.5332631252705795e-06,false,0.00010967254638671875,1.7289730749325827e-05,true,cfec9bf71a093f082639a52c98e64dcfe334effd2c7b654df23d9b45102dde7e,cfec9bf71a093f082639a52c98e64dcfe334effd2c7b654df23d9b45102dde7e,cfec9bf71a093f082639a52c98e64dcfe334effd2c7b654df23d9b45102dde7e,cfec9bf71a093f082639a52c98e64dcfe334effd2c7b654df23d9b45102dde7e,true,,true,true,true,true,true,true
r0012,ebcde6d9fdd15c084ffbc4bfbad11f826959f26ef5ce50b330b717abb06a9046,fp32,2485,b9181cd9c5713c503335d33bffbe2dec96077e46c937ca3389e3399999c3a1c9,true,true,true,true,true,true,true,true,false,0.018017292022705078,5.1642511147790655e-06,false,0.00016999244689941406,2.5158669814118184e-05,true,8c37a6c77f3de90a0787e7735c97c17202532d4db16b9af2041e008cdb834e64,8c37a6c77f3de90a0787e7735c97c17202532d4db16b9af2041e008cdb834e64,8c37a6c77f3de90a0787e7735c97c17202532d4db16b9af2041e008cdb834e64,8c37a6c77f3de90a0787e7735c97c17202532d4db16b9af2041e008cdb834e64,true,,true,true,true,false,false,true
r0013,340e5ec81f91c6e520a6fca5188adae2403bd3ffd99f8ca6a19719bc1827f732,fp32,2197,55ac5be61398a8f165153fb80d7c39377763e3ad8517de80a9aa0ac1450c1a47,true,true,true,true,true,true,true,true,false,0.003688335418701172,2.72844378779169e-06,false,0.0001544952392578125,2.523836155887693e-05,true,ca6bee08ba10949738bc3bee96166092474b6e8dbce2cd8c36afa4a3c05ed073,ca6bee08ba10949738bc3bee96166092474b6e8dbce2cd8c36afa4a3c05ed073,ca6bee08ba10949738bc3bee96166092474b6e8dbce2cd8c36afa4a3c05ed073,ca6bee08ba10949738bc3bee96166092474b6e8dbce2cd8c36afa4a3c05ed073,true,,true,true,true,false,false,true
r0014,e4d4bf856381624d1c4d6693bd1fa031a21d4fe3ecc79c3df341c41de4793bc6,fp32,2409,e33f92d50a13df7f00a5eb86ee68516ecdd59905c7ab652cb1a0ba8fcd5f7165,true,true,true,true,true,true,true,true,false,0.0010700225830078125,2.5625873100176833e-06,false,8.96453857421875e-05,1.5060500118124764e-05,true,bf7ececcbf3114c5a9a7e2b276d52a9397d652da200aabc330d917f05c3af9c6,bf7ececcbf3114c5a9a7e2b276d52a9397d652da200aabc330d917f05c3af9c6,bf7ececcbf3114c5a9a7e2b276d52a9397d652da200aabc330d917f05c3af9c6,bf7ececcbf3114c5a9a7e2b276d52a9397d652da200aabc330d917f05c3af9c6,true,,true,true,true,false,false,true
r0015,62d38979a3bf9370347624664948e3c901b1b68e98c128ceb26be6251de9f0af,fp32,2100,975b7e1dea070683d7cdb1c63341463d9061936fb1129461bdf6e4233db5c7af,true,true,true,true,true,true,true,true,false,0.002002716064453125,2.9340191033770204e-06,false,0.00012874603271484375,1.8627812096383423e-05,true,bfc208c38474ff9adc6f4328231a1257c418b3250b18d804738a1117a1c804db,bfc208c38474ff9adc6f4328231a1257c418b3250b18d804738a1117a1c804db,bfc208c38474ff9adc6f4328231a1257c418b3250b18d804738a1117a1c804db,bfc208c38474ff9adc6f4328231a1257c418b3250b18d804738a1117a1c804db,true,,true,true,true,true,true,true
r0016,f1e2d8c477671ad9e1ad17d103a317ba1a031ca7c9c34aed0a409364298bc5b8,fp32,2345,1a5ce6ad74bc154515e99ced1d02fc083f337bcc3e243650fb563de78c41dcb8,true,true,true,true,true,true,true,true,false,0.0035109519958496094,3.208254192976767e-06,false,0.00010573863983154297,1.529077962914016e-05,true,3ade1468785bdaa6a817952dce2160a59542248ef936ee51aad5ab78a0f7525d,3ade1468785bdaa6a817952dce2160a59542248ef936ee51aad5ab78a0f7525d,3ade1468785bdaa6a817952dce2160a59542248ef936ee51aad5ab78a0f7525d,3ade1468785bdaa6a817952dce2160a59542248ef936ee51aad5ab78a0f7525d,true,,true,true,true,true,true,true
r0017,f42fa88a6f2f04a16a218f4859b320a20f2b13e486cbcc3189be1fae79e3d341,fp32,2227,f29eab09a9f659291292e92ddc1ae0e77435cda6375e18d050ff7ad7baacda50,true,true,true,true,true,true,true,true,false,0.003512859344482422,3.127776083762986e-06,false,0.00012111663818359375,1.8060154616250657e-05,true,642a1c61b31a36cdb29f7deab7dd034ec819ff457523d58239bbe280a8a00fab,642a1c61b31a36cdb29f7deab7dd034ec819ff457523d58239bbe280a8a00fab,642a1c61b31a36cdb29f7deab7dd034ec819ff457523d58239bbe280a8a00fab,642a1c61b31a36cdb29f7deab7dd034ec819ff457523d58239bbe280a8a00fab,true,,true,true,true,false,false,true
r0018,9b5cd70fd30d4ab1614f4b2a8170d06d7737578839536241ad854d2c4ccd8af2,fp32,1643,55a3dfcd9db697df22f8377421e0ba01cfcc0fd548f7c87ac87892df2d72fd38,true,true,true,true,true,true,true,true,false,0.0006459951400756836,2.276046401498514e-06,false,0.00011515617370605469,1.6087138646980748e-05,true,df7bbba444ccfc647fba414040cdae478bfe648babf2702b0f32798f0d331606,df7bbba444ccfc647fba414040cdae478bfe648babf2702b0f32798f0d331606,df7bbba444ccfc647fba414040cdae478bfe648babf2702b0f32798f0d331606,df7bbba444ccfc647fba414040cdae478bfe648babf2702b0f32798f0d331606,true,,true,true,true,true,true,true
r0019,2bb7784ca19449047924890db055e4f21dc7f49760d0fb681b5bde09f52b1fb4,fp32,1633,69882f31597dbada22807cf4548d6ac152ab12ac29551abe37db7cf33ae0dba9,true,true,true,true,true,true,true,true,false,0.0010753870010375977,2.1992132297476985e-06,false,0.0001049041748046875,1.6334619431290776e-05,true,d2f3abc46851c55d4ba0ccf0215ee0f256047c904d28e3f319d13c7054024536,d2f3abc46851c55d4ba0ccf0215ee0f256047c904d28e3f319d13c7054024536,d2f3abc46851c55d4ba0ccf0215ee0f256047c904d28e3f319d13c7054024536,d2f3abc46851c55d4ba0ccf0215ee0f256047c904d28e3f319d13c7054024536,true,,true,true,true,true,true,true
r0020,a59ae3cb652815f607d075579e922a8652c3b7fa9d4ea0958ab058e7c26b637a,fp32,2334,613911e724697539ace6a650aeb8b776865500cfaa4869e731228b75e2ffdd6d,true,true,true,true,true,true,true,true,false,0.004165053367614746,2.9070294627805047e-06,false,0.00010573863983154297,1.3967463019071147e-05,true,bd4f8d52ac3a7740fad3c7f497ce517d641cf18322647743f3137a9af0f6088a,bd4f8d52ac3a7740fad3c7f497ce517d641cf18322647743f3137a9af0f6088a,bd4f8d52ac3a7740fad3c7f497ce517d641cf18322647743f3137a9af0f6088a,bd4f8d52ac3a7740fad3c7f497ce517d641cf18322647743f3137a9af0f6088a,true,,true,true,true,false,false,true
r0021,ebaecc1eb691d8c0221fc03a5ec536c09f3d5c58a25bb5dc67fe72fadc32780f,fp32,1913,3210165638b7eeef01b8032f24984d3dcdcb3bb19b31c0988867291441d6b384,true,true,true,true,true,true,true,true,false,0.0017357468605041504,2.4347414956012634e-06,false,0.00010538101196289062,1.5949844964779913e-05,true,c8a79e0cf290edb3521d0ca62a0076e67e0d3658903d0e8f3e8aefe2cc1c16a9,c8a79e0cf290edb3521d0ca62a0076e67e0d3658903d0e8f3e8aefe2cc1c16a9,c8a79e0cf290edb3521d0ca62a0076e67e0d3658903d0e8f3e8aefe2cc1c16a9,c8a79e0cf290edb3521d0ca62a0076e67e0d3658903d0e8f3e8aefe2cc1c16a9,true,,true,true,true,false,false,true
r0022,b5a0a5e89f1986a2d3eee1aaae57b065a34ab37f37e32f0c74be37a3379d8669,fp32,1905,6d06f6122ced0349694621cc9851a7239fdce00da473cce7ecc20cf4fd9a9400,true,true,true,true,true,true,true,true,false,0.0023293495178222656,2.549593111300652e-06,false,0.00010323524475097656,1.793353476386983e-05,true,112c1e85342f5ed7cb05c2cfcc57319c0a24d730106d1a694684b673413812c1,112c1e85342f5ed7cb05c2cfcc57319c0a24d730106d1a694684b673413812c1,112c1e85342f5ed7cb05c2cfcc57319c0a24d730106d1a694684b673413812c1,112c1e85342f5ed7cb05c2cfcc57319c0a24d730106d1a694684b673413812c1,true,,true,true,true,true,true,true
r0023,dde7503d3d2f94374dd87de88c2c66e91672a5ca9cf5c4f604319e5c81b03db1,fp32,1903,0ec037bcc39055fbab555e3e8b7da854f28af14d092372b0659a51b530726729,true,true,true,true,true,true,true,true,false,0.0008056163787841797,2.108247749858331e-06,false,0.00012540817260742188,1.7990480046137236e-05,true,a1408b8cb9910cd211a98ea10c9ed16c81fef5772dc8eb6f2373dfe5b379d3c0,a1408b8cb9910cd211a98ea10c9ed16c81fef5772dc8eb6f2373dfe5b379d3c0,a1408b8cb9910cd211a98ea10c9ed16c81fef5772dc8eb6f2373dfe5b379d3c0,a1408b8cb9910cd211a98ea10c9ed16c81fef5772dc8eb6f2373dfe5b379d3c0,true,,true,true,true,false,false,true
r0024,a83292fe1a500aeeb34f2daf542d51bc23f67ec8a3e97f4c3eb45739ad3a01bd,fp32,2375,e861457536e2c8b923b0ceda7c3b44ee936fb71bd9ae0250140acec9e44ad772,true,true,true,true,true,true,true,true,false,0.0067272186279296875,3.4112738559836466e-06,false,0.0001068115234375,1.5768704543006606e-05,true,1d3558beaf0094848fd42a7ed8322a044ddae8ef19c89e0589edb15c20e975c4,1d3558beaf0094848fd42a7ed8322a044ddae8ef19c89e0589edb15c20e975c4,1d3558beaf0094848fd42a7ed8322a044ddae8ef19c89e0589edb15c20e975c4,1d3558beaf0094848fd42a7ed8322a044ddae8ef19c89e0589edb15c20e975c4,true,,true,true,true,false,false,true
r0025,0283e4090fa550b1426654b3bad5736334218149cb83dea0de056af46e0c2731,fp32,2157,34cced303f41eaa3f836b1325584173a5adb2fb0b5f86d06e904e5539695a9bf,true,true,true,true,true,true,true,true,false,0.0026955604553222656,2.5518325506013184e-06,false,0.0001163482666015625,1.7522401321912184e-05,true,4b447b271cc56a633bea2fc10b01d7b29cab227a6e95f6d532656c5d455ec255,4b447b271cc56a633bea2fc10b01d7b29cab227a6e95f6d532656c5d455ec255,4b447b271cc56a633bea2fc10b01d7b29cab227a6e95f6d532656c5d455ec255,4b447b271cc56a633bea2fc10b01d7b29cab227a6e95f6d532656c5d455ec255,true,,true,true,true,false,false,true
r0026,f44f57e3398e85e79b321b355d5805a0a9c14d9fe12b5bb00f74b8d19ac77a2e,fp32,2002,57c340e7a807c006407154d31e905c20499bea77c26cd53b4ced76d0f70cde26,true,true,true,true,true,true,true,true,false,0.0020241737365722656,2.4300896292276755e-06,false,9.655952453613281e-05,1.5922983948257752e-05,true,0d3fdb64c148076129b84577b296310e2463dbb01fe2d92f60db300fb6592cd6,0d3fdb64c148076129b84577b296310e2463dbb01fe2d92f60db300fb6592cd6,0d3fdb64c148076129b84577b296310e2463dbb01fe2d92f60db300fb6592cd6,0d3fdb64c148076129b84577b296310e2463dbb01fe2d92f60db300fb6592cd6,true,,true,true,true,false,false,true
r0027,e69ea732a0c5a39aa045c02c3b4a2a1ffb4b2aafa824e009130e63c79f0636d2,fp32,2217,99614dd4c0b28ce52c49d1d57e49c56f0ef61af99bab282521f68cea2f3ca9b9,true,true,true,true,true,true,true,true,false,0.004864215850830078,3.1337610813716075e-06,false,0.00010335445404052734,1.6010790204745717e-05,true,87f3d17b5fe6523057a649ba13083151a0a5f92bc199f9a0d051ebcb0d9baf02,87f3d17b5fe6523057a649ba13083151a0a5f92bc199f9a0d051ebcb0d9baf02,87f3d17b5fe6523057a649ba13083151a0a5f92bc199f9a0d051ebcb0d9baf02,87f3d17b5fe6523057a649ba13083151a0a5f92bc199f9a0d051ebcb0d9baf02,true,,true,true,true,false,false,true
r0028,1fdc13a21001cfd08bf455367d117adf3ae58fbf21e21fdc9257e97514687e02,fp32,2007,ba0972f17064c4c3356ea3dd1d9abb5784f6378725a43cab9a1e088b79f44d42,true,true,true,true,true,true,true,true,false,0.002622365951538086,2.4791055439621346e-06,false,0.00010013580322265625,1.679588785918895e-05,true,62a3c427cbd5881f5dba29ac0f286901821e5cc0ac6b544df3afe0c7b80c64ba,62a3c427cbd5881f5dba29ac0f286901821e5cc0ac6b544df3afe0c7b80c64ba,62a3c427cbd5881f5dba29ac0f286901821e5cc0ac6b544df3afe0c7b80c64ba,62a3c427cbd5881f5dba29ac0f286901821e5cc0ac6b544df3afe0c7b80c64ba,true,,true,true,true,false,false,true
r0029,60f0171102ab67a9dbbbd32aee475e16e64b4480e19cb581be6f50b512364c2b,fp32,2462,2d9007e6499a50d78516b8ef59c7ac9a8700263ca5c11e3bccb41de6affe8d9d,true,true,true,true,true,true,true,true,false,0.005420684814453125,3.7541991332693905e-06,false,0.00011038780212402344,1.7258851585211232e-05,true,3e0310662440a531aeda8468b6764259b1922282fd5633d15dc20ff8abc77e6d,3e0310662440a531aeda8468b6764259b1922282fd5633d15dc20ff8abc77e6d,3e0310662440a531aeda8468b6764259b1922282fd5633d15dc20ff8abc77e6d,3e0310662440a531aeda8468b6764259b1922282fd5633d15dc20ff8abc77e6d,true,,true,true,true,true,true,true
r0030,70084711d119c070bf2d4bf1914e02dc0e705fb33b35af66f555fe6fbce66d45,fp32,2346,c86adad1bd12a805e275dcaa02bd0a81d130cad25fad3c9d9c40d42d07a0335c,true,true,true,true,true,true,true,true,false,0.0014777183532714844,3.1209354841947126e-06,false,0.00010538101196289062,1.5752795661683194e-05,true,671bd291bb2fb0e61b20f8907ff8469ba778560cdd05217a4784e99ced2338b2,671bd291bb2fb0e61b20f8907ff8469ba778560cdd05217a4784e99ced2338b2,671bd291bb2fb0e61b20f8907ff8469ba778560cdd05217a4784e99ced2338b2,671bd291bb2fb0e61b20f8907ff8469ba778560cdd05217a4784e99ced2338b2,true,,true,true,true,false,false,true
r0031,28d601f4260a17c3d446d7865ebf284f106ceefefc8a41da23142c1e8cec7841,fp32,2364,5709947a7462622c9182eab6ae75389baf11f6bafba3ff8f4021525493161afb,true,true,true,true,true,true,true,true,false,0.004857540130615234,2.5629681831655185e-06,false,0.00010573863983154297,1.6700956621207297e-05,true,f49a43fb5d3831adb130c54a69a1db93681b92998097a985c01b5b121d068897,f49a43fb5d3831adb130c54a69a1db93681b92998097a985c01b5b121d068897,f49a43fb5d3831adb130c54a69a1db93681b92998097a985c01b5b121d068897,f49a43fb5d3831adb130c54a69a1db93681b92998097a985c01b5b121d068897,true,,true,true,true,true,true,true
r0032,eb0392ca8d440b179e08e6fc1c2b1f4b7ab52bfa54c5cd2537ee55d1532e1a9c,fp32,2138,18340e92d2de0b23e291957c90cce241dda67eae0efbb94afd5625734f2ba3dc,true,true,true,true,true,true,true,true,false,0.0006273984909057617,2.0503144935920168e-06,false,0.00010776519775390625,1.671301833994221e-05,true,f3be6f8ebfdf15a869276c8891c9e1ad3665949ebddf51976a34ecef18d85c0d,f3be6f8ebfdf15a869276c8891c9e1ad3665949ebddf51976a34ecef18d85c0d,f3be6f8ebfdf15a869276c8891c9e1ad3665949ebddf51976a34ecef18d85c0d,f3be6f8ebfdf15a869276c8891c9e1ad3665949ebddf51976a34ecef18d85c0d,true,,true,true,true,true,true,true
r0033,0fc57aa68cd1cefa1455475adf715e6d3328c49444736de623029a38aae2868a,fp32,2167,a227bdbb590950465c5ccafdc9a803afeac6ea6beee9506885fea4c002458e54,true,true,true,true,true,true,true,true,false,0.0040912628173828125,2.594879500494862e-06,false,9.799003601074219e-05,1.542779318697285e-05,true,c6bdaa9529b0b2e3b37c2bc6e203a7a2b8b3942d217be6006852a209823f6c4c,c6bdaa9529b0b2e3b37c2bc6e203a7a2b8b3942d217be6006852a209823f6c4c,c6bdaa9529b0b2e3b37c2bc6e203a7a2b8b3942d217be6006852a209823f6c4c,c6bdaa9529b0b2e3b37c2bc6e203a7a2b8b3942d217be6006852a209823f6c4c,true,,true,true,true,false,false,true
r0034,7f0b232fa1c1ee942a2c737d5bf6e273ab633d8aea66e90d84c3bf63c61990f9,fp32,2423,58525be3b4907f08e13e426ef2b050415772c00587de719bf74c64b80c1e6b0d,true,true,true,true,true,true,true,true,false,0.0015171170234680176,2.604749050671984e-06,false,0.00011444091796875,1.8148661183658987e-05,true,044695977190e53c691a9ccb8a9c183eb3421a8624d67bad67a4e275212f2575,044695977190e53c691a9ccb8a9c183eb3421a8624d67bad67a4e275212f2575,044695977190e53c691a9ccb8a9c183eb3421a8624d67bad67a4e275212f2575,044695977190e53c691a9ccb8a9c183eb3421a8624d67bad67a4e275212f2575,true,,true,true,true,true,true,true
r0035,ea70ec40743ac39001326483c00e1acabe92c8f09754d7a449aaa25053e33c96,fp32,2378,9e55540a79cb74f0d176741207293b791682e40b4f857041d9a6de13419ba5ae,true,true,true,true,true,true,true,true,false,0.003198474645614624,2.705083544274345e-06,false,9.34600830078125e-05,1.4867768186377361e-05,true,f5e64a51313fd0450759a0c0d0ae8dfe8cde0b7ab0129bb8771f099e5d142461,f5e64a51313fd0450759a0c0d0ae8dfe8cde0b7ab0129bb8771f099e5d142461,f5e64a51313fd0450759a0c0d0ae8dfe8cde0b7ab0129bb8771f099e5d142461,f5e64a51313fd0450759a0c0d0ae8dfe8cde0b7ab0129bb8771f099e5d142461,true,,true,true,true,false,false,true
r0036,4243cb1b3fdf661e3c9b3206042c225fe7dcc2f20221590a5a39d32201a4b996,fp32,1759,f25c2adfc8f893a943bc13ec02b5809138adde8a5bbcdca81b777d5a200e4fd3,true,true,true,true,true,true,true,true,false,0.000584721565246582,2.205705853001542e-06,false,8.940696716308594e-05,1.5356881704065017e-05,true,0f2750bc7967e6cbd9a642f7380ba11effbda8f803b78e2a7680ce373d6d3775,0f2750bc7967e6cbd9a642f7380ba11effbda8f803b78e2a7680ce373d6d3775,0f2750bc7967e6cbd9a642f7380ba11effbda8f803b78e2a7680ce373d6d3775,0f2750bc7967e6cbd9a642f7380ba11effbda8f803b78e2a7680ce373d6d3775,true,,true,true,true,true,true,true
r0037,dbe4bbd116119dcac4b776fdf72c0c6f30be1ba35d39a97a65ad1938a11b8359,fp32,1705,9616294bcb3bf81750a631fa8033f05e08c0ea30de32ff7563fc80981a96846a,true,true,true,true,true,true,true,true,false,0.0011202096939086914,2.2239467295885143e-06,false,0.00011157989501953125,1.795630123524461e-05,true,89f4c7985d866fc9a272b5dd2ff06f3505f5eb4d6d1c1c0962219c575b591c66,89f4c7985d866fc9a272b5dd2ff06f3505f5eb4d6d1c1c0962219c575b591c66,89f4c7985d866fc9a272b5dd2ff06f3505f5eb4d6d1c1c0962219c575b591c66,89f4c7985d866fc9a272b5dd2ff06f3505f5eb4d6d1c1c0962219c575b591c66,true,,true,true,true,true,true,true
r0038,3dcc9f532d942ac132545f5521ee7c5a17b5b608738296596af075fe4b65c878,fp32,2577,1b47b24e35d63dd38b0933c1b73a74e885129a23ec4b737c650c087ad5068b7e,true,true,true,true,true,true,true,true,false,0.0036308765411376953,2.0788960454580043e-06,false,0.00011682510375976562,1.4255158930609468e-05,true,5c04fdf0d45989395eda4fbfb4e0329f5093d8e777306e4f9b5e413a29b6b0ea,5c04fdf0d45989395eda4fbfb4e0329f5093d8e777306e4f9b5e413a29b6b0ea,5c04fdf0d45989395eda4fbfb4e0329f5093d8e777306e4f9b5e413a29b6b0ea,5c04fdf0d45989395eda4fbfb4e0329f5093d8e777306e4f9b5e413a29b6b0ea,true,,true,true,true,false,false,true
r0039,2bfd11fec3e16f61b3eebf193f758d2b2612013ffd2a84bb10da5322f1fc61c7,fp32,2438,f6088aafdff7f5fcdfa4357fa6a5501a2990db62469af9c7656df7de6f3aeffe,true,true,true,true,true,true,true,true,false,0.002300262451171875,3.367456822500614e-06,false,0.00011324882507324219,1.6926775060710497e-05,true,85e3e8110942beb956f261c94749b3e528aafd7c3cde3d8e1911a1ca03d144f8,85e3e8110942beb956f261c94749b3e528aafd7c3cde3d8e1911a1ca03d144f8,85e3e8110942beb956f261c94749b3e528aafd7c3cde3d8e1911a1ca03d144f8,85e3e8110942beb956f261c94749b3e528aafd7c3cde3d8e1911a1ca03d144f8,true,,true,true,true,false,false,true
r0040,0df4e1c5b177c5446f9dd76da6354cda8fc239babb2dda41382f4421c8b1cbf8,fp32,2243,5c7c76c57357031df057aff592068f679b01f45dc40ed4c8e95707122ddf695a,true,true,true,true,true,true,true,true,false,0.0034110546112060547,2.8717446927117862e-06,false,9.441375732421875e-05,1.5519144653808326e-05,true,101f2c1a1c05cde10ca8b1930029d5587bd0dab598fca0e3330036b296be6abf,101f2c1a1c05cde10ca8b1930029d5587bd0dab598fca0e3330036b296be6abf,101f2c1a1c05cde10ca8b1930029d5587bd0dab598fca0e3330036b296be6abf,101f2c1a1c05cde10ca8b1930029d5587bd0dab598fca0e3330036b296be6abf,true,,true,true,true,false,false,true
r0041,0957294efbb2723f4c2c75abab86cd5753f0e263531a3e00cb6829cee8c8def7,fp32,2195,ce986c55e07e671f25472e290f6992d39663eefaf5875340485ce39e70befa7e,true,true,true,true,true,true,true,true,false,0.004519518464803696,3.0334580107075717e-06,false,0.00010442733764648438,1.621856790734455e-05,true,a4a4d3820bcb6a84a7a53b4d423a1f382f0473143c4980413ae5c8e0e162a8b4,a4a4d3820bcb6a84a7a53b4d423a1f382f0473143c4980413ae5c8e0e162a8b4,a4a4d3820bcb6a84a7a53b4d423a1f382f0473143c4980413ae5c8e0e162a8b4,a4a4d3820bcb6a84a7a53b4d423a1f382f0473143c4980413ae5c8e0e162a8b4,true,,true,true,true,true,true,true
r0042,4cbbeb47dbc5362a55612b09ae6d17210c5d06355a4e82fa8d24f8b064e8f2f7,fp32,2386,7e7f2b27f51cc970799f9f8b2c18dca2f024be54be9b791b29d85c7996e167db,true,true,true,true,true,true,true,true,false,0.0023097991943359375,2.367022291468087e-06,false,0.00010347366333007812,1.709686330286786e-05,true,3011ad9a79fa7e32c6d7dc362d1e6175b5ff83d37750e2a945a354f5ca74fd4c,3011ad9a79fa7e32c6d7dc362d1e6175b5ff83d37750e2a945a354f5ca74fd4c,3011ad9a79fa7e32c6d7dc362d1e6175b5ff83d37750e2a945a354f5ca74fd4c,3011ad9a79fa7e32c6d7dc362d1e6175b5ff83d37750e2a945a354f5ca74fd4c,true,,true,true,true,true,true,true
r0043,2a7f2781237df38cadb0bd729b811d3fd656a9e1a78d7e10a396c5629da072ce,fp32,2565,1d5dc3ff99d2a9c6a5f4a4021edd1c0e6f3b1d1e5f5ab2bfae15ff64563ba6e9,true,true,true,true,true,true,true,true,false,0.0019010305404663086,2.8314641805267846e-06,false,9.202957153320312e-05,1.4837381058896426e-05,true,94a84a54649785af78388ca5d47d97f0de1abc299ef41cf5803fb5ac0e98bf14,94a84a54649785af78388ca5d47d97f0de1abc299ef41cf5803fb5ac0e98bf14,94a84a54649785af78388ca5d47d97f0de1abc299ef41cf5803fb5ac0e98bf14,94a84a54649785af78388ca5d47d97f0de1abc299ef41cf5803fb5ac0e98bf14,true,,true,true,true,false,false,true
r0044,8b50204135aeebff6c1b014fa18fd7d55c2773f7f2cb9a35c2fe4895af1f48dd,fp32,2014,3f079fd42381efa68c3ff8d17238ded7f94c2a229173df39b17eebc4e873625d,true,true,true,true,true,true,true,true,false,0.0016515254974365234,2.639185808487691e-06,false,9.775161743164062e-05,1.5533179976046085e-05,true,f2e16b72b464e98608168fab443bcae659860ffb274bcda1469d3bf16d8660a3,f2e16b72b464e98608168fab443bcae659860ffb274bcda1469d3bf16d8660a3,f2e16b72b464e98608168fab443bcae659860ffb274bcda1469d3bf16d8660a3,f2e16b72b464e98608168fab443bcae659860ffb274bcda1469d3bf16d8660a3,true,,true,true,true,false,false,true
r0045,124b4baadf7b7056be7d43eedb9de5629218d7615a75a35529dcbaf81c7e8f72,fp32,2047,3481507129c60e0df919cec46cd9f37666abbcc0746a8680a53a06c078b90d5a,true,true,true,true,true,true,true,true,false,0.0010231733322143555,4.535617537696861e-06,false,0.0002111196517944336,3.2767740776762366e-05,true,6d08f9d8766b0fbe55a1738e0de67779e4a06613328f48a85a5a95518a7810bf,6d08f9d8766b0fbe55a1738e0de67779e4a06613328f48a85a5a95518a7810bf,6d08f9d8766b0fbe55a1738e0de67779e4a06613328f48a85a5a95518a7810bf,6d08f9d8766b0fbe55a1738e0de67779e4a06613328f48a85a5a95518a7810bf,true,,true,true,true,false,false,true
r0046,884679b223c592391a1a23b93bde001b77f19c60d6bcc44a4696c46d493e9c97,fp32,2390,36e8d2e4fe7c590dc29330db089a98fab373ee780a09d589b25fd194573dc245,true,true,true,true,true,true,true,true,false,0.0017540454864501953,2.9346915857061027e-06,false,0.00010335445404052734,1.529487235529814e-05,true,2ceda1dfa7b263fa4d321f0b08f9bd91c75c6694cfcf3998f5fbbc97820aa771,2ceda1dfa7b263fa4d321f0b08f9bd91c75c6694cfcf3998f5fbbc97820aa771,2ceda1dfa7b263fa4d321f0b08f9bd91c75c6694cfcf3998f5fbbc97820aa771,2ceda1dfa7b263fa4d321f0b08f9bd91c75c6694cfcf3998f5fbbc97820aa771,true,,true,true,true,false,false,true
r0047,dc7dc53bf0bf7dda72252eaddb70d2cd3430434835d868377673cadf6ce9fc51,fp32,1909,3b85fb0c4976f0395cf5bbf18141729201de5721d0784407dda0ba8903ef8819,true,true,true,true,true,true,true,true,false,0.0008635520935058594,2.4152408063896993e-06,false,9.822845458984375e-05,1.5993608030839823e-05,true,d4089fd47a71131699b01c396d7b1fa88f47c0471f34cc666be644df748ffbb5,d4089fd47a71131699b01c396d7b1fa88f47c0471f34cc666be644df748ffbb5,d4089fd47a71131699b01c396d7b1fa88f47c0471f34cc666be644df748ffbb5,d4089fd47a71131699b01c396d7b1fa88f47c0471f34cc666be644df748ffbb5,true,,true,true,true,true,true,true
r0048,4d3f6ea10a51ecd1ae330af07063276716257284959f0fef136f5d613e91f8b3,fp32,2195,cbba67e2fd3cd6cdffef06a97a4fe5790bf0754858ba1c90f30bf5aeb4e7f455,true,true,true,true,true,true,true,true,false,0.0056722164154052734,4.059041363764966e-06,false,9.775161743164062e-05,1.5580286344629712e-05,true,79321d2ceb1dd886a4e780d35c25c35fab653dbe0dd57a8a0cf3e49132958245,79321d2ceb1dd886a4e780d35c25c35fab653dbe0dd57a8a0cf3e49132958245,79321d2ceb1dd886a4e780d35c25c35fab653dbe0dd57a8a0cf3e49132958245,79321d2ceb1dd886a4e780d35c25c35fab653dbe0dd57a8a0cf3e49132958245,true,,true,true,true,true,true,true
r0049,3f95afc4babfd1488c274ab9b41725ed4ac4ca55f6a3a251ecfe8994e6f272b3,fp32,2375,494d71883fad306ef4e66d3fe22d7f2f15726b30b6ee159185275702d19a8e4e,true,true,true,true,true,true,true,true,false,0.000858306884765625,2.719971532153901e-06,false,0.000102996826171875,1.7435886547900736e-05,true,e4efbdddb4ff3aaa42c0392855ff171ab5ff43dd11f8f0af2d1f397d89b8ba95,e4efbdddb4ff3aaa42c0392855ff171ab5ff43dd11f8f0af2d1f397d89b8ba95,e4efbdddb4ff3aaa42c0392855ff171ab5ff43dd11f8f0af2d1f397d89b8ba95,e4efbdddb4ff3aaa42c0392855ff171ab5ff43dd11f8f0af2d1f397d89b8ba95,true,,true,true,true,false,false,true
r0050,af18fed532a57318f382d9bc887ce12cdae0c9f4730b82f92f9b2bcd4f3796d7,fp32,1973,6dd1d4de4405030a0a5341adda2c0328261cb1e6934940710bc383e4848e8c6e,true,true,true,true,true,true,true,true,false,0.00036138296127319336,2.2903183582260547e-06,false,0.00013256072998046875,1.5641471691196784e-05,true,b519f3757f4b4c89f7a3dbf3db4b5f5a29e2a5d742728c5a8baa427d2cdf435f,b519f3757f4b4c89f7a3dbf3db4b5f5a29e2a5d742728c5a8baa427d2cdf435f,b519f3757f4b4c89f7a3dbf3db4b5f5a29e2a5d742728c5a8baa427d2cdf435f,b519f3757f4b4c89f7a3dbf3db4b5f5a29e2a5d742728c5a8baa427d2cdf435f,true,,true,true,true,false,false,true
r0051,4ed00e0715ebf33d79b89366beddb13bd0d59cd929b63c1544438969ed5b9003,fp32,1877,4676ea16fd4440712f2b0e8bd714aedd89bc8fbdc064778d51249e3caba0162c,true,true,true,true,true,true,true,true,false,0.0019152164459228516,2.7525341699992842e-06,false,0.00010275840759277344,1.5498399079660885e-05,true,951a3f98d9ee57259d6b499ee600232be4bcc8ead5863227a612b8c32f2efe4c,951a3f98d9ee57259d6b499ee600232be4bcc8ead5863227a612b8c32f2efe4c,951a3f98d9ee57259d6b499ee600232be4bcc8ead5863227a612b8c32f2efe4c,951a3f98d9ee57259d6b499ee600232be4bcc8ead5863227a612b8c32f2efe4c,true,,true,true,true,false,false,true
r0052,79b8b398579f5b8ab660ed5396ddec50ecbfb57c05a6f9256d890a6d98cec7bd,fp32,1093,4b0c4de772cc04c78d2317a12d98fa77d88cab57d62249b5cc6a4b46ecff078a,true,true,true,true,true,true,true,true,false,0.00043904781341552734,2.0499543284350588e-06,false,9.584426879882812e-05,1.483799860579893e-05,true,ba1f40b5aad7af47a5552b4f537942ea2a1f596fe452cc59dd463b821e18002d,ba1f40b5aad7af47a5552b4f537942ea2a1f596fe452cc59dd463b821e18002d,ba1f40b5aad7af47a5552b4f537942ea2a1f596fe452cc59dd463b821e18002d,ba1f40b5aad7af47a5552b4f537942ea2a1f596fe452cc59dd463b821e18002d,true,,true,true,true,true,true,true
r0053,17d010610a631f1c6ea0e5f1100f54f77aaa06d9004cd428e8e914d07e5eced4,fp32,2391,895fbd808b969224f2f842ce6a05716286fcb0f67dc879ea72c48eb06731e5eb,true,true,true,true,true,true,true,true,false,0.0042822957038879395,2.291603418173397e-06,false,0.000102996826171875,1.632291605346836e-05,true,df631ada37d5635627d8c1cfd9960e57e73311565bfd407927a9f5a14dbb4a71,df631ada37d5635627d8c1cfd9960e57e73311565bfd407927a9f5a14dbb4a71,df631ada37d5635627d8c1cfd9960e57e73311565bfd407927a9f5a14dbb4a71,df631ada37d5635627d8c1cfd9960e57e73311565bfd407927a9f5a14dbb4a71,true,,true,true,true,false,false,true
r0054,afe639061159f898b3f69b3217f4f10938385d9fd49c97da81621c3d04a1e901,fp32,2078,527a473bee6bf9204dd03d9fefb972ee571ea347f54d32a8fa7cb36fe17d02a5,true,true,true,true,true,true,true,true,false,0.0010401010513305664,2.333986289645059e-06,false,0.00010025501251220703,1.7386921172146685e-05,true,f279e19847438a4d0ab6f9799221785765d63f11f79e56690636e463585b0084,f279e19847438a4d0ab6f9799221785765d63f11f79e56690636e463585b0084,f279e19847438a4d0ab6f9799221785765d63f11f79e56690636e463585b0084,f279e19847438a4d0ab6f9799221785765d63f11f79e56690636e463585b0084,true,,true,true,true,false,false,true
r0055,87966d7e2f2e0fd2f6664334e5a5f1cffe69d08801813c24620cf795c2e82317,fp32,2269,fadb72b39346e3706af62728290623f53098455aa290ab425791c260dc93cdc4,true,true,true,true,true,true,true,true,false,0.001539468765258789,2.6349611721432353e-06,false,0.00010013580322265625,1.5934219845803455e-05,true,6f764472c90da317e500d7f71c28596b48c3e5fa08b2f2d9d3ab681ab941ada6,6f764472c90da317e500d7f71c28596b48c3e5fa08b2f2d9d3ab681ab941ada6,6f764472c90da317e500d7f71c28596b48c3e5fa08b2f2d9d3ab681ab941ada6,6f764472c90da317e500d7f71c28596b48c3e5fa08b2f2d9d3ab681ab941ada6,true,,true,true,true,true,true,true
r0056,16b1e3f23522ab7144f9fbac65bd5913753acf1f481d1edea83a0cc44746f925,fp32,1062,f7afe1d5abcbcfcaa2277d7efad86c53e43a95cbfcfe273d64634c8f147df5d3,true,true,true,true,true,true,true,true,false,0.0003914833068847656,1.904568285600779e-06,false,9.441375732421875e-05,1.4786050087423064e-05,true,fa87643048bef309712203a40a2c14ee859ed55517b19d268c1505e654dd710f,fa87643048bef309712203a40a2c14ee859ed55517b19d268c1505e654dd710f,fa87643048bef309712203a40a2c14ee859ed55517b19d268c1505e654dd710f,fa87643048bef309712203a40a2c14ee859ed55517b19d268c1505e654dd710f,true,,true,true,true,true,true,true
r0057,7a2fe5b0258adf0ccc21d1ec98dbb88ff452c43fbb900de7f23833aa66395058,fp32,2231,1449f11eab3c73a35b2d98bc4278ddc0a704ce258df362ce61dfe8c7c47cce7c,true,true,true,true,true,true,true,true,false,0.0011746883392333984,2.2315383652789698e-06,false,0.0001119375228881836,1.5708426872151904e-05,true,c9b296adf0abe7715b98d6386af40f271cf4eb721f1008dc263b13ab6b658bd5,c9b296adf0abe7715b98d6386af40f271cf4eb721f1008dc263b13ab6b658bd5,c9b296adf0abe7715b98d6386af40f271cf4eb721f1008dc263b13ab6b658bd5,c9b296adf0abe7715b98d6386af40f271cf4eb721f1008dc263b13ab6b658bd5,true,,true,true,true,false,false,true
r0058,141894122cd5bae0bf16c42dc54977eee2bb5b180e90953de94e9049bd984965,fp32,2577,484aad98c38181053198f5a6badcac77270f96a46dce00e875344183ec6baaa3,true,true,true,true,true,true,true,true,false,0.0012453794479370117,2.351639130500812e-06,false,0.00010818243026733398,1.7320702681900002e-05,true,9a2b5cd3571855b11de5379c015bb7cc3acc35e96877805734e20295431854a6,9a2b5cd3571855b11de5379c015bb7cc3acc35e96877805734e20295431854a6,9a2b5cd3571855b11de5379c015bb7cc3acc35e96877805734e20295431854a6,9a2b5cd3571855b11de5379c015bb7cc3acc35e96877805734e20295431854a6,true,,true,true,true,false,false,true
r0059,0f2018979b7601059c1be2e9c9133a5cdfa61c3c0dc830000024d278025f8d10,fp32,2084,4723aabad1280b90e9c722c9eb4aaee9a29f8b1f049741d880518369e4757f08,true,true,true,true,true,true,true,true,false,0.0022023916244506836,2.3237804199401544e-06,false,0.00010919570922851562,1.819172757677734e-05,true,d6c75bbd3c6c191eb5725bd097d52e2474f30ee92604cb0d34653806cbb86ab2,d6c75bbd3c6c191eb5725bd097d52e2474f30ee92604cb0d34653806cbb86ab2,d6c75bbd3c6c191eb5725bd097d52e2474f30ee92604cb0d34653806cbb86ab2,d6c75bbd3c6c191eb5725bd097d52e2474f30ee92604cb0d34653806cbb86ab2,true,,true,true,true,false,false,true
r0060,0137b5bb469453a8d6035814ed8e4c82681c647142105e24e9d9391c6074ae6c,fp32,1620,fd07ec5dec20a5567412d72728131cae02ac1ea598f66f4beddb5ea5a9a03be9,true,true,true,true,true,true,true,true,false,0.00018024444580078125,2.1826666421661165e-06,false,0.0001201629638671875,1.7377516996930353e-05,true,4c5309426b577e085e6637d279f6572b2728aacedc17f750d12bb0bf75957e87,4c5309426b577e085e6637d279f6572b2728aacedc17f750d12bb0bf75957e87,4c5309426b577e085e6637d279f6572b2728aacedc17f750d12bb0bf75957e87,4c5309426b577e085e6637d279f6572b2728aacedc17f750d12bb0bf75957e87,true,,true,true,true,true,true,true
r0061,8e0ee693beaeb778f85ab1c3c9d6f805539b17a2d5d29104bfee758e110a2a5a,fp32,2299,3636e3f1ea37c5dc3ddd7e2e760dea824622c20a0ebacd1bb738c581c9b79195,true,true,true,true,true,true,true,true,false,0.0015417039394378662,2.8898881957821012e-06,false,0.00011420249938964844,1.6689746189513244e-05,true,77d4f1a34c9c0b2958a002a7af61588a1bb51171300f7470cf86e6a643bfdf4e,77d4f1a34c9c0b2958a002a7af61588a1bb51171300f7470cf86e6a643bfdf4e,77d4f1a34c9c0b2958a002a7af61588a1bb51171300f7470cf86e6a643bfdf4e,77d4f1a34c9c0b2958a002a7af61588a1bb51171300f7470cf86e6a643bfdf4e,true,,true,true,true,true,true,true
r0062,c20fd754108f7870f67be57d117c7ecc3282ee446596e18d80768da1cf063528,fp32,1900,212eb3ddc0d10216c1125487c6694ecc07dd223a96f8dee7406c30da86e6fb6c,true,true,true,true,true,true,true,true,false,0.0012532621622085571,4.079766507144218e-06,false,0.00020599365234375,3.220122744096443e-05,true,abef1a8b3936e9cf3fe4dd5d32b052379a7baccb40d1d68121017d674716a187,abef1a8b3936e9cf3fe4dd5d32b052379a7baccb40d1d68121017d674716a187,abef1a8b3936e9cf3fe4dd5d32b052379a7baccb40d1d68121017d674716a187,abef1a8b3936e9cf3fe4dd5d32b052379a7baccb40d1d68121017d674716a187,true,,true,true,true,false,false,true
r0063,d116882901d60a23c409afeee5a56d180d4c4d6ac5ecd756975793d5ccffa2b9,fp32,2041,c853415c069b787de7cb656341a41d46bdfdd4a46ee32c8ed5c67912f2d4b6dc,true,true,true,true,true,true,true,true,false,0.0009951591491699219,2.528292784242936e-06,false,9.5367431640625e-05,1.5228028132696636e-05,true,5e7003e728dfd29782c8583c4b7447edd436fd8c0b9ce72ce166c47829e27bb1,5e7003e728dfd29782c8583c4b7447edd436fd8c0b9ce72ce166c47829e27bb1,5e7003e728dfd29782c8583c4b7447edd436fd8c0b9ce72ce166c47829e27bb1,5e7003e728dfd29782c8583c4b7447edd436fd8c0b9ce72ce166c47829e27bb1,true,,true,true,true,false,false,true
r0064,9d518105e43b6977386cc19a9c0c4ff644d4457184472a3da9c6aefd9b363124,fp32,2008,c86e9978a28db7751bef18217927b14e13a0e51e03c54ce422c75c2846db084e,true,true,true,true,true,true,true,true,false,0.0021584033966064453,2.7230377901421576e-06,false,0.00011348724365234375,1.8287992133991793e-05,true,f89a6f4a7d984bd42d355088d18a69052e9b8732e9ee6fa39dfbe530ec3207fe,f89a6f4a7d984bd42d355088d18a69052e9b8732e9ee6fa39dfbe530ec3207fe,f89a6f4a7d984bd42d355088d18a69052e9b8732e9ee6fa39dfbe530ec3207fe,f89a6f4a7d984bd42d355088d18a69052e9b8732e9ee6fa39dfbe530ec3207fe,true,,true,true,true,false,false,true
r0065,910d6825bcf0073c134aacb3e731f604462f182567d2fe10f64edc9993c82609,fp32,2110,22185c22c3ad3ea6add4cdf2a50db1cf8c2b3f0532541a0b726ab035ee2daab8,true,true,true,true,true,true,true,true,false,0.0005435943603515625,2.1122635684249027e-06,false,9.673833847045898e-05,1.5603578503942117e-05,true,457df50fdbf5f712eade4fa37735189b53902a7ec0bdd9c7790f2171c666d344,457df50fdbf5f712eade4fa37735189b53902a7ec0bdd9c7790f2171c666d344,457df50fdbf5f712eade4fa37735189b53902a7ec0bdd9c7790f2171c666d344,457df50fdbf5f712eade4fa37735189b53902a7ec0bdd9c7790f2171c666d344,true,,true,true,true,true,true,true
r0066,9fbde5f3ab1087fd69e09e06f9b3dc46381d65c5b44e89b022060baeabd6ca5a,fp32,2405,4449d9e0f46250030e2e273268356d9103901a1b3b7bbe5a33dd97a272ee63e7,true,true,true,true,true,true,true,true,false,0.035973310470581055,7.329659311790711e-06,false,0.00022912025451660156,2.499741458450444e-05,true,166601b5b5700c50f2415640fd23e0097103bc48fc1f6049eaef81fc19129722,166601b5b5700c50f2415640fd23e0097103bc48fc1f6049eaef81fc19129722,166601b5b5700c50f2415640fd23e0097103bc48fc1f6049eaef81fc19129722,166601b5b5700c50f2415640fd23e0097103bc48fc1f6049eaef81fc19129722,true,,true,true,true,true,true,true
r0067,17b9ba86450aeffc424130c639a3e03626b049906f800e90022580e2dee11b69,fp32,2102,69fa6e9198ae9ffc639b178a71d6bc76f206ea21de1612b6a5a606115201f4a1,true,true,true,true,true,true,true,true,false,0.000720292329788208,2.4558178714310466e-06,false,0.00011014938354492188,1.580217940500006e-05,true,2b30c7a1b0146725bf26b9498ef4a10d3922cd243d0d2764791828ece2382100,2b30c7a1b0146725bf26b9498ef4a10d3922cd243d0d2764791828ece2382100,2b30c7a1b0146725bf26b9498ef4a10d3922cd243d0d2764791828ece2382100,2b30c7a1b0146725bf26b9498ef4a10d3922cd243d0d2764791828ece2382100,true,,true,true,true,true,true,true
r0068,0e5672461394f038e8e45561aafdb50d498e56210a870535a127aeb1dbaba2ef,fp32,1394,2f02b5d7a6e724d1908a84e9d92d43ab3f4c0cfeaa70c7da3ccccd0247e11562,true,true,true,true,true,true,true,true,false,0.0006382465362548828,2.078892677929526e-06,false,0.00010919570922851562,1.8586486476124264e-05,true,ec6037c711ebbe743d4399db219f7b63d478d081384e84b7f32aaa75f5138ef8,ec6037c711ebbe743d4399db219f7b63d478d081384e84b7f32aaa75f5138ef8,ec6037c711ebbe743d4399db219f7b63d478d081384e84b7f32aaa75f5138ef8,ec6037c711ebbe743d4399db219f7b63d478d081384e84b7f32aaa75f5138ef8,true,,true,true,true,true,true,true
r0069,91fee982bf3f12d0c6681a95ae67d536f56eae14d2901374678fef661a9cda5c,fp32,2210,45ae8e0cefe7e1dac7de846e0a0da6b111785e737c9c531efcd332d4b308080b,true,true,true,true,true,true,true,true,false,0.0015268325805664062,2.6528714089183816e-06,false,0.00010064244270324707,1.722293018247001e-05,true,7787c55d5373dec110b77889fc7ff6877659c3f1de770f6235dd28fbfd0af15e,7787c55d5373dec110b77889fc7ff6877659c3f1de770f6235dd28fbfd0af15e,7787c55d5373dec110b77889fc7ff6877659c3f1de770f6235dd28fbfd0af15e,7787c55d5373dec110b77889fc7ff6877659c3f1de770f6235dd28fbfd0af15e,true,,true,true,true,false,false,true
r0070,d9c3d87b5f769499bd7f0879f5380e717177084fccbdafb25ca0e7795f1f5680,fp32,1155,6edfe7fca87a40a4998726491ae32bcc7dcc8001e825b5aba241793b88ce6113,true,true,true,true,true,true,true,true,false,0.0017409324645996094,2.3974949877233107e-06,false,0.00010406970977783203,1.7523982023703866e-05,true,c2305eb23c81455b474e0309ee8c5a317ef7f5f1bc3b26a9f678bd37fa2ebbc4,c2305eb23c81455b474e0309ee8c5a317ef7f5f1bc3b26a9f678bd37fa2ebbc4,c2305eb23c81455b474e0309ee8c5a317ef7f5f1bc3b26a9f678bd37fa2ebbc4,c2305eb23c81455b474e0309ee8c5a317ef7f5f1bc3b26a9f678bd37fa2ebbc4,true,,true,true,true,true,true,true
r0071,b4d7a3fbe57dcf9a6f9bebfc270d53e3687d3e267486fdc58d718f56dc39b284,fp32,2238,8e5c87c18fa6d0846a3d20203a81d3e07579a77f819a3b0c97c7db6ba8e45b96,true,true,true,true,true,true,true,true,false,0.001993894577026367,2.634269245701167e-06,false,0.00012055039405822754,1.8409842596156523e-05,true,463b6bd563c5f19d74cd11b6db1c1b87a8b52f66170e506ac01ed32dfeb279a1,463b6bd563c5f19d74cd11b6db1c1b87a8b52f66170e506ac01ed32dfeb279a1,463b6bd563c5f19d74cd11b6db1c1b87a8b52f66170e506ac01ed32dfeb279a1,463b6bd563c5f19d74cd11b6db1c1b87a8b52f66170e506ac01ed32dfeb279a1,true,,true,true,true,false,false,true
r0072,2e76f79da3390c26c4e148dab9c338ee6bac97deb61910d346866bac4174618d,fp32,2128,f26db22bebd227e521e0595565c212570b83bf4dc68eda19b952c348b09566af,true,true,true,true,true,true,true,true,false,0.002753615379333496,2.5018181868396994e-06,false,0.00011044740676879883,1.8987959265359677e-05,true,f931d608529bc7e86e55b09d3141082168c978cfb86c2a8f8f21a0dd2e8f6e7f,f931d608529bc7e86e55b09d3141082168c978cfb86c2a8f8f21a0dd2e8f6e7f,f931d608529bc7e86e55b09d3141082168c978cfb86c2a8f8f21a0dd2e8f6e7f,f931d608529bc7e86e55b09d3141082168c978cfb86c2a8f8f21a0dd2e8f6e7f,true,,true,true,true,false,false,true
r0073,f70157c17cd515c35496130470e435b9df9bfef4e60a881359f0aea0c6b4c322,fp32,2221,0b6f906c819ba2fc01c44eec6ec0f4535fd42803e963c0214caa718307ce2bad,true,true,true,true,true,true,true,true,false,0.0017850399017333984,3.109331726240209e-06,false,0.00010395050048828125,1.6416450307588093e-05,true,87c5d16ce91b67ab2efbb2c10c01ef749c94ca92d98f3078d8c35773312352cc,87c5d16ce91b67ab2efbb2c10c01ef749c94ca92d98f3078d8c35773312352cc,87c5d16ce91b67ab2efbb2c10c01ef749c94ca92d98f3078d8c35773312352cc,87c5d16ce91b67ab2efbb2c10c01ef749c94ca92d98f3078d8c35773312352cc,true,,true,true,true,true,true,true
r0074,1598597bec3f938c6bca2b80550ce035965cf0efb4ba594072c843a64a25777a,fp32,2182,28f16b4702d7ba8a93f968c6dcd89ec4be3a26dabbc891d12e5653958ff9731c,true,true,true,true,true,true,true,true,false,0.025211811065673828,7.431504786066985e-06,false,0.00048613548278808594,2.9274297048687004e-05,true,6cdc295f7e8dd6949ba4cec68fa908889492b7abb0044f5c1a6f9f2a776617db,6cdc295f7e8dd6949ba4cec68fa908889492b7abb0044f5c1a6f9f2a776617db,6cdc295f7e8dd6949ba4cec68fa908889492b7abb0044f5c1a6f9f2a776617db,6cdc295f7e8dd6949ba4cec68fa908889492b7abb0044f5c1a6f9f2a776617db,true,,true,true,true,false,false,true
r0075,9a5fea50c5d8070b1d4a21369f0bf0bc86b2020179ac37645405153a7f94d82a,fp32,2287,57c865763d4567964321433fab0181797f4c97a4a63f5a577f7c958dfde2d37a,true,true,true,true,true,true,true,true,false,0.0008551478385925293,2.2018622309512756e-06,false,0.0001010894775390625,1.5948020518408157e-05,true,17d2075865b5a33408275e9d122966f33e9b210f41ae2f0d72093c02bd48d9cd,17d2075865b5a33408275e9d122966f33e9b210f41ae2f0d72093c02bd48d9cd,17d2075865b5a33408275e9d122966f33e9b210f41ae2f0d72093c02bd48d9cd,17d2075865b5a33408275e9d122966f33e9b210f41ae2f0d72093c02bd48d9cd,true,,true,true,true,true,true,true
r0076,5f86314b26ae3d0125373d59039a92c18b5f914b21e1df38ee4556fa24de98ed,fp32,2200,d1063f923b805419487eedc9d6a77a56c7ad99ad872b339c5e8edaf0ae427c3e,true,true,true,true,true,true,true,true,false,0.0011749267578125,2.6977335227199952e-06,false,9.703636169433594e-05,1.588150189490989e-05,true,85a4c8af1c898a38464cf28885c7617bc6dce4baa9ea8932b0c3ca8140e3be66,85a4c8af1c898a38464cf28885c7617bc6dce4baa9ea8932b0c3ca8140e3be66,85a4c8af1c898a38464cf28885c7617bc6dce4baa9ea8932b0c3ca8140e3be66,85a4c8af1c898a38464cf28885c7617bc6dce4baa9ea8932b0c3ca8140e3be66,true,,true,true,true,true,true,true
r0077,bc14c1d1f91ba62780c42002a759dc675b06e44eba327ee96362aa2c2e6dcfd3,fp32,2452,37b61961502c935cac7b4f66c4208ef3efc6a3f9fdc400e442847ac9dd098a1a,true,true,true,true,true,true,true,true,false,0.002422332763671875,3.2692237603715313e-06,false,9.799003601074219e-05,1.6124611647683196e-05,true,5c565563c9935b9fac758af55380839613d33af025c992e91335f87017b449a5,5c565563c9935b9fac758af55380839613d33af025c992e91335f87017b449a5,5c565563c9935b9fac758af55380839613d33af025c992e91335f87017b449a5,5c565563c9935b9fac758af55380839613d33af025c992e91335f87017b449a5,true,,true,true,true,true,true,true
r0078,fc49292751c5195eff2e2a9e4e435e3de39482c7fb48bb9f56496e8c56310083,fp32,2010,ea078aff2f87402786338281c6cc6dc162957606a1fc753fe0c312a39e9487a8,true,true,true,true,true,true,true,true,false,0.0006227493286132812,2.4033427805658647e-06,false,0.00010156631469726562,1.619015347387176e-05,true,346bafa59ab051c78555a4823bc8e45031788941d017e1cb14ef702972de2694,346bafa59ab051c78555a4823bc8e45031788941d017e1cb14ef702972de2694,346bafa59ab051c78555a4823bc8e45031788941d017e1cb14ef702972de2694,346bafa59ab051c78555a4823bc8e45031788941d017e1cb14ef702972de2694,true,,true,true,true,true,true,true
r0079,301406520ee5fc99f9548545ba37de7a029c7f92fc745a99b3c948d73a56c387,fp32,2097,d2146f9728537adcede3c26bdf60be89f308479a0b36a6227ffed9a47b68eeb7,true,true,true,true,true,true,true,true,false,0.0016553401947021484,2.707986454704899e-06,false,0.00010943412780761719,1.8430378986522555e-05,true,eb8b5550dabc124816f3e7a4cc45386de19615c6b880eb18b2539a20ff3b32dc,eb8b5550dabc124816f3e7a4cc45386de19615c6b880eb18b2539a20ff3b32dc,eb8b5550dabc124816f3e7a4cc45386de19615c6b880eb18b2539a20ff3b32dc,eb8b5550dabc124816f3e7a4cc45386de19615c6b880eb18b2539a20ff3b32dc,true,,true,true,true,true,true,true
r0080,a927106304860007375d6bd3b781df746a1d47d3d1ee3a91c78a60486a96c3f1,fp32,1907,c45fcf7aceb026300ca59b3a00331f08cb5589cd1d10870eb26107ba8a9cd23a,true,true,true,true,true,true,true,true,false,0.0032835006713867188,2.8855479080232746e-06,false,0.00010538101196289062,1.633069769013673e-05,true,8cd88d248b70d12a1e2bcacd20b147dff8f08c561d2bac2b2766a2fd76e41fa7,8cd88d248b70d12a1e2bcacd20b147dff8f08c561d2bac2b2766a2fd76e41fa7,8cd88d248b70d12a1e2bcacd20b147dff8f08c561d2bac2b2766a2fd76e41fa7,8cd88d248b70d12a1e2bcacd20b147dff8f08c561d2bac2b2766a2fd76e41fa7,true,,true,true,true,false,false,true
r0081,adb13b039ef505c2a0b2dceadf2b9451f1afaed468858e4d695aff4eb3b61d64,fp32,2374,920119d2b072d47377a07892aeae2e6e4447152b768958e2b99b16f7035ee34a,true,true,true,true,true,true,true,true,false,0.0015537738800048828,2.975092096531758e-06,false,0.00010502338409423828,1.5742094547022134e-05,true,85834af2b3c2126de3aa9e607e79ef3bb60f8400666970071ceafbd91890e1cf,85834af2b3c2126de3aa9e607e79ef3bb60f8400666970071ceafbd91890e1cf,85834af2b3c2126de3aa9e607e79ef3bb60f8400666970071ceafbd91890e1cf,85834af2b3c2126de3aa9e607e79ef3bb60f8400666970071ceafbd91890e1cf,true,,true,true,true,false,false,true
r0082,941a4792cad5b697a11650f24f506bb575e036e6997e32f97ec61ad87fdd4be8,fp32,2241,0c139edbbc66629e9653780ff96c124b8858686e2ef791263516ce8962a494e2,true,true,true,true,true,true,true,true,false,0.0051422119140625,3.619028837128132e-06,false,0.00010967254638671875,1.6374822735087946e-05,true,36c7c4f4e394fba8fbe238a6c48df79523456d950669c3e3f5356d949db40cd4,36c7c4f4e394fba8fbe238a6c48df79523456d950669c3e3f5356d949db40cd4,36c7c4f4e394fba8fbe238a6c48df79523456d950669c3e3f5356d949db40cd4,36c7c4f4e394fba8fbe238a6c48df79523456d950669c3e3f5356d949db40cd4,true,,true,true,true,false,false,true
r0083,0e145c75380e661a815d3aeea817eaf610422a600b5d59ebd74e3c547b4e1884,fp32,1797,ddf00c3aa8664f39aa939709208c72674d63f722e5986896553b3f363b1a2dcd,true,true,true,true,true,true,true,true,false,0.0039212703704833984,2.5219184613956003e-06,false,8.579343557357788e-05,1.4813428606430534e-05,true,cb61ebaa4fa6be1300a9ecc12be6dc9b7e30aef567aa4d03c15a3a2e739f3983,cb61ebaa4fa6be1300a9ecc12be6dc9b7e30aef567aa4d03c15a3a2e739f3983,cb61ebaa4fa6be1300a9ecc12be6dc9b7e30aef567aa4d03c15a3a2e739f3983,cb61ebaa4fa6be1300a9ecc12be6dc9b7e30aef567aa4d03c15a3a2e739f3983,true,,true,true,true,true,true,true
r0084,4c9880cd46a4cf33bed5b2e0164ed9aa4acda42804adb13f85d073e82eb80634,fp32,2193,43bd6a96ed1c30a075fbaa28d9a805119cddc4686b7368c5f2acc56529d072e6,true,true,true,true,true,true,true,true,false,0.0012073516845703125,2.501205534836496e-06,false,0.00011539459228515625,1.7661406673141755e-05,true,070a0700cdb47a60ef71d71165d5a884467ceccfb19868e2c48c26b6f7f72aa0,070a0700cdb47a60ef71d71165d5a884467ceccfb19868e2c48c26b6f7f72aa0,070a0700cdb47a60ef71d71165d5a884467ceccfb19868e2c48c26b6f7f72aa0,070a0700cdb47a60ef71d71165d5a884467ceccfb19868e2c48c26b6f7f72aa0,true,,true,true,true,false,false,true
r0085,244cb462f40472746377e748f8f07217eeaf169e5edc50179358dd1ffa3571c8,fp32,1922,69435f52ee162a08aa63f27d3dff7fb49c5ca8be7d4b5b22dadb76087a420321,true,true,true,true,true,true,true,true,false,0.0021395087242126465,2.540235823097111e-06,false,0.00010776519775390625,1.6755655451561324e-05,true,4a9404e984f60d089d19efca23ecfec589ccca6c999b085a803972d6a0654866,4a9404e984f60d089d19efca23ecfec589ccca6c999b085a803972d6a0654866,4a9404e984f60d089d19efca23ecfec589ccca6c999b085a803972d6a0654866,4a9404e984f60d089d19efca23ecfec589ccca6c999b085a803972d6a0654866,true,,true,true,true,false,false,true
r0086,12cceefdb63274a78db9df2fd722e8bb64c1b5ba2437a7591f27f9de53cd0b6d,fp32,2544,40b43fdaaf6fdeebf2699f950964b95afcdd2172baeb75a34fde87d8e87e200a,true,true,true,true,true,true,true,true,false,0.003582477569580078,3.458335920673387e-06,false,0.00012493133544921875,1.9984441678388976e-05,true,7164293697fa6960bd533e934f784513850984715def5f882d2c646b914a4668,7164293697fa6960bd533e934f784513850984715def5f882d2c646b914a4668,7164293697fa6960bd533e934f784513850984715def5f882d2c646b914a4668,7164293697fa6960bd533e934f784513850984715def5f882d2c646b914a4668,true,,true,true,true,false,false,true
r0087,cc44accbeaf4c7c9cdee339afcbadd7c8d64cc821139f10ee5906543a1b76af3,fp32,1787,7bff21e1657282a48e653d8c6d73ca0fb6db9fb61661f632138de51cb69634d7,true,true,true,true,true,true,true,true,false,0.0015707910060882568,2.1018463033743253e-06,false,9.274482727050781e-05,1.4488910892396234e-05,true,541206440b540e6b855e8cb5f962270f8209b88ec6c9963c603b60e18b7b54e7,541206440b540e6b855e8cb5f962270f8209b88ec6c9963c603b60e18b7b54e7,541206440b540e6b855e8cb5f962270f8209b88ec6c9963c603b60e18b7b54e7,541206440b540e6b855e8cb5f962270f8209b88ec6c9963c603b60e18b7b54e7,true,,true,true,true,true,true,true
r0088,9490949e5992105602f793f60019f10bbf0aebc644af756ca8ae4f82f2487563,fp32,2163,f32da7b569b027e7bc17e46136dc7a312dc5a98dc1968a2967698f942aeaad7f,true,true,true,true,true,true,true,true,false,0.006292819976806641,2.9465756332669457e-06,false,0.000152587890625,1.7416397895431146e-05,true,0bd686f8f542d3092e4a723818d2359bfce04d5ae39edc7a27a752a5df83b215,0bd686f8f542d3092e4a723818d2359bfce04d5ae39edc7a27a752a5df83b215,0bd686f8f542d3092e4a723818d2359bfce04d5ae39edc7a27a752a5df83b215,0bd686f8f542d3092e4a723818d2359bfce04d5ae39edc7a27a752a5df83b215,true,,true,true,true,false,false,true
r0089,48558dceecad909875e8821fabc95c0206d2102539077f68a96fac520e034bd6,fp32,1332,478af8e16f87d7417818662f68f7239f59aec9571358fc7a42e62c56bd9be818,true,true,true,true,true,true,true,true,false,0.0012392997741699219,2.1385946978499013e-06,false,9.679794311523438e-05,1.482779043726623e-05,true,57fd26a8b6d69c3a4c133c997e02d94194c152e736f3794ac96baeff39f01c2d,57fd26a8b6d69c3a4c133c997e02d94194c152e736f3794ac96baeff39f01c2d,57fd26a8b6d69c3a4c133c997e02d94194c152e736f3794ac96baeff39f01c2d,57fd26a8b6d69c3a4c133c997e02d94194c152e736f3794ac96baeff39f01c2d,true,,true,true,true,false,false,true
r0090,bf5704f28b8a3dc4a4309ddda39739d8d0d284a0eb1dab10888a43320c757d7c,fp32,1959,c4ac4e9528c6539d002d4ad54532413d6c54f45c66b68fad7cea6fbafe8cc272,true,true,true,true,true,true,true,true,false,0.004778623580932617,4.986302140963517e-06,false,0.00022649765014648438,3.462249514996074e-05,true,807ba3fdbc459a54a8fec5c56758917b94f2b3bc481f3f6ace71b5a7173ed454,807ba3fdbc459a54a8fec5c56758917b94f2b3bc481f3f6ace71b5a7173ed454,807ba3fdbc459a54a8fec5c56758917b94f2b3bc481f3f6ace71b5a7173ed454,807ba3fdbc459a54a8fec5c56758917b94f2b3bc481f3f6ace71b5a7173ed454,true,,true,true,true,false,false,true
r0091,2a96acb3e0934e739472df40270eed21a4bb6664f7b4dac85640cfbca68c34de,fp32,1648,e5988eb8a7ab2d7cbb0db4ec4a75bd7224c0329ab67f8d01e916c17d423d5291,true,true,true,true,true,true,true,true,false,0.021723031997680664,5.9628220741014815e-06,false,0.0001201629638671875,1.808264096325729e-05,true,7c71d89ab337cc6aa533cc41fc842a1d26b4e2f7cb9ff6fe77b93b12ca673b55,7c71d89ab337cc6aa533cc41fc842a1d26b4e2f7cb9ff6fe77b93b12ca673b55,7c71d89ab337cc6aa533cc41fc842a1d26b4e2f7cb9ff6fe77b93b12ca673b55,7c71d89ab337cc6aa533cc41fc842a1d26b4e2f7cb9ff6fe77b93b12ca673b55,true,,true,true,true,false,false,true
r0092,ddef81e9dbc10b32a7411ac81cb5bf98464f2d18270d2b28a8b18fda51c662ee,fp32,2330,070ba27dfb5cf4a6d27013d8fab3a0b1a04ed7f34cdce2c2e443fcf78748f42f,true,true,true,true,true,true,true,true,false,0.005997419357299805,4.554033186813615e-06,false,0.00010013580322265625,1.7600421415409073e-05,true,37ca46ad165eb196e47450bb049b7208ca6f8fb99b025e76212abde3b33fb660,37ca46ad165eb196e47450bb049b7208ca6f8fb99b025e76212abde3b33fb660,37ca46ad165eb196e47450bb049b7208ca6f8fb99b025e76212abde3b33fb660,37ca46ad165eb196e47450bb049b7208ca6f8fb99b025e76212abde3b33fb660,true,,true,true,true,false,false,true
r0093,36a9bddd4ff5a6028d8a89febe54d0b5d848fd918d5ce7d967d9e51c43c9510b,fp32,1924,227e4e85f806d4a23bb93f7c82aff3af343b736691bc43d2d31ef264c128c357,true,true,true,true,true,true,true,true,false,0.0043010711669921875,2.8326374159985215e-06,false,0.00010776519775390625,1.7981332348426804e-05,true,4bc37069bef028817482ef4f9d86971cc0fc9e63cb350d84403e4735b4ac3596,4bc37069bef028817482ef4f9d86971cc0fc9e63cb350d84403e4735b4ac3596,4bc37069bef028817482ef4f9d86971cc0fc9e63cb350d84403e4735b4ac3596,4bc37069bef028817482ef4f9d86971cc0fc9e63cb350d84403e4735b4ac3596,true,,true,true,true,false,false,true
r0094,0341b3d7fe1afa516146d46587bc78760409d5b172322471b820096cd8429012,fp32,2251,3f8670f262d8ce4dd603d59bb8524b94e0c73a8771810f532a8480f0fcfafe36,true,true,true,true,true,true,true,true,false,0.0030548572540283203,2.5790474408686017e-06,false,0.00010138750076293945,1.547201827634126e-05,true,2076f7d79c14b06893f01989a5176ae96bc86a1ee580933605745c911e990c98,2076f7d79c14b06893f01989a5176ae96bc86a1ee580933605745c911e990c98,2076f7d79c14b06893f01989a5176ae96bc86a1ee580933605745c911e990c98,2076f7d79c14b06893f01989a5176ae96bc86a1ee580933605745c911e990c98,true,,true,true,true,false,false,true
r0095,8bf073becff8688954f224a4d160c821f14aae8f7feb4d87e3504c21e7663b5c,fp32,2273,9bf2d8825f76234062191e65f28cf51d89b66d99ca7279e1e8c54c2854db966f,true,true,true,true,true,true,true,true,false,0.0013914108276367188,2.5391004760955127e-06,false,0.00010848045349121094,1.6407469956902787e-05,true,dbcf1657fd90ef695bfeb9b47857c68c53d58ba670aea4e5183b9f215fca0872,dbcf1657fd90ef695bfeb9b47857c68c53d58ba670aea4e5183b9f215fca0872,dbcf1657fd90ef695bfeb9b47857c68c53d58ba670aea4e5183b9f215fca0872,dbcf1657fd90ef695bfeb9b47857c68c53d58ba670aea4e5183b9f215fca0872,true,,true,true,true,true,true,true
r0096,4a745fdc132d255bae148443f1a5a2da2cb31ccb735d3d53b0cfdb74919cc0da,fp32,2025,250cfd25282316d1782754a4873363f86d6fe9909d2f5c0cd670795bf9940e1e,true,true,true,true,true,true,true,true,false,0.0022658109664916992,2.4427023050943575e-06,false,0.00010371208190917969,1.617747693671845e-05,true,5076a9cad815eafc30ca054ba2e7638938ff8ae53566153959bb77d90160d45d,5076a9cad815eafc30ca054ba2e7638938ff8ae53566153959bb77d90160d45d,5076a9cad815eafc30ca054ba2e7638938ff8ae53566153959bb77d90160d45d,5076a9cad815eafc30ca054ba2e7638938ff8ae53566153959bb77d90160d45d,true,,true,true,true,false,false,true
r0097,21a03c556f1de4ee96b9a7ea9c53f16c044e73a9ee7f9857361b4947ecea1efa,fp32,1768,465add19ee563c826ae84c8c79a3802ba434414b30342f985e0f61738caa1df3,true,true,true,true,true,true,true,true,false,0.00024366378784179688,2.1017109335108586e-06,false,0.00011396408081054688,1.8523249309509993e-05,true,91dfa1472a08acf5ca956ee78b481d7482868e5b40efc7f413708fb15cac6446,91dfa1472a08acf5ca956ee78b481d7482868e5b40efc7f413708fb15cac6446,91dfa1472a08acf5ca956ee78b481d7482868e5b40efc7f413708fb15cac6446,91dfa1472a08acf5ca956ee78b481d7482868e5b40efc7f413708fb15cac6446,true,,true,true,true,true,true,true
r0098,cbe589a074e91d364dbb06abf442e3581e7765beea4bd86a22101ec09f00262a,fp32,2312,6e24636f5a5bb9cf9a965a2812c1d52bdece695dddd0cda7e1273d0309fcf68c,true,true,true,true,true,true,true,true,false,0.003173351287841797,2.495797557585296e-06,false,0.00013780593872070312,1.6725702153053135e-05,true,7d72fd5fe7f2819d284a7bec257ed9a6d05639c38a77d5548e309c8290b23b1b,7d72fd5fe7f2819d284a7bec257ed9a6d05639c38a77d5548e309c8290b23b1b,7d72fd5fe7f2819d284a7bec257ed9a6d05639c38a77d5548e309c8290b23b1b,7d72fd5fe7f2819d284a7bec257ed9a6d05639c38a77d5548e309c8290b23b1b,true,,true,true,true,true,true,true
r0099,861ca390826d1942418e4bf516b2be374c8b6d99ca9af116aa5fd49120c12655,fp32,1923,3498b1a6de76b55fffa6c52a0717b8ee31de139810bf0c7326bfb0cdb909b485,true,true,true,true,true,true,true,true,false,0.005176544189453125,2.5088063107710687e-06,false,0.000110626220703125,1.9064598745899275e-05,true,1b6c1003b76cb6f3e7fde8c7751306bf10c2d9a337007bf33fa36c86e1a78718,1b6c1003b76cb6f3e7fde8c7751306bf10c2d9a337007bf33fa36c86e1a78718,1b6c1003b76cb6f3e7fde8c7751306bf10c2d9a337007bf33fa36c86e1a78718,1b6c1003b76cb6f3e7fde8c7751306bf10c2d9a337007bf33fa36c86e1a78718,true,,true,true,true,true,true,true
r0100,c075c6fb65fa8925c051347adac0f877f292cdca13f21bb1584da57d6d132aa3,fp32,1721,52373eebc29e8998817039631e04133926fcd254bb89c79d23d6974926102e9f,true,true,true,true,true,true,true,true,false,0.0002186298370361328,2.0047872378488782e-06,false,0.00010776519775390625,1.6597230569459498e-05,true,f14f52b433c07e7ac38669c8fd0da7d5cf957cf8311f286b31dbf1bea5dbe5bf,f14f52b433c07e7ac38669c8fd0da7d5cf957cf8311f286b31dbf1bea5dbe5bf,f14f52b433c07e7ac38669c8fd0da7d5cf957cf8311f286b31dbf1bea5dbe5bf,f14f52b433c07e7ac38669c8fd0da7d5cf957cf8311f286b31dbf1bea5dbe5bf,true,,true,true,true,true,true,true
r0101,37cbdb4062ef0ed06ffe7ec653185fa815bdca9b0a904171781b9f3eeddda526,fp32,1649,c8a185dbaf2ddc0aa0d45998a2e6d1fdc42ae70c2b452e2e61c3158c14cf0d63,true,true,true,true,true,true,true,true,false,0.011797904968261719,2.8022975532652574e-06,false,0.00010538101196289062,1.6568870705668814e-05,true,acf31a15e5ad29de2f975b9297a0294e4b50af843efdd2067f8749f648b1e71a,acf31a15e5ad29de2f975b9297a0294e4b50af843efdd2067f8749f648b1e71a,acf31a15e5ad29de2f975b9297a0294e4b50af843efdd2067f8749f648b1e71a,acf31a15e5ad29de2f975b9297a0294e4b50af843efdd2067f8749f648b1e71a,true,,true,true,true,false,false,true
r0102,12686420a6d8b594bb70e31b6d5133ca3dfd493dc80c35124b1414b1849d0479,fp32,1870,f9169211b0fb68aa62046a171a51ce0258463ef8f79d7905629eb71fbdfa9447,true,true,true,true,true,true,true,true,false,0.0020809173583984375,2.4326199405215e-06,false,9.822845458984375e-05,1.648742181714624e-05,true,806fff19e68211f4e8ce015891f6a54ed324e2cd0c266da3e2e028d4d0ac0439,806fff19e68211f4e8ce015891f6a54ed324e2cd0c266da3e2e028d4d0ac0439,806fff19e68211f4e8ce015891f6a54ed324e2cd0c266da3e2e028d4d0ac0439,806fff19e68211f4e8ce015891f6a54ed324e2cd0c266da3e2e028d4d0ac0439,true,,true,true,true,true,true,true
r0103,38ae1d26b144ba65c09f3fc19d6781aa57cfbc339de1dccdc1da70f603059b8f,fp32,1441,e88f6b014b32199f904b01ee164050182c52bde47d63ff04be2ca53341082e04,true,true,true,true,true,true,true,true,false,0.0018759965896606445,2.2886803131190923e-06,false,0.00011730194091796875,1.5458066627616063e-05,true,a2c0151ddddf3e7f38c074ef6c708e91b94ca4cf9360d955225ae1f617d53e24,a2c0151ddddf3e7f38c074ef6c708e91b94ca4cf9360d955225ae1f617d53e24,a2c0151ddddf3e7f38c074ef6c708e91b94ca4cf9360d955225ae1f617d53e24,a2c0151ddddf3e7f38c074ef6c708e91b94ca4cf9360d955225ae1f617d53e24,true,,true,true,true,true,true,true
r0104,fb4041347e276ceadedc3567ceb07d3447cd7fc398151da9eadfa197a89d0f67,fp32,2022,aaeb8399079df862c116c0e73d833369a2d46635d02d17f9adcf6e971680b343,true,true,true,true,true,true,true,true,false,0.0020579099655151367,2.8652815373675367e-06,false,0.00011014938354492188,1.8306511265109293e-05,true,93de928d0cc206095844893ccb087985aa7f2e524ea64f7bb573de33d6770738,93de928d0cc206095844893ccb087985aa7f2e524ea64f7bb573de33d6770738,93de928d0cc206095844893ccb087985aa7f2e524ea64f7bb573de33d6770738,93de928d0cc206095844893ccb087985aa7f2e524ea64f7bb573de33d6770738,true,,true,true,true,false,false,true
r0105,983512395350a3337923937670320f890ba1d0cf92d2b58ecebc62c769ed49de,fp32,2541,c71f2de35ca2882797c158fb7054ead8a47ff69cb12c80068598ff86fa7500a8,true,true,true,true,true,true,true,true,false,0.006097570061683655,3.239478957232459e-06,false,9.465217590332031e-05,1.5512525351368822e-05,true,d18809b0028640f2c2a4628d34fcd16cf3230c1037b45ecf3dd7415338d24611,d18809b0028640f2c2a4628d34fcd16cf3230c1037b45ecf3dd7415338d24611,d18809b0028640f2c2a4628d34fcd16cf3230c1037b45ecf3dd7415338d24611,d18809b0028640f2c2a4628d34fcd16cf3230c1037b45ecf3dd7415338d24611,true,,true,true,true,true,true,true
r0106,43d33c232bcd84b834b81a21679e659667098602c97c97256119a11f6c4b53bf,fp32,1492,2f5c6dd58385980cccff432df48464e2be62574ead2b9df86da03cb91768a3e4,true,true,true,true,true,true,true,true,false,0.0005381107330322266,1.9109540737212902e-06,false,9.226799011230469e-05,1.5993084161891602e-05,true,1991c67070c901b936d4fb980d9756a0ab8c15d413c0fc752f422a8f66cb6000,1991c67070c901b936d4fb980d9756a0ab8c15d413c0fc752f422a8f66cb6000,1991c67070c901b936d4fb980d9756a0ab8c15d413c0fc752f422a8f66cb6000,1991c67070c901b936d4fb980d9756a0ab8c15d413c0fc752f422a8f66cb6000,true,,true,true,true,true,true,true
r0107,09d5329d992cd2bce2d7e39b0b47bd3ec59ca5767dc9014d6a1602fc795be852,fp32,1936,081c5d259f375c32ed792f0f16fedeb308ffc6df3a790d0e0702fde4c65cd5e0,true,true,true,true,true,true,true,true,false,0.0014760494232177734,2.2540304842610936e-06,false,9.34600830078125e-05,1.6278847397188656e-05,true,9811c40ad3d1858795f5437cc6e6af808e2ebb38ac641d341f78270f45ebfb25,9811c40ad3d1858795f5437cc6e6af808e2ebb38ac641d341f78270f45ebfb25,9811c40ad3d1858795f5437cc6e6af808e2ebb38ac641d341f78270f45ebfb25,9811c40ad3d1858795f5437cc6e6af808e2ebb38ac641d341f78270f45ebfb25,true,,true,true,true,true,true,true
r0108,34af72e1685895476abfc8593b0460f84232460804ba6bb57a2e16db82f28f6a,fp32,2321,7eb0f6fbbedadc10e861ec221a7c13b1e8e77562ae2f92f3502a52fbaec2b94a,true,true,true,true,true,true,true,true,false,0.0014586448669433594,2.5701548790705666e-06,false,0.00010971724987030029,1.583161429152824e-05,true,d2fb35e0f22bb96a78b135a4da5f68bcc8e2d5dbf572806a65ad3e46504d83bf,d2fb35e0f22bb96a78b135a4da5f68bcc8e2d5dbf572806a65ad3e46504d83bf,d2fb35e0f22bb96a78b135a4da5f68bcc8e2d5dbf572806a65ad3e46504d83bf,d2fb35e0f22bb96a78b135a4da5f68bcc8e2d5dbf572806a65ad3e46504d83bf,true,,true,true,true,true,true,true
r0109,aac6a1beac7c8bbe4767fd6a992fe6ec201037743ba5e3ec1a04c53854e9b62f,fp32,2223,2f0ac3e8232018c05224df3e51469d40b85f6ad6813886a5766d5a8f777c38a9,true,true,true,true,true,true,true,true,false,0.003217458724975586,2.9606245832702882e-06,false,0.0001035928726196289,1.686022187641356e-05,true,a7d5db8f047dfd636e0623b6325ffe52629b8205482f49a14fdaa15fdcf887e7,a7d5db8f047dfd636e0623b6325ffe52629b8205482f49a14fdaa15fdcf887e7,a7d5db8f047dfd636e0623b6325ffe52629b8205482f49a14fdaa15fdcf887e7,a7d5db8f047dfd636e0623b6325ffe52629b8205482f49a14fdaa15fdcf887e7,true,,true,true,true,true,true,true
r0110,b41a53fa21306bfa8ad3de550ea429aa3e816c0f93167d71c27386ac34ab3af4,fp32,1418,c8b3760854d6988fd1a9d6b85d891a4220540e8c80c094b77dbd22d3ba5f95d3,true,true,true,true,true,true,true,true,false,0.0009942054748535156,2.3918662443260055e-06,false,0.00012373924255371094,1.6117455743369646e-05,true,ce09d4e197482330def3d4cdc9c5d9665edcda45ade03bdedcc7009c60da742a,ce09d4e197482330def3d4cdc9c5d9665edcda45ade03bdedcc7009c60da742a,ce09d4e197482330def3d4cdc9c5d9665edcda45ade03bdedcc7009c60da742a,ce09d4e197482330def3d4cdc9c5d9665edcda45ade03bdedcc7009c60da742a,true,,true,true,true,false,false,true
r0111,795e83a343fdffa912b2ac97299b0e43975b060d795ff2c8cf418f325afeff6b,fp32,2083,dea3d1c3a1d9be5cd21be244ee48f3b091b9def47c040447d1502a4237b1c07f,true,true,true,true,true,true,true,true,false,0.0006732940673828125,2.4105612279612387e-06,false,0.00010764598846435547,1.737982893246226e-05,true,daa0f497a5b281ae0f2445d4fdb0a5469ffb6a8e3f51a72bfb403dbbfed0ab50,daa0f497a5b281ae0f2445d4fdb0a5469ffb6a8e3f51a72bfb403dbbfed0ab50,daa0f497a5b281ae0f2445d4fdb0a5469ffb6a8e3f51a72bfb403dbbfed0ab50,daa0f497a5b281ae0f2445d4fdb0a5469ffb6a8e3f51a72bfb403dbbfed0ab50,true,,true,true,true,true,true,true
r0112,88d889dc806f5f0398617df284772c3a16f263bcc6c6ff649db52a07048d08f7,fp32,1735,247c937ec96c2fb7a88cf107e635cbb7326ebf6f2881a56a2d422842bb6b81c4,true,true,true,true,true,true,true,true,false,0.0007600784301757812,2.1539213856206865e-06,false,0.0001125335693359375,1.647167300689034e-05,true,b27341f05ed473a35471b68975443c2de7314eaccb9c19aa0d3e1b4f64995b46,b27341f05ed473a35471b68975443c2de7314eaccb9c19aa0d3e1b4f64995b46,b27341f05ed473a35471b68975443c2de7314eaccb9c19aa0d3e1b4f64995b46,b27341f05ed473a35471b68975443c2de7314eaccb9c19aa0d3e1b4f64995b46,true,,true,true,true,false,false,true
r0113,457939c3ed761f14cb17e21d892ca91cbc921932a64f8877ac227709766c2bc8,fp32,2122,25a3be0784cf3d7f51feb82bf5be098f68d77f34fbad572be2d0f8fb16845483,true,true,true,true,true,true,true,true,false,0.0046844482421875,2.6710070218557056e-06,false,0.00010848045349121094,1.7154770830529742e-05,true,314d919a5434c6434e6a871b4f61f86d3049c9ebe94b5f16d1f1bcc96ed82179,314d919a5434c6434e6a871b4f61f86d3049c9ebe94b5f16d1f1bcc96ed82179,314d919a5434c6434e6a871b4f61f86d3049c9ebe94b5f16d1f1bcc96ed82179,314d919a5434c6434e6a871b4f61f86d3049c9ebe94b5f16d1f1bcc96ed82179,true,,true,true,true,true,true,true
r0114,4f7fde2924a8191aacdf6d2aafccdb504c69adc4a954029b662c4431b52ac582,fp32,2351,36f81a509c507754052883f4b8cdb9d22ef99e2f93e148a3a9f3ad7a56c0e908,true,true,true,true,true,true,true,true,false,0.008269786834716797,2.922660908251847e-06,false,9.906291961669922e-05,1.5180603440967388e-05,true,9cfeabcb31e4d6c8e5d62fae5d318f99654653d7791340d6abb48defcc8651e3,9cfeabcb31e4d6c8e5d62fae5d318f99654653d7791340d6abb48defcc8651e3,9cfeabcb31e4d6c8e5d62fae5d318f99654653d7791340d6abb48defcc8651e3,9cfeabcb31e4d6c8e5d62fae5d318f99654653d7791340d6abb48defcc8651e3,true,,true,true,true,false,false,true
r0115,f274cbcfdd21daa2d819a7662843a75fcad3982043b3061810fa03bbc513855d,fp32,2161,f1745ba3c7a753cd7c699e677b0dc1969fedcd168cf899b2e7b542220a988918,true,true,true,true,true,true,true,true,false,0.004277437925338745,2.5964639159455536e-06,false,9.834766387939453e-05,1.563737532706e-05,true,bc7e78987e7654b81ba19351f27d43148a73c6015bd41eef39f2c911b0eb8ab1,bc7e78987e7654b81ba19351f27d43148a73c6015bd41eef39f2c911b0eb8ab1,bc7e78987e7654b81ba19351f27d43148a73c6015bd41eef39f2c911b0eb8ab1,bc7e78987e7654b81ba19351f27d43148a73c6015bd41eef39f2c911b0eb8ab1,true,,true,true,true,false,false,true
r0116,acbe407763ffb26d7bda5491fd3bb6e9bb731914920f52ecb17ab3eeb0bd63f4,fp32,1769,b5fa5650bba3b6b1db145f75791cc73b57bdab6ec75ab41a8365f5013c3f7dab,true,true,true,true,true,true,true,true,false,0.0009489059448242188,2.5723548595646406e-06,false,9.393692016601562e-05,1.5244724636431783e-05,true,a2356cd69785203431c48740bf813d4787c5ff96f8e0d6854a9f09a927164c49,a2356cd69785203431c48740bf813d4787c5ff96f8e0d6854a9f09a927164c49,a2356cd69785203431c48740bf813d4787c5ff96f8e0d6854a9f09a927164c49,a2356cd69785203431c48740bf813d4787c5ff96f8e0d6854a9f09a927164c49,true,,true,true,true,false,false,true
r0117,f13fd579a264cd0d6fcec5b148c7af03faadad4426b873f2d9d3d7c3c043a4e0,fp32,2034,3139c5ac1b297171c14fc14a1ed3f114c84b1d48ba4c57a2007c76e1274a7abe,true,true,true,true,true,true,true,true,false,0.004561424255371094,2.6370215640743786e-06,false,0.00011432170867919922,1.5443962183780968e-05,true,5b6e380126beb78fe09f9acf6bd1c9702cfb6928e7713d4b236f1a6b2bc2eb2d,5b6e380126beb78fe09f9acf6bd1c9702cfb6928e7713d4b236f1a6b2bc2eb2d,5b6e380126beb78fe09f9acf6bd1c9702cfb6928e7713d4b236f1a6b2bc2eb2d,5b6e380126beb78fe09f9acf6bd1c9702cfb6928e7713d4b236f1a6b2bc2eb2d,true,,true,true,true,true,true,true
r0118,bcf8cc19dda1609e80b7c2d64fb3006237ba95e3083ca6d5759f36ad1b5e441a,fp32,1795,0e891b207f7df4bb14af955bf23ab24af984d295eb6f1ba7e1e8e59b16e6bf31,true,true,true,true,true,true,true,true,false,0.0012049674987792969,2.121125844597079e-06,false,9.298324584960938e-05,1.5210494893835858e-05,true,65f215f3466fdf018ddba6a1dccbed5b62b1da92b0c61bf5c9cf93b2fe26663f,65f215f3466fdf018ddba6a1dccbed5b62b1da92b0c61bf5c9cf93b2fe26663f,65f215f3466fdf018ddba6a1dccbed5b62b1da92b0c61bf5c9cf93b2fe26663f,65f215f3466fdf018ddba6a1dccbed5b62b1da92b0c61bf5c9cf93b2fe26663f,true,,true,true,true,true,true,true
r0119,fb831fa41968f7608bb2d44da2d04df390849b5a01e50c64e50e4fa7aa66abc5,fp32,1634,046b9aee3edfa69de787c772a2b2fb54aa70e96da9efd23636728d898c92fe5a,true,true,true,true,true,true,true,true,false,0.00048148632049560547,2.0451415112532345e-06,false,9.179115295410156e-05,1.4568697224603966e-05,true,2ba4afc6c02857074e5ca8a0cf0b0cb04751e3471561736277fd3193bee633fe,2ba4afc6c02857074e5ca8a0cf0b0cb04751e3471561736277fd3193bee633fe,2ba4afc6c02857074e5ca8a0cf0b0cb04751e3471561736277fd3193bee633fe,2ba4afc6c02857074e5ca8a0cf0b0cb04751e3471561736277fd3193bee633fe,true,,true,true,true,true,true,true
r0120,0554faf917aebb3d17889171d83d3c130c90835e3b9734ff2b1f38c3c8d74e03,fp32,1695,f549b9396d4b05162f493dee8a39132dca820f78598e0cb80b1dd5c53bf60aa8,true,true,true,true,true,true,true,true,false,0.0009979009628295898,2.557573339112551e-06,false,0.00011909008026123047,1.929412792378571e-05,true,5ebac483252ac2723e86c76f862806a295e0d5745c7b8b35a50cb98c83853a7f,5ebac483252ac2723e86c76f862806a295e0d5745c7b8b35a50cb98c83853a7f,5ebac483252ac2723e86c76f862806a295e0d5745c7b8b35a50cb98c83853a7f,5ebac483252ac2723e86c76f862806a295e0d5745c7b8b35a50cb98c83853a7f,true,,true,true,true,true,true,true
r0121,4a4fcb5c27d9e69e9d2ff6be78569832ac830e4fb0cfe80f72ca1c15bbafc571,fp32,1971,dc0a77646ee28271bdbfdae6cbcebdf6fa8ea96223cf51afd6209d31221ddd2a,true,true,true,true,true,true,true,true,false,0.0018558502197265625,2.721344661467858e-06,false,0.0001125335693359375,1.6727522961446084e-05,true,1e9052aadd5dcf60ce2efac53474ef0db542914aedb66c37d0ad894341a5ee72,1e9052aadd5dcf60ce2efac53474ef0db542914aedb66c37d0ad894341a5ee72,1e9052aadd5dcf60ce2efac53474ef0db542914aedb66c37d0ad894341a5ee72,1e9052aadd5dcf60ce2efac53474ef0db542914aedb66c37d0ad894341a5ee72,true,,true,true,true,false,false,true
r0122,65b11c2ddf1e2af24b1e2f12d1cf15459dc926adc4b51f2dfc3d57f9ee27741a,fp32,1769,b6ce646ec81e52643772bd9c362e8d6d19ed3148bd8c1bc4aecd07f28b603024,true,true,true,true,true,true,true,true,false,0.0004611015319824219,1.930118928165451e-06,false,9.489059448242188e-05,1.4936279512767214e-05,true,4ce2c40dd7fa896f64dd2ad3e70eb1a977809a8108e01e0d96161a8fa42f5b12,4ce2c40dd7fa896f64dd2ad3e70eb1a977809a8108e01e0d96161a8fa42f5b12,4ce2c40dd7fa896f64dd2ad3e70eb1a977809a8108e01e0d96161a8fa42f5b12,4ce2c40dd7fa896f64dd2ad3e70eb1a977809a8108e01e0d96161a8fa42f5b12,true,,true,true,true,true,true,true
r0123,4a68e719e7d0964afd6cac51e3be2b8928c428963ff577a8795b734bbb270451,fp32,2120,03a4de1757619b102f594b3c13e7f22ebd29d296e38893d1ac7c87e988695e81,true,true,true,true,true,true,true,true,false,0.0010056495666503906,2.4085539430303746e-06,false,0.00011301040649414062,1.7540196495247073e-05,true,f638ab3ab655742ee52aeadb7f867b044b9c6753c70c5415c326989aa27f14fc,f638ab3ab655742ee52aeadb7f867b044b9c6753c70c5415c326989aa27f14fc,f638ab3ab655742ee52aeadb7f867b044b9c6753c70c5415c326989aa27f14fc,f638ab3ab655742ee52aeadb7f867b044b9c6753c70c5415c326989aa27f14fc,true,,true,true,true,false,false,true
r0124,2f18571df599b2a326871378bc92f4be5637a3d4ee1a151dfcec64cd7b57674b,fp32,1963,c0ae164a01e5231321dea995aa06fbbe3dd8221db48be2da19e2989d893ec0aa,true,true,true,true,true,true,true,true,false,0.00139540433883667,2.564917753522522e-06,false,0.0001251697540283203,1.7879734514281154e-05,true,2d75b0de3cddd670be44fa4116ab017e84e27c7beb6ffe09bb75a2f859ffab1c,2d75b0de3cddd670be44fa4116ab017e84e27c7beb6ffe09bb75a2f859ffab1c,2d75b0de3cddd670be44fa4116ab017e84e27c7beb6ffe09bb75a2f859ffab1c,2d75b0de3cddd670be44fa4116ab017e84e27c7beb6ffe09bb75a2f859ffab1c,true,,true,true,true,false,false,true
r0125,176756e687cdefb5ac6e32878f9821e56d4f711101d8e5245e587702d154c63a,fp32,2116,6125c28c3625c2449fc22ad30adfd7e21274d006cd288698d1ded0d1cd16b965,true,true,true,true,true,true,true,true,false,0.0008168220520019531,2.1124289206012983e-06,false,9.801983833312988e-05,1.5234581951517612e-05,true,84f83061cab83fd8d4bcbd7225a065ebe10445382ef386a58adea76253626d54,84f83061cab83fd8d4bcbd7225a065ebe10445382ef386a58adea76253626d54,84f83061cab83fd8d4bcbd7225a065ebe10445382ef386a58adea76253626d54,84f83061cab83fd8d4bcbd7225a065ebe10445382ef386a58adea76253626d54,true,,true,true,true,false,false,true
r0126,cafbd4f045f0d156beffcb1767573db29b7211b17fbbc10e10ccdd067996d7e8,fp32,1795,48a91b9024301f3986dc62df1fd951d31b9527f787b47872fc90dc1ef03ab40a,true,true,true,true,true,true,true,true,false,0.0006651878356933594,2.2100646273800115e-06,false,9.709596633911133e-05,1.5183489267656114e-05,true,e5292b0f5d8d59eb2272588c8aa4514f1d9de1ec5502e9eeb114b9c0b5e75d7a,e5292b0f5d8d59eb2272588c8aa4514f1d9de1ec5502e9eeb114b9c0b5e75d7a,e5292b0f5d8d59eb2272588c8aa4514f1d9de1ec5502e9eeb114b9c0b5e75d7a,e5292b0f5d8d59eb2272588c8aa4514f1d9de1ec5502e9eeb114b9c0b5e75d7a,true,,true,true,true,true,true,true
r0127,7f48433712bca9332f7636fabda94844308caa4893952d62cc7012c303f130c2,fp32,2180,3c9bc4efaeadc7bf46f899ea1ec8febbcf994e17da5e7726fb15f8537a164dbc,true,true,true,true,true,true,true,true,false,0.0026001930236816406,2.645776186545786e-06,false,9.393692016601562e-05,1.541524034109898e-05,true,7baa6f7fe0db1242629c6b83a936f723871ff2e48d2a51eb357a5a3836f0b56f,7baa6f7fe0db1242629c6b83a936f723871ff2e48d2a51eb357a5a3836f0b56f,7baa6f7fe0db1242629c6b83a936f723871ff2e48d2a51eb357a5a3836f0b56f,7baa6f7fe0db1242629c6b83a936f723871ff2e48d2a51eb357a5a3836f0b56f,true,,true,true,true,false,false,true
r0128,7994dcb9beb4d2e395a921da05654b9609b15e061c9465ef1ba35de3c2f6b73c,fp32,1932,b0743c5a5e6be42253e94839e7ceff8a980003d1b4688f3c99a46ff1ad6b0be6,true,true,true,true,true,true,true,true,false,0.005268305540084839,2.6219538075874147e-06,false,0.000102996826171875,1.5500836525461636e-05,true,088e25f4a118437a8d4ddb4ce3ef5b38ec8a72ebc99e447d520fb2b4425be0b8,088e25f4a118437a8d4ddb4ce3ef5b38ec8a72ebc99e447d520fb2b4425be0b8,088e25f4a118437a8d4ddb4ce3ef5b38ec8a72ebc99e447d520fb2b4425be0b8,088e25f4a118437a8d4ddb4ce3ef5b38ec8a72ebc99e447d520fb2b4425be0b8,true,,true,true,true,true,true,true
r0129,ecc579fe8b6793d56310808046a90c240868c3ba5fd7796e766a032a6f7d75ef,fp32,2992,fe7145faac5813dc98ca243e9029b4d1786791767d2e877e6200c361c531c251,true,true,true,true,true,true,true,true,false,0.012889981269836426,2.9154647260831723e-06,false,0.0001323223114013672,1.8007602193392813e-05,true,50a59c2ba3467752d491e2239a93af3eb32dc2a371c52a71798f433d8cfdafb4,50a59c2ba3467752d491e2239a93af3eb32dc2a371c52a71798f433d8cfdafb4,50a59c2ba3467752d491e2239a93af3eb32dc2a371c52a71798f433d8cfdafb4,50a59c2ba3467752d491e2239a93af3eb32dc2a371c52a71798f433d8cfdafb4,true,,true,true,true,false,false,true
r0130,8a923856b23c5b597a1f37c81938d7c60b554f8927b2a84e595bdfe257bdf6ba,fp32,2110,63c38854de1fe25c9e3007b8e8ea152a86ed4f3ea55c4f968900d174413359fc,true,true,true,true,true,true,true,true,false,0.004357457160949707,3.0728204515699056e-06,false,0.00011658668518066406,1.778802470653318e-05,true,65b3bcf420b5422731026a4254f7f7b23fdddb18416164d43764bc4c774f2d66,65b3bcf420b5422731026a4254f7f7b23fdddb18416164d43764bc4c774f2d66,65b3bcf420b5422731026a4254f7f7b23fdddb18416164d43764bc4c774f2d66,65b3bcf420b5422731026a4254f7f7b23fdddb18416164d43764bc4c774f2d66,true,,true,true,true,false,false,true
r0131,891264278c7232bbe6a9eae8044cb4e9e8cbef9ecbed772ecd9c51d7f7963d6e,fp32,1973,a825c04457930be2e8728995d3dc5850223995a5ee7b9dc3bfee92c0002d7dd6,true,true,true,true,true,true,true,true,false,0.00196075439453125,3.3733655932325726e-06,false,0.00010061264038085938,1.5921781596262008e-05,true,1c1ceeea40e8e82b587da79e85574956f783aa43e3710b72d11bf52a78cc473b,1c1ceeea40e8e82b587da79e85574956f783aa43e3710b72d11bf52a78cc473b,1c1ceeea40e8e82b587da79e85574956f783aa43e3710b72d11bf52a78cc473b,1c1ceeea40e8e82b587da79e85574956f783aa43e3710b72d11bf52a78cc473b,true,,true,true,true,true,true,true
r0132,c66dffd97e0993ee243309f04bdf2fc61ac030dcdad36387c25109bc4ec33791,fp32,2607,c587f634f1bd166cb6a442a54e49dd050d221abaa7adf3fca2e7a5c3c1bc313d,true,true,true,true,true,true,true,true,false,0.003090381622314453,3.7521351248977672e-06,false,0.00010442733764648438,1.7625055988901295e-05,true,538fa5f9be5d4dcbb0559c923a598c01831d334396eb03236270e7713e29324a,538fa5f9be5d4dcbb0559c923a598c01831d334396eb03236270e7713e29324a,538fa5f9be5d4dcbb0559c923a598c01831d334396eb03236270e7713e29324a,538fa5f9be5d4dcbb0559c923a598c01831d334396eb03236270e7713e29324a,true,,true,true,true,true,true,true
r0133,a71f73b0bb7573a86002a38510fcc8aad58cbe2e0a63236c581981e9f618428e,fp32,2142,b0fffc8d21938a16bef97ab0f9a651f84e4c38c0b219f234b1b547c86f312e78,true,true,true,true,true,true,true,true,false,0.0054378509521484375,3.369643213124718e-06,false,9.5367431640625e-05,1.4868071957607754e-05,true,8ede9300732be13f142477799f29d1aef9bf8b3c11146ada357d47804c10c7b8,8ede9300732be13f142477799f29d1aef9bf8b3c11146ada357d47804c10c7b8,8ede9300732be13f142477799f29d1aef9bf8b3c11146ada357d47804c10c7b8,8ede9300732be13f142477799f29d1aef9bf8b3c11146ada357d47804c10c7b8,true,,true,true,true,false,false,true
r0134,283c44e3fb8ba74f1076ad4d9f2fc11db1415fcb7b184e99bbba2169d8a72993,fp32,1659,07406ae331451d574ccf612af544cd373a86cd37d2627f5e7cbb2e4b61d188f6,true,true,true,true,true,true,true,true,false,0.000986933708190918,2.143623673974323e-06,false,8.797645568847656e-05,1.3515163118427154e-05,true,23a7f4bcd014ee3d2410b2e3c7428b33dda6832db2dce71fe4934f584b2d7413,23a7f4bcd014ee3d2410b2e3c7428b33dda6832db2dce71fe4934f584b2d7413,23a7f4bcd014ee3d2410b2e3c7428b33dda6832db2dce71fe4934f584b2d7413,23a7f4bcd014ee3d2410b2e3c7428b33dda6832db2dce71fe4934f584b2d7413,true,,true,true,true,true,true,true
r0135,4e907514d7af4dd2a638638618e6fe83d8722e02ce761dfb66550fb5b4987af6,fp32,2217,7efeaa2f3ae544c0f126891375e2a1ebe6ac94c8bc4afb5fedbcae980ab8cfad,true,true,true,true,true,true,true,true,false,0.002706766128540039,2.6490910515578983e-06,false,9.5367431640625e-05,1.4109506992099341e-05,true,72a33a2a16d2d55039b1e1607fa7b2203860aa130b01505f08c10d392e1d9350,72a33a2a16d2d55039b1e1607fa7b2203860aa130b01505f08c10d392e1d9350,72a33a2a16d2d55039b1e1607fa7b2203860aa130b01505f08c10d392e1d9350,72a33a2a16d2d55039b1e1607fa7b2203860aa130b01505f08c10d392e1d9350,true,,true,true,true,true,true,true
r0136,513fc36c2bb15cf88f0b13bd824ef515d44c486d076c7f223fe5cc9b942cc7c9,fp32,2592,f9af767843e583a76d6ea3840f02dfc904b9ffcfb938e21c7dd29c81a67ebb05,true,true,true,true,true,true,true,true,false,0.0019600391387939453,2.7434405427406716e-06,false,0.00011348724365234375,1.6028132449719124e-05,true,6c24882bf8ea68905be313c38056dfb5c12799ec667153f309365852cb454002,6c24882bf8ea68905be313c38056dfb5c12799ec667153f309365852cb454002,6c24882bf8ea68905be313c38056dfb5c12799ec667153f309365852cb454002,6c24882bf8ea68905be313c38056dfb5c12799ec667153f309365852cb454002,true,,true,true,true,true,true,true
r0137,7e624903d357dd2fdc0fe0052b4326bb3f3365dbb2dbe80f83571cc90372883a,fp32,2398,383d8895e037ed5f67c2d06a7a913852f29ac1ebd05f96d1a72c10ec25e8535d,true,true,true,true,true,true,true,true,false,0.0010619163513183594,2.886156213651366e-06,false,0.000164031982421875,2.1262383597786538e-05,true,b2665e78b006bf3ca4c8f4378c381a21d7b40a81fda919d06c4c4015ffd161fc,b2665e78b006bf3ca4c8f4378c381a21d7b40a81fda919d06c4c4015ffd161fc,b2665e78b006bf3ca4c8f4378c381a21d7b40a81fda919d06c4c4015ffd161fc,b2665e78b006bf3ca4c8f4378c381a21d7b40a81fda919d06c4c4015ffd161fc,true,,true,true,true,false,false,true
r0138,d23e5b5fefa3955406273a6f5227243a96057f93ff9a97ca67ee5790966ebbe1,fp32,2235,63bf4dfd710cf742729c91db22b471c7c90e86e021d9f8e18a493d9ae958bad9,true,true,true,true,true,true,true,true,false,0.006025791168212891,2.3844705979344147e-06,false,9.441375732421875e-05,1.4602745977754239e-05,true,6c2feffd96758fda28f2b81a22d6c61a82c5c6f7393b81a5b62a44bbaff31017,6c2feffd96758fda28f2b81a22d6c61a82c5c6f7393b81a5b62a44bbaff31017,6c2feffd96758fda28f2b81a22d6c61a82c5c6f7393b81a5b62a44bbaff31017,6c2feffd96758fda28f2b81a22d6c61a82c5c6f7393b81a5b62a44bbaff31017,true,,true,true,true,true,true,true
r0139,f36440bcbc258885d656a4656844c572c5eb63bdf418b5d12b5294cdf0ad008e,fp32,2178,7145e8264b3bb0685e8f6301511ed9dc0b2f8455867c578b47b5ddb40135b886,true,true,true,true,true,true,true,true,false,0.009605169296264648,2.790618739534345e-06,false,0.00016367435455322266,2.476992813171819e-05,true,670a52657c7e72fb9e5d9d0e9df877e63bc5e11825361acb94347e9e0f56d7db,670a52657c7e72fb9e5d9d0e9df877e63bc5e11825361acb94347e9e0f56d7db,670a52657c7e72fb9e5d9d0e9df877e63bc5e11825361acb94347e9e0f56d7db,670a52657c7e72fb9e5d9d0e9df877e63bc5e11825361acb94347e9e0f56d7db,true,,true,true,true,false,false,true
r0140,bf5b4194628d75a6e3329e448af93dc1336f1817f393d817d9f1b1a00b0acf8d,fp32,1954,d13d44df1c35f61687b30b5960c7395f98900ba9a33ecb13be6b1275ae981259,true,true,true,true,true,true,true,true,false,0.0018213391304016113,2.5871670673952942e-06,false,9.47713851928711e-05,1.5027389963506721e-05,true,43b723c747877b19f708e318410c800e09c2210fa5ab9b041eceeca358e2f5b6,43b723c747877b19f708e318410c800e09c2210fa5ab9b041eceeca358e2f5b6,43b723c747877b19f708e318410c800e09c2210fa5ab9b041eceeca358e2f5b6,43b723c747877b19f708e318410c800e09c2210fa5ab9b041eceeca358e2f5b6,true,,true,true,true,true,true,true
r0141,1dca179dd440884f9f2b0b526c20bb62537c6efe3327fef00f1bdcc46302c0f0,fp32,1534,4b5b56464c85e053863ba1c3122a00273e6f88d9cc0866dc5c1d4e1d01e47d0e,true,true,true,true,true,true,true,true,false,0.0005165934562683105,2.078950333365507e-06,false,9.632110595703125e-05,1.4874066437187139e-05,true,4a1c76e8b273ebeba34d65520803405515bc8c945a420800112eff647662042a,4a1c76e8b273ebeba34d65520803405515bc8c945a420800112eff647662042a,4a1c76e8b273ebeba34d65520803405515bc8c945a420800112eff647662042a,4a1c76e8b273ebeba34d65520803405515bc8c945a420800112eff647662042a,true,,true,true,true,true,true,true
r0142,d212c84d7ce3fe9e213fc473f6ce1b2e30cd803ca1911e4fefdce3691de6f25d,fp32,2439,b7d60c922a5d3ee29548f2ba395329346cd54866f52b9671a9799313ef2c4832,true,true,true,true,true,true,true,true,false,0.012250185012817383,3.517868395253032e-06,false,0.0001373291015625,1.7407999621354975e-05,true,a83f493783a9e4b9f1071c12faaee2c5a56cc751dfd75e801a0973afcb1f16c9,a83f493783a9e4b9f1071c12faaee2c5a56cc751dfd75e801a0973afcb1f16c9,a83f493783a9e4b9f1071c12faaee2c5a56cc751dfd75e801a0973afcb1f16c9,a83f493783a9e4b9f1071c12faaee2c5a56cc751dfd75e801a0973afcb1f16c9,true,,true,true,true,false,false,true
r0143,19c2590fc2a15cec78a6527aa6bc3faed8b972029415b74d071f6bc20bc2a4f9,fp32,2466,0c0d86aa5765efe0cb5a2f78a1e27e4d77a83e9528065bedefc0a695eba9b5f8,true,true,true,true,true,true,true,true,false,0.0042046308517456055,3.7935036985015103e-06,false,0.00011706352233886719,1.7482818293501623e-05,true,ae245d1c4c7ae64ab798e8946b81c2bf2359fb761d00294e8bd208ad4d247557,ae245d1c4c7ae64ab798e8946b81c2bf2359fb761d00294e8bd208ad4d247557,ae245d1c4c7ae64ab798e8946b81c2bf2359fb761d00294e8bd208ad4d247557,ae245d1c4c7ae64ab798e8946b81c2bf2359fb761d00294e8bd208ad4d247557,true,,true,true,true,false,false,true
r0144,7d969d413fd770b8b7e4a1fbc703b5ac20bff9bb8016d6f67f0a0c5742118d17,fp32,1945,a73c2352dbf34d2b1b70070987671510b94ea1f58d1d048fea02820ab16af100,true,true,true,true,true,true,true,true,false,0.0008525848388671875,2.1493273580179086e-06,false,0.0001004338264465332,1.5959871234372258e-05,true,73205dec3e9e800175dae5222474871331e53ce722a5d4110b46f08c3a79d3a0,73205dec3e9e800175dae5222474871331e53ce722a5d4110b46f08c3a79d3a0,73205dec3e9e800175dae5222474871331e53ce722a5d4110b46f08c3a79d3a0,73205dec3e9e800175dae5222474871331e53ce722a5d4110b46f08c3a79d3a0,true,,true,true,true,true,true,true
r0145,0607eb07f4a0de8999f98dcb17689709398c51b77e356251343c722b994918f9,fp32,1887,9fbcc1bff1a26df80b5a30464e477dc09c46f7ff9728a4182028d3412b383e10,true,true,true,true,true,true,true,true,false,0.0007094144821166992,2.382289588635326e-06,false,0.00011157989501953125,1.7231141100637615e-05,true,7e4d65e268d7bb7e457d32a8e5fc11e3d3a7759392ff94a024636e90af27f4c5,7e4d65e268d7bb7e457d32a8e5fc11e3d3a7759392ff94a024636e90af27f4c5,7e4d65e268d7bb7e457d32a8e5fc11e3d3a7759392ff94a024636e90af27f4c5,7e4d65e268d7bb7e457d32a8e5fc11e3d3a7759392ff94a024636e90af27f4c5,true,,true,true,true,false,false,true
r0146,1b9e3275c606ac6ddf347dee65c26dc3ae64bcbb080fe4b51e7ee0c5fc97a607,fp32,2564,caef344f0af0b3409614efe72ca0c8d2c2d2a56add7bacc4ea39f4d2190d6d76,true,true,true,true,true,true,true,true,false,0.0030426979064941406,2.667586402512375e-06,false,9.34600830078125e-05,1.4660256965726148e-05,true,6951bbfacd100efcef55cfa3dfd9c44a5e195aa1ccd74d3b063920826b0c3478,6951bbfacd100efcef55cfa3dfd9c44a5e195aa1ccd74d3b063920826b0c3478,6951bbfacd100efcef55cfa3dfd9c44a5e195aa1ccd74d3b063920826b0c3478,6951bbfacd100efcef55cfa3dfd9c44a5e195aa1ccd74d3b063920826b0c3478,true,,true,true,true,false,false,true
r0147,522c89b4cddfc691c0d156fa623011651abfbacd4d75c1400b53893443446bd2,fp32,2223,3f08aee5b9bde9f32f3c8bbf3ff085cb5d5323f94c65c95ca083f33ab1407dc8,true,true,true,true,true,true,true,true,false,0.0010886192321777344,2.4802975238473004e-06,false,0.00010311603546142578,1.6998275896185078e-05,true,02274b65d21cb46a57b33ffcca5239ecf92e0a4b5e82dab55661be213ab2eb1e,02274b65d21cb46a57b33ffcca5239ecf92e0a4b5e82dab55661be213ab2eb1e,02274b65d21cb46a57b33ffcca5239ecf92e0a4b5e82dab55661be213ab2eb1e,02274b65d21cb46a57b33ffcca5239ecf92e0a4b5e82dab55661be213ab2eb1e,true,,true,true,true,false,false,true
r0148,bd701554e8737811618ca15a20b126122d12693ef4f0a44221d4cb9b3050d97c,fp32,2418,03d0e515953ca0277cf3423be4d4afab43e0656e130f3b9d0e0b3e7241b838a0,true,true,true,true,true,true,true,true,false,0.003365039825439453,3.1815814847124813e-06,false,0.00010341405868530273,1.713249002932571e-05,true,b714097b5aae003e4ff31a07ab5aede6af1449cde852de46879b395248fcba90,b714097b5aae003e4ff31a07ab5aede6af1449cde852de46879b395248fcba90,b714097b5aae003e4ff31a07ab5aede6af1449cde852de46879b395248fcba90,b714097b5aae003e4ff31a07ab5aede6af1449cde852de46879b395248fcba90,true,,true,true,true,false,false,true
r0149,398357e64bda6b239eaaf92387809d3fad0519ea38d76796b876f3dca21bfdca,fp32,1789,13078385ee10a8b86909d4b2de6016e6bd0dfb3c36be2f585d079e878dd5a229,true,true,true,true,true,true,true,true,false,0.0003007650375366211,1.822287386543664e-06,false,0.000110626220703125,1.5174038708209991e-05,true,00b5293a1e0d8fea86046821b55dea792b6070f02c5cb8840a2618c221cab9da,00b5293a1e0d8fea86046821b55dea792b6070f02c5cb8840a2618c221cab9da,00b5293a1e0d8fea86046821b55dea792b6070f02c5cb8840a2618c221cab9da,00b5293a1e0d8fea86046821b55dea792b6070f02c5cb8840a2618c221cab9da,true,,true,true,true,true,true,true
r0150,5fc14edac9d8b671e0f1f2565ea1767d4d147296223bc57f752a257c0a947c88,fp32,1644,d011cfbff4eaff15acf59e27d865b6aabff835c70ebd038486b953441be0f1ee,true,true,true,true,true,true,true,true,false,0.0005788803100585938,2.3373011553603127e-06,false,0.00010132789611816406,1.7220298104803078e-05,true,619900a3a50c48e707909267bdc8d914363661d6eaa2c9ee6b2ba9f31bce3d3a,619900a3a50c48e707909267bdc8d914363661d6eaa2c9ee6b2ba9f31bce3d3a,619900a3a50c48e707909267bdc8d914363661d6eaa2c9ee6b2ba9f31bce3d3a,619900a3a50c48e707909267bdc8d914363661d6eaa2c9ee6b2ba9f31bce3d3a,true,,true,true,true,true,true,true
r0151,516534425c277f1077e86aee502af8be9a10fed4d55f181fa326de21d36d88a7,fp32,1762,94e88b99fece708d34b4f6ecc0f7bdea0a96002aa08b1769f751f170e923d972,true,true,true,true,true,true,true,true,false,0.0009862184524536133,2.1076103637884813e-06,false,9.298324584960938e-05,1.4876328350510448e-05,true,39e52e66aaacdbc76a86cb1ccde7c4ac4c29c7a266e8d17d89c237a418a14c65,39e52e66aaacdbc76a86cb1ccde7c4ac4c29c7a266e8d17d89c237a418a14c65,39e52e66aaacdbc76a86cb1ccde7c4ac4c29c7a266e8d17d89c237a418a14c65,39e52e66aaacdbc76a86cb1ccde7c4ac4c29c7a266e8d17d89c237a418a14c65,true,,true,true,true,true,true,true
r0152,86290742e6b84a0a890073dc7d5ee640845a6ba4b9583f073b569e473b75bff3,fp32,1732,4312f94fd3bf7b32ac15e4d4fd6ffaadedd0f074033358195964245db345ae27,true,true,true,true,true,true,true,true,false,0.00043582916259765625,2.1498882831760824e-06,false,0.00011515617370605469,1.6428659364464693e-05,true,9384f6dc1296d29cb865a3980e70b0914a8a77c3088d392ef9d8ef3c0144a74d,9384f6dc1296d29cb865a3980e70b0914a8a77c3088d392ef9d8ef3c0144a74d,9384f6dc1296d29cb865a3980e70b0914a8a77c3088d392ef9d8ef3c0144a74d,9384f6dc1296d29cb865a3980e70b0914a8a77c3088d392ef9d8ef3c0144a74d,true,,true,true,true,true,true,true
r0153,99a711b9e49701990db13f4531106b99d9f95d932cb182cc498270cdf5a5c3f3,fp32,2365,e108264da9feb25213600dc8202b4afc7de85ac8c8b2bd70bdbd92a78df07296,true,true,true,true,true,true,true,true,false,0.00649261474609375,4.552266462750272e-06,false,0.0001049041748046875,1.608361526450608e-05,true,6a04839654314b8b27e7c7c3764d21c3cad4e1aaa0c0df41edd6d4f974f1e503,6a04839654314b8b27e7c7c3764d21c3cad4e1aaa0c0df41edd6d4f974f1e503,6a04839654314b8b27e7c7c3764d21c3cad4e1aaa0c0df41edd6d4f974f1e503,6a04839654314b8b27e7c7c3764d21c3cad4e1aaa0c0df41edd6d4f974f1e503,true,,true,true,true,false,false,true
r0154,d303b88e3a974f405c250a4628b68022c90c34c337a98d4820de4c60d0c99086,fp32,1276,eafae10374cc9ef91c8d4fc5f6f2ed5bad5ed6371e74512006168fabcc623fdf,true,true,true,true,true,true,true,true,false,0.00024271011352539062,1.950052637885354e-06,false,0.00010204315185546875,1.5667306797695346e-05,true,4993a8dafbec51840aa728a7cac6ece9a14fd8e3df1bacf6a443685a5ca209c1,4993a8dafbec51840aa728a7cac6ece9a14fd8e3df1bacf6a443685a5ca209c1,4993a8dafbec51840aa728a7cac6ece9a14fd8e3df1bacf6a443685a5ca209c1,4993a8dafbec51840aa728a7cac6ece9a14fd8e3df1bacf6a443685a5ca209c1,true,,true,true,true,true,true,true
r0155,fe5f50d9e7d3fe8928b5badfea57b2aa3b28e0020344cfd5c93c54dd644a53d4,fp32,1775,1d49a5937c3c9e03cf33b89b1b7d1149bc011e49927a08aa2e5ee95012e3937f,true,true,true,true,true,true,true,true,false,0.0007230639457702637,2.3486705014175158e-06,false,8.404254913330078e-05,1.470742245146539e-05,true,d4d73971dc0e0dc7c65847054862e8141077d522d57a8699b1aee044f65dbfbf,d4d73971dc0e0dc7c65847054862e8141077d522d57a8699b1aee044f65dbfbf,d4d73971dc0e0dc7c65847054862e8141077d522d57a8699b1aee044f65dbfbf,d4d73971dc0e0dc7c65847054862e8141077d522d57a8699b1aee044f65dbfbf,true,,true,true,true,true,true,true
r0156,c441ae7f12f92bc15f5fe5a6022647715547cca61418bd2260251054f7bbe83c,fp32,2056,24a196d67d378510cbcd6d2488332b5622423f0466141bedb1a3ae930bf138de,true,true,true,true,true,true,true,true,false,0.000392913818359375,2.183426587828071e-06,false,9.322166442871094e-05,1.5259849533322267e-05,true,9273b4224376520397a84f6315c54f00b3bae1dee1a3b3279625cc6f8c01989f,9273b4224376520397a84f6315c54f00b3bae1dee1a3b3279625cc6f8c01989f,9273b4224376520397a84f6315c54f00b3bae1dee1a3b3279625cc6f8c01989f,9273b4224376520397a84f6315c54f00b3bae1dee1a3b3279625cc6f8c01989f,true,,true,true,true,true,true,true
r0157,dd35044ff13cad610c7807804f6fa7570b2fe376b8e78f704f2e12a2fc8361a4,fp32,1882,43ad2bfc24d6b3e46858d09ed8df4c45b73567ac053b917273a13814e3c42f91,true,true,true,true,true,true,true,true,false,0.0004990100860595703,2.0339545050429564e-06,false,9.393692016601562e-05,1.4937912055756897e-05,true,ff2d1e9dc51f6dadf1f75005084e54da8b3525e5bfa1919b3e2f7684a117b398,ff2d1e9dc51f6dadf1f75005084e54da8b3525e5bfa1919b3e2f7684a117b398,ff2d1e9dc51f6dadf1f75005084e54da8b3525e5bfa1919b3e2f7684a117b398,ff2d1e9dc51f6dadf1f75005084e54da8b3525e5bfa1919b3e2f7684a117b398,true,,true,true,true,false,false,true
r0158,9ee7c9c6d8b49407d77f911c78c4c5c00e16fc45fc6d22b12408ed9d7f562dd0,fp32,1607,8690775de318f52cfd0b8eadb9d94239a36745df697b9adffd7f7a3ebb07ecaf,true,true,true,true,true,true,true,true,false,0.0003764629364013672,1.9810054387262945e-06,false,9.277462959289551e-05,1.569461528561078e-05,true,0ae1a083d571ba1c27e4aaaa73d6bf001c3e5c781cb4b8aa22a66d799d402c3e,0ae1a083d571ba1c27e4aaaa73d6bf001c3e5c781cb4b8aa22a66d799d402c3e,0ae1a083d571ba1c27e4aaaa73d6bf001c3e5c781cb4b8aa22a66d799d402c3e,0ae1a083d571ba1c27e4aaaa73d6bf001c3e5c781cb4b8aa22a66d799d402c3e,true,,true,true,true,true,true,true
r0159,7424f421a3662710f604476ec225a4a8b2659e147a3bf08023f33bce67312df6,fp32,2220,e53aa2c4d56f6b2c175b5f408b13873e63172fc03ee270ddb13a10063b841f37,true,true,true,true,true,true,true,true,false,0.002221226692199707,2.556105873630088e-06,false,9.918212890625e-05,1.5761079339426942e-05,true,4463902892bae17cf1c3725a68fa1ff28df79c5983ead8ce4f8f1696e6e33ccc,4463902892bae17cf1c3725a68fa1ff28df79c5983ead8ce4f8f1696e6e33ccc,4463902892bae17cf1c3725a68fa1ff28df79c5983ead8ce4f8f1696e6e33ccc,4463902892bae17cf1c3725a68fa1ff28df79c5983ead8ce4f8f1696e6e33ccc,true,,true,true,true,true,true,true
r0160,f0791d7b8e48f477d70f2706968bdec65b41a2bca40fd4b15e54c29a79ca63c2,fp32,1988,64670ab04d19b95fa8353911c2425f5e078504c3b68b0335eac43a54a6f9c3a9,true,true,true,true,true,true,true,true,false,0.0023946762084960938,2.6138290239637505e-06,false,0.00011515617370605469,1.7263988411286846e-05,true,c54ce7307612fbd90e6b25f76b92dfe64aff9cb64dfc90f405c0ab4b00b486e7,c54ce7307612fbd90e6b25f76b92dfe64aff9cb64dfc90f405c0ab4b00b486e7,c54ce7307612fbd90e6b25f76b92dfe64aff9cb64dfc90f405c0ab4b00b486e7,c54ce7307612fbd90e6b25f76b92dfe64aff9cb64dfc90f405c0ab4b00b486e7,true,,true,true,true,true,true,true
r0161,c60109620c6e4e91da5d33fabea3408bc7c997b10f3776a56ba6001c3c13dddb,fp32,1657,440553e9d56c966823160d5996c9d4dfb367695dddaed67b72967dfd50c50d8a,true,true,true,true,true,true,true,true,false,0.01014852523803711,3.66834753847319e-06,false,0.00011539459228515625,1.774609336280264e-05,true,1e68e67a4266cf075d39696a988724f702258fa4b6364fe3cdb1b52de5fa892b,1e68e67a4266cf075d39696a988724f702258fa4b6364fe3cdb1b52de5fa892b,1e68e67a4266cf075d39696a988724f702258fa4b6364fe3cdb1b52de5fa892b,1e68e67a4266cf075d39696a988724f702258fa4b6364fe3cdb1b52de5fa892b,true,,true,true,true,true,true,true
r0162,e960f6b6d9eb4172fbdb3e4b1ac8922b112d9765afd68b6d47cf05bbcedca825,fp32,1917,eda540e286476fd5743be7a69931ca7b0b2e4983282c94b95899bc6b4f5baf40,true,true,true,true,true,true,true,true,false,0.0002732276916503906,2.1842965510406507e-06,false,9.441375732421875e-05,1.5718322174507193e-05,true,477bdad386fc64b317dfcd61a672ea3744d99cdaac12382c764ea829c5bf6993,477bdad386fc64b317dfcd61a672ea3744d99cdaac12382c764ea829c5bf6993,477bdad386fc64b317dfcd61a672ea3744d99cdaac12382c764ea829c5bf6993,477bdad386fc64b317dfcd61a672ea3744d99cdaac12382c764ea829c5bf6993,true,,true,true,true,false,false,true
r0163,084befa2487d6711b055941d5ff1a6374077c37185a21e4eb7c022d7815e7a3c,fp32,2157,0dc394e71c7351a250dc1cb753906d7743ec81dd10aae91996097500170c7f16,true,true,true,true,true,true,true,true,false,0.002183675765991211,2.895021258497721e-06,false,0.00011777877807617188,1.782747858669609e-05,true,65e2103b24e3d717bfaaa4fb80c29c63c3a7d2bcb3607c9c0f127ec71a0f07fe,65e2103b24e3d717bfaaa4fb80c29c63c3a7d2bcb3607c9c0f127ec71a0f07fe,65e2103b24e3d717bfaaa4fb80c29c63c3a7d2bcb3607c9c0f127ec71a0f07fe,65e2103b24e3d717bfaaa4fb80c29c63c3a7d2bcb3607c9c0f127ec71a0f07fe,true,,true,true,true,true,true,true
r0164,b77218afca9c0100fe493e62c1430de0ed8f97dbd5c1478b08f4eece8a4b4ae7,fp32,2349,21819df523dc1717476d84e71c92848f5231b329c9467ce01419803ddc2a20d8,true,true,true,true,true,true,true,true,false,0.0027185678482055664,2.956870635302996e-06,false,0.000125885009765625,1.7353053408442065e-05,true,832f71e76e1e1d55c2df2e8f71c79bd96812255845c504f4c9c031d3e4279a18,832f71e76e1e1d55c2df2e8f71c79bd96812255845c504f4c9c031d3e4279a18,832f71e76e1e1d55c2df2e8f71c79bd96812255845c504f4c9c031d3e4279a18,832f71e76e1e1d55c2df2e8f71c79bd96812255845c504f4c9c031d3e4279a18,true,,true,true,true,false,false,true
r0165,d09247d24830109516d93278eaa872a0a297997d7f4a8e7371fdbd2ea7c9880a,fp32,2090,abe6a23d74c4cac73d33405c4e021795b9092a45ea2da9b8426a0bfd304cfc0f,true,true,true,true,true,true,true,true,false,0.001547694206237793,2.4416908718608945e-06,false,0.00010895729064941406,1.7017464415403083e-05,true,42c5a2716106ab25797dc043817dff0e339bf8b03a6f6a551a7ee757557c2858,42c5a2716106ab25797dc043817dff0e339bf8b03a6f6a551a7ee757557c2858,42c5a2716106ab25797dc043817dff0e339bf8b03a6f6a551a7ee757557c2858,42c5a2716106ab25797dc043817dff0e339bf8b03a6f6a551a7ee757557c2858,true,,true,true,true,true,true,true
r0166,596eb3ce809e16e683ebb70600ace62ebed8069c626fde3be982f40f394b2cb6,fp32,1955,65a8d8cb83eeb9d2cc0d3fe353ccbe2380bfa5d61ad2935f9fc5a1716107aa1c,true,true,true,true,true,true,true,true,false,0.00144098699092865,2.8514187602561116e-06,false,0.0001316070556640625,1.5339768651756458e-05,true,d6895cb05e876a89b7009aa337f08930e659e3dc43d5be62c0b79ea82239954f,d6895cb05e876a89b7009aa337f08930e659e3dc43d5be62c0b79ea82239954f,d6895cb05e876a89b7009aa337f08930e659e3dc43d5be62c0b79ea82239954f,d6895cb05e876a89b7009aa337f08930e659e3dc43d5be62c0b79ea82239954f,true,,true,true,true,false,false,true
r0167,387f2808f1738646f3b7b2e9554130b0610499743d46ecd646a1191216227bc5,fp32,1269,96081a9e92fed2b5e23b665a03315b6916a41191be6227eeddf31c737f0259a4,true,true,true,true,true,true,true,true,false,0.00021839141845703125,2.0115869460527827e-06,false,0.000102996826171875,1.7071646652766503e-05,true,c1081eaedd0e33b5f6fd9611c37ff4b3129b7ab88ea6c01d28ec02e2673b1f86,c1081eaedd0e33b5f6fd9611c37ff4b3129b7ab88ea6c01d28ec02e2673b1f86,c1081eaedd0e33b5f6fd9611c37ff4b3129b7ab88ea6c01d28ec02e2673b1f86,c1081eaedd0e33b5f6fd9611c37ff4b3129b7ab88ea6c01d28ec02e2673b1f86,true,,true,true,true,true,true,true
r0168,9f299409658c86d63fd9e9299e63b3515cb8b56c733837bc8c952ec90685852f,fp32,2447,d898be8e66563d0f512e6c9de1ec91b44fe971e125dfe8d86d2b3149bcb1f95e,true,true,true,true,true,true,true,true,false,0.0014365911483764648,2.9687448912518732e-06,false,0.00010180473327636719,1.5760802853037603e-05,true,fa8600734412ebd3ed9d58b49b3090c2d07fa4c3043dfc84e0e33c7f736fc813,fa8600734412ebd3ed9d58b49b3090c2d07fa4c3043dfc84e0e33c7f736fc813,fa8600734412ebd3ed9d58b49b3090c2d07fa4c3043dfc84e0e33c7f736fc813,fa8600734412ebd3ed9d58b49b3090c2d07fa4c3043dfc84e0e33c7f736fc813,true,,true,true,true,false,false,true
r0169,e4088f31fc3dfd540cccbc96ea381ed06969e8f82b2c5224acb136b76b932f07,fp32,1528,4a5bcfcf3f2f396fb1e77d15f666c08dc54a4ce7ce3b16fd42583eb313babefc,true,true,true,true,true,true,true,true,false,0.0017457008361816406,2.286106435711588e-06,false,0.00010383129119873047,1.5929837900330313e-05,true,65b9a708965556e8698bd8983022b9af045ce3d0609acbcb82c7819d45f17cae,65b9a708965556e8698bd8983022b9af045ce3d0609acbcb82c7819d45f17cae,65b9a708965556e8698bd8983022b9af045ce3d0609acbcb82c7819d45f17cae,65b9a708965556e8698bd8983022b9af045ce3d0609acbcb82c7819d45f17cae,true,,true,true,true,true,true,true
r0170,63072267c4b26a499462275d00e23b878c3ad69e0099e9330feddd6eb2203447,fp32,2178,f2e4369ab94ce8c719540027890d1427b0ccc14cd8bfed67e4d1eb65eef24151,true,true,true,true,true,true,true,true,false,0.0011067986488342285,2.6892418854007616e-06,false,9.703636169433594e-05,1.505456293671159e-05,true,4151f6a3895dc747486046b14450b56c0d2670d4ccbf7f92304a0ae8aa8446e3,4151f6a3895dc747486046b14450b56c0d2670d4ccbf7f92304a0ae8aa8446e3,4151f6a3895dc747486046b14450b56c0d2670d4ccbf7f92304a0ae8aa8446e3,4151f6a3895dc747486046b14450b56c0d2670d4ccbf7f92304a0ae8aa8446e3,true,,true,true,true,false,false,true
r0171,b0c201daaf6ae6bc84f6fb5d44e0b86106b28dbcd6784d88c1dba4cbcd8ac73c,fp32,1807,89dc2bd8172fb00c50107f44bd6d9c387237d55f98de256fa2338caaaacff991,true,true,true,true,true,true,true,true,false,0.0009765625,2.1274951326570126e-06,false,9.822845458984375e-05,1.3877376659365837e-05,true,4f7ff65bd745f32deae0b5d3c9b697783cb3a05e43dbc9a81bb8695542395d01,4f7ff65bd745f32deae0b5d3c9b697783cb3a05e43dbc9a81bb8695542395d01,4f7ff65bd745f32deae0b5d3c9b697783cb3a05e43dbc9a81bb8695542395d01,4f7ff65bd745f32deae0b5d3c9b697783cb3a05e43dbc9a81bb8695542395d01,true,,true,true,true,false,false,true
r0172,8566d86514868c7a98f81c1456231297baa33c495c439c89dd409faf71a2390e,fp32,1515,285d735adbed0080e9eaa5ce75ec01d88015fd9579b89ccb56043c14f9a2074b,true,true,true,true,true,true,true,true,false,0.000244140625,1.862617847958603e-06,false,0.00010573863983154297,1.4937199921405409e-05,true,9f06b07482a6d9c46d499eddd674276038e6096b09f4d3b52ef82c32ab788351,9f06b07482a6d9c46d499eddd674276038e6096b09f4d3b52ef82c32ab788351,9f06b07482a6d9c46d499eddd674276038e6096b09f4d3b52ef82c32ab788351,9f06b07482a6d9c46d499eddd674276038e6096b09f4d3b52ef82c32ab788351,true,,true,true,true,true,true,true
r0173,cf5d70093fb2ec6bb3573dec86dd5f41d8fe313eaf0204ffb71482f75ec62afd,fp32,2350,7b413c77e4c70a49c2e9646bc91773e9f634e892f650a8d51be9a2e425a1e2b1,true,true,true,true,true,true,true,true,false,0.00112152099609375,3.0108655123909736e-06,false,0.00011157989501953125,1.6381449313485064e-05,true,265fe0a85720455541eb5f813d16b95163a0864c10b28a14235c6d98ec41e785,265fe0a85720455541eb5f813d16b95163a0864c10b28a14235c6d98ec41e785,265fe0a85720455541eb5f813d16b95163a0864c10b28a14235c6d98ec41e785,265fe0a85720455541eb5f813d16b95163a0864c10b28a14235c6d98ec41e785,true,,true,true,true,true,true,true
r0174,0603a35d7727730df828ca5b0db95b850e5c473928c046a8d55e86062dd8d471,fp32,2116,c3217150f8b67eb6e070da0ec4f4db4732cb28696bee06ca791262c62f6150e2,true,true,true,true,true,true,true,true,false,0.0010554790496826172,2.3741799641078623e-06,false,0.000102996826171875,1.5792871636222117e-05,true,4d62c17757f572cd3030ff7b073ea29c616ea32fdbf6d85b59fa6262bbdaa6d6,4d62c17757f572cd3030ff7b073ea29c616ea32fdbf6d85b59fa6262bbdaa6d6,4d62c17757f572cd3030ff7b073ea29c616ea32fdbf6d85b59fa6262bbdaa6d6,4d62c17757f572cd3030ff7b073ea29c616ea32fdbf6d85b59fa6262bbdaa6d6,true,,true,true,true,false,false,true
r0175,bac692caa19d699432a18ba6f56e4dd2a8ebaa6ad13d1c7773464f8c152b1332,fp32,1763,072893e23bd3459c7661fba6ced669fdad2bb0fe667a4ec327dd8c66f7e9a5a8,true,true,true,true,true,true,true,true,false,0.0009626150131225586,2.3877004873273933e-06,false,0.00010463595390319824,1.52768971020123e-05,true,6fb02ea930531a7b6e912cbaaa2889f168f497cc551bb8932540c55c28d5a815,6fb02ea930531a7b6e912cbaaa2889f168f497cc551bb8932540c55c28d5a815,6fb02ea930531a7b6e912cbaaa2889f168f497cc551bb8932540c55c28d5a815,6fb02ea930531a7b6e912cbaaa2889f168f497cc551bb8932540c55c28d5a815,true,,true,true,true,true,true,true
r0176,8f13be9c4c81d356c5d9d1c9cb137d64f2d30026c57aaeab83f4bf2f1e7a1d88,fp32,2223,498787cdc3739ba2790bbcb7d8f57da27dd6bdc17ccdc4eeccfdfeb0fa8af364,true,true,true,true,true,true,true,true,false,0.0014095306396484375,2.6005794104462985e-06,false,0.0001010894775390625,1.6316604160238057e-05,true,d1d79abf264613d5908d557912be4fce0a87bb2b4d1bb01386ab5d6cfea19e9d,d1d79abf264613d5908d557912be4fce0a87bb2b4d1bb01386ab5d6cfea19e9d,d1d79abf264613d5908d557912be4fce0a87bb2b4d1bb01386ab5d6cfea19e9d,d1d79abf264613d5908d557912be4fce0a87bb2b4d1bb01386ab5d6cfea19e9d,true,,true,true,true,false,false,true
r0177,f526eb7521d1a0a31d061bc16541a7ac3921678b3d1cd027afddf3c69098bc74,fp32,2460,506df4cd001fbb2a2478c9dfc199972c0c7d8fe5f03a8c8f82c22fdff07a6ce3,true,true,true,true,true,true,true,true,false,0.08783674240112305,9.940678571222309e-06,false,0.0006375312805175781,9.296461939811707e-05,true,68c47a5001920a451afaf7ec027026edd3183f8679e88b1cd47e7b3e8ab9dd64,68c47a5001920a451afaf7ec027026edd3183f8679e88b1cd47e7b3e8ab9dd64,68c47a5001920a451afaf7ec027026edd3183f8679e88b1cd47e7b3e8ab9dd64,68c47a5001920a451afaf7ec027026edd3183f8679e88b1cd47e7b3e8ab9dd64,true,,true,true,true,false,false,true
r0178,4431e5eaa57056f324bd26940f1d6fc7ed47732774f11eaf3717d6dd355acb19,fp32,2137,9e8b41cd5a6c6665932f66c8d6bf3864d764e137cf3b8834b19494e30b3d44c8,true,true,true,true,true,true,true,true,false,0.0022341012954711914,2.751733396477718e-06,false,9.1552734375e-05,1.5294011973310262e-05,true,6dd3571697019d1760fd92d399dec140156eb9a67a1ddc1d0f89630e434f48c3,6dd3571697019d1760fd92d399dec140156eb9a67a1ddc1d0f89630e434f48c3,6dd3571697019d1760fd92d399dec140156eb9a67a1ddc1d0f89630e434f48c3,6dd3571697019d1760fd92d399dec140156eb9a67a1ddc1d0f89630e434f48c3,true,,true,true,true,false,false,true
r0179,135d9d935b03def5b34fc4b3730331ab0fae4bbd21df6d25593292a15efdf878,fp32,982,8a12bd2d3addff8c6405f1baca2201a75b136ce17e064266923193190119c1b1,true,true,true,true,true,true,true,true,false,0.0005171298980712891,2.043827249072668e-06,false,9.322166442871094e-05,1.4901323993399274e-05,true,5272faa12e47edba0d71c01d2630e697f3a9627344b0415505e967abc9197cd6,5272faa12e47edba0d71c01d2630e697f3a9627344b0415505e967abc9197cd6,5272faa12e47edba0d71c01d2630e697f3a9627344b0415505e967abc9197cd6,5272faa12e47edba0d71c01d2630e697f3a9627344b0415505e967abc9197cd6,true,,true,true,true,false,false,true
r0180,79b4d5cb732ba4027e6a2f84180a8d76fbecacab496d605d75e7006597f34fad,fp32,2388,40a344a23b0a72e96fc5b181d511106d07b77fc2aa2c855a426f5549a9faedc9,true,true,true,true,true,true,true,true,false,0.001529991626739502,2.8314204477316216e-06,false,0.00011467933654785156,1.691416218818631e-05,true,cbed924715a522194206fcc2f3f797803212ad6a1acb9304c45e1adf9004fa06,cbed924715a522194206fcc2f3f797803212ad6a1acb9304c45e1adf9004fa06,cbed924715a522194206fcc2f3f797803212ad6a1acb9304c45e1adf9004fa06,cbed924715a522194206fcc2f3f797803212ad6a1acb9304c45e1adf9004fa06,true,,true,true,true,false,false,true
r0181,e527d995f387e64c840e3d3d815275a504c7f3597e984357bf7577358b98cebf,fp32,2099,667129bcd1b823490f8ec941a6db0304aad3d9bccfa30d4f4f3c4bbe62de99f6,true,true,true,true,true,true,true,true,false,0.001499176025390625,2.6285517826796223e-06,false,0.00010502338409423828,1.6005484212655574e-05,true,920e26433b8d368398d9e76cdaf61b05d6390216ec3715a483150d03919e0840,920e26433b8d368398d9e76cdaf61b05d6390216ec3715a483150d03919e0840,920e26433b8d368398d9e76cdaf61b05d6390216ec3715a483150d03919e0840,920e26433b8d368398d9e76cdaf61b05d6390216ec3715a483150d03919e0840,true,,true,true,true,false,false,true
r0182,5e403bb38942ef584f81dd91d4c90d11a203072345dd443e29f3867dd37d2475,fp32,1681,294645b7dc989bad6a708593185404fce88d97a35c1ce427c105ce49f596101e,true,true,true,true,true,true,true,true,false,0.0010459423065185547,2.1274623815218754e-06,false,9.143352508544922e-05,1.560122109367512e-05,true,e59c0d269be3ac7adb1fb117686872d4cbb8dbe5fc22c4bf33171a2608f6c91a,e59c0d269be3ac7adb1fb117686872d4cbb8dbe5fc22c4bf33171a2608f6c91a,e59c0d269be3ac7adb1fb117686872d4cbb8dbe5fc22c4bf33171a2608f6c91a,e59c0d269be3ac7adb1fb117686872d4cbb8dbe5fc22c4bf33171a2608f6c91a,true,,true,true,true,true,true,true
r0183,cdd48aea6f1a2637645441a552d224073abba3f3721288d8a5d6c2d52f4d4a2a,fp32,2067,a318d45cc9bddd5cddb7668e7598d43a1984be9c25fac347c671cf94013bc383,true,true,true,true,true,true,true,true,false,0.0017796158790588379,2.405208498146294e-06,false,0.000118255615234375,1.6882317140698433e-05,true,9d8a2049e650f2aeec1308e635397132f346d3bf66a41f6919530141782ef99a,9d8a2049e650f2aeec1308e635397132f346d3bf66a41f6919530141782ef99a,9d8a2049e650f2aeec1308e635397132f346d3bf66a41f6919530141782ef99a,9d8a2049e650f2aeec1308e635397132f346d3bf66a41f6919530141782ef99a,true,,true,true,true,true,true,true
r0184,0b01c030e8b01967bcc727483fed564742aee186e48153b4be38b4ee912758e7,fp32,2177,b72513b5b24d934f5a4b26d9debefb078bd7233a1f6cc24b20b62bb4c5e1ba4d,true,true,true,true,true,true,true,true,false,0.004048585891723633,2.9701574966178867e-06,false,9.918212890625e-05,1.7086240404751152e-05,true,27e4ba090de8b62fc18bb99655d6cee902e375282846198f51b4c6808ef7f437,27e4ba090de8b62fc18bb99655d6cee902e375282846198f51b4c6808ef7f437,27e4ba090de8b62fc18bb99655d6cee902e375282846198f51b4c6808ef7f437,27e4ba090de8b62fc18bb99655d6cee902e375282846198f51b4c6808ef7f437,true,,true,true,true,false,false,true
r0185,083f0f53ed364bb86e9b4e9125b88752eb35b864c452cd136de3d967a5008e5a,fp32,2137,62cdb490adf1035915d235781e63dfd649e2f492409f0cc2d770c35ad2aaa087,true,true,true,true,true,true,true,true,false,0.0013163089752197266,2.5557806805724206e-06,false,9.775161743164062e-05,1.54037606989732e-05,true,def2a0b1455821c2f53f817fe33477ed2c5794536ca7e70289b7919dfa191760,def2a0b1455821c2f53f817fe33477ed2c5794536ca7e70289b7919dfa191760,def2a0b1455821c2f53f817fe33477ed2c5794536ca7e70289b7919dfa191760,def2a0b1455821c2f53f817fe33477ed2c5794536ca7e70289b7919dfa191760,true,,true,true,true,false,false,true
r0186,9964540a15c9e4fb0e977081a563b72d09a70e6f52dd2da69491ab76003cba8e,fp32,2011,fc2694f78a32aa5592784e9bad4665a76403ed86bc6ca25086728ad9a9486a14,true,true,true,true,true,true,true,true,false,0.0015032291412353516,2.6524966351508064e-06,false,0.00011777877807617188,1.670591882430017e-05,true,c514235316f89a33e7fedb7c0f050de3397ca7c02c0b429153830c0ffa2b83d1,c514235316f89a33e7fedb7c0f050de3397ca7c02c0b429153830c0ffa2b83d1,c514235316f89a33e7fedb7c0f050de3397ca7c02c0b429153830c0ffa2b83d1,c514235316f89a33e7fedb7c0f050de3397ca7c02c0b429153830c0ffa2b83d1,true,,true,true,true,false,false,true
r0187,44d6813917ffb604315b47649837d844280e5251795cbc05d7d21f2d884e4b7c,fp32,1803,d174e2a8a870c3083426a85ae978cc9f2be3778be8e3eb072f704fa210b6979c,true,true,true,true,true,true,true,true,false,0.00883030891418457,2.1118345243653636e-06,false,9.441375732421875e-05,1.6187417713808827e-05,true,f6b385d2fd7aefaf4cce2fc55aa59f07feba5dfa69f00d4bafbdf8d6bcfd38c2,f6b385d2fd7aefaf4cce2fc55aa59f07feba5dfa69f00d4bafbdf8d6bcfd38c2,f6b385d2fd7aefaf4cce2fc55aa59f07feba5dfa69f00d4bafbdf8d6bcfd38c2,f6b385d2fd7aefaf4cce2fc55aa59f07feba5dfa69f00d4bafbdf8d6bcfd38c2,true,,true,true,true,true,true,true
r0188,829cb0ec4fb55535609c2ebca210890f377c2d63fc184f81d50943047d1f95e8,fp32,1990,c2aaf21ff14c2bfe95f26bdecd74debb7e311515f1bf4112d6fb955f1f1b759c,true,true,true,true,true,true,true,true,false,0.0016535520553588867,2.659917778850366e-06,false,9.107589721679688e-05,1.535214323666878e-05,true,45a331af792f8a2530b0fbcbc62ccfb12a088c930b6de872834fffd7d0d486e2,45a331af792f8a2530b0fbcbc62ccfb12a088c930b6de872834fffd7d0d486e2,45a331af792f8a2530b0fbcbc62ccfb12a088c930b6de872834fffd7d0d486e2,45a331af792f8a2530b0fbcbc62ccfb12a088c930b6de872834fffd7d0d486e2,true,,true,true,true,true,true,true
r0189,db47474dabbe9e66e083c871a296e464a911f67171a82d0a075297897fd59146,fp32,5080,224eb337c4a127924cfe050f36513137f063abf34cfd52c87ec7b63aa06dae15,true,true,true,true,true,true,true,true,false,0.0035042762756347656,1.630793130831994e-06,false,0.00010466575622558594,1.720109867164865e-05,true,3b556f91f5100b2d001279c4c24c0c534e6565215ac8e27d21f71801e327ae27,3b556f91f5100b2d001279c4c24c0c534e6565215ac8e27d21f71801e327ae27,3b556f91f5100b2d001279c4c24c0c534e6565215ac8e27d21f71801e327ae27,3b556f91f5100b2d001279c4c24c0c534e6565215ac8e27d21f71801e327ae27,true,,true,true,true,false,false,true
r0190,f4bc70fa1286384b0e1df86892ac898ba50da9a03c24abb09b32d71bcf8b99ef,fp32,2195,efc6fa8e5964bfe69eb91acc47532394264cfe77b86fc1124d28ec12385de9ec,true,true,true,true,true,true,true,true,false,0.0015762150287628174,2.7293627367826665e-06,false,0.00011038780212402344,1.636393426451832e-05,true,5cd5afb5cca21144c8da1c7fbd49d02a3f678d6ac6ea43eda2b846d5813be4ca,5cd5afb5cca21144c8da1c7fbd49d02a3f678d6ac6ea43eda2b846d5813be4ca,5cd5afb5cca21144c8da1c7fbd49d02a3f678d6ac6ea43eda2b846d5813be4ca,5cd5afb5cca21144c8da1c7fbd49d02a3f678d6ac6ea43eda2b846d5813be4ca,true,,true,true,true,false,false,true
r0191,b54e691ff3eac4bf04dbd432b8581f91871f61245ef24a93fa4939243353456c,fp32,1410,a269277d4556283bcc307743e958cf28510f0d63247454bdf6921d031be37d67,true,true,true,true,true,true,true,true,false,0.0005096197128295898,1.7763555219355946e-06,false,9.465217590332031e-05,1.5022184015833773e-05,true,0e372034680eadd28077e608f00737da9477d59856c92f4b1a647a83c0cb8abf,0e372034680eadd28077e608f00737da9477d59856c92f4b1a647a83c0cb8abf,0e372034680eadd28077e608f00737da9477d59856c92f4b1a647a83c0cb8abf,0e372034680eadd28077e608f00737da9477d59856c92f4b1a647a83c0cb8abf,true,,true,true,true,false,false,true
r0192,5e61d7da7300715504c391486089bd2d4c7b83dba05251bd4d3ceb1379c626e2,fp32,2427,1eabec8089af892541fd364879f3f41d3e7317de034d9280772a8b62b930f78c,true,true,true,true,true,true,true,true,false,0.0012290477752685547,2.9345869698715887e-06,false,9.441375732421875e-05,1.5818521205801517e-05,true,0a8a8985b11bca11b7a59ff542d78b57f6f3d538107ad596529b6857c36f5388,0a8a8985b11bca11b7a59ff542d78b57f6f3d538107ad596529b6857c36f5388,0a8a8985b11bca11b7a59ff542d78b57f6f3d538107ad596529b6857c36f5388,0a8a8985b11bca11b7a59ff542d78b57f6f3d538107ad596529b6857c36f5388,true,,true,true,true,false,false,true
r0193,89303c179af7aeebbfb2f40d29bd0e0f7167d8d4217c4ced9a41dde2d094d677,fp32,2335,fe401db3f25f6516265a68a8d86e4c6594979e3bac81bbfd5833f2e46ec41d25,true,true,true,true,true,true,true,true,false,0.0013027191162109375,2.5323758752933876e-06,false,0.00013083219528198242,1.845829319790937e-05,true,1b32935a6bc9b21ad46cc169e10dd1233dd0e27e5692e7ce72a31e6bc883c97c,1b32935a6bc9b21ad46cc169e10dd1233dd0e27e5692e7ce72a31e6bc883c97c,1b32935a6bc9b21ad46cc169e10dd1233dd0e27e5692e7ce72a31e6bc883c97c,1b32935a6bc9b21ad46cc169e10dd1233dd0e27e5692e7ce72a31e6bc883c97c,true,,true,true,true,true,true,true
r0194,171586fd877451980a3a6bffbac2d83559cb50e082fb05a6de545a7a96b0587c,fp32,2099,d8fd0006b0bc7fe1cbedc43ebc0e129bfb865947095ea346201533161beb48ea,true,true,true,true,true,true,true,true,false,0.0015964508056640625,2.3797469716294963e-06,false,9.703636169433594e-05,1.4311724953586236e-05,true,c0444e08d0de552a6689862911abbbcecb4bce7aa83aacbc73f6c8b50da6c0a0,c0444e08d0de552a6689862911abbbcecb4bce7aa83aacbc73f6c8b50da6c0a0,c0444e08d0de552a6689862911abbbcecb4bce7aa83aacbc73f6c8b50da6c0a0,c0444e08d0de552a6689862911abbbcecb4bce7aa83aacbc73f6c8b50da6c0a0,true,,true,true,true,true,true,true
r0195,b26b275b401ee78e17ea1e2224fc8d1c6f2b300db4890be46ec8bd834cce132c,fp32,1627,cfe9538324572672b3958db9616439a09048a1a5f56b13d8c02727774a62a6d3,true,true,true,true,true,true,true,true,false,0.0003298027440905571,2.112431408981171e-06,false,9.28640365600586e-05,1.4899298548698425e-05,true,3fc2979f51dc97d50bcaff58f270a6c98ec7110c5ac2b6a930dbaed897ac5bae,3fc2979f51dc97d50bcaff58f270a6c98ec7110c5ac2b6a930dbaed897ac5bae,3fc2979f51dc97d50bcaff58f270a6c98ec7110c5ac2b6a930dbaed897ac5bae,3fc2979f51dc97d50bcaff58f270a6c98ec7110c5ac2b6a930dbaed897ac5bae,true,,true,true,true,true,true,true
r0196,7beb47f09d28b510d0e23020b99f41a2767a5cca80a861cd9565c6f16ca4f115,fp32,1674,9b13c2ad37d6e4d580231658c17494ae4caaac81a8ab87606a2bf9ab61da59c2,true,true,true,true,true,true,true,true,false,0.0023903846740722656,2.802650287995571e-06,false,8.916854858398438e-05,1.60422277986072e-05,true,75a15c89f3dbe89c33c1bfcf9d5e37605d4aa8b2f1cc7e0872a540989a9bb151,75a15c89f3dbe89c33c1bfcf9d5e37605d4aa8b2f1cc7e0872a540989a9bb151,75a15c89f3dbe89c33c1bfcf9d5e37605d4aa8b2f1cc7e0872a540989a9bb151,75a15c89f3dbe89c33c1bfcf9d5e37605d4aa8b2f1cc7e0872a540989a9bb151,true,,true,true,true,true,true,true
r0197,3efc1cd7b165005566dc645452ffc0d62653c3063d998b7c803c3fd44a692b87,fp32,2423,81009eb36915edf586599922a8ab47277cd07c4a7d7cb0fbdf1db6830d08b450,true,true,true,true,true,true,true,true,false,0.0049085915088653564,3.2072755028848357e-06,false,0.0001176297664642334,1.7652469978202134e-05,true,b356523aaaf3708d51ac84b8c6645b377870b211b0c4be2e558920d1ac95cd63,b356523aaaf3708d51ac84b8c6645b377870b211b0c4be2e558920d1ac95cd63,b356523aaaf3708d51ac84b8c6645b377870b211b0c4be2e558920d1ac95cd63,b356523aaaf3708d51ac84b8c6645b377870b211b0c4be2e558920d1ac95cd63,true,,true,true,true,true,true,true
r0198,6fb58ba068062327a8530d3ee5f251c118b3433c17931477cb68ed2d6c859f53,fp32,2085,0fe4bd5ed633e775dcd7e7df2f4cde74634bf15d83bd1ae3e8257f9be6a94e9a,true,true,true,true,true,true,true,true,false,0.0021254420280456543,2.7514207069737986e-06,false,0.00011652708053588867,1.6519275959581137e-05,true,6f40be810001d4610e49957db37bb2d6f0d6aec06771447c37ff9c77d8adeabf,6f40be810001d4610e49957db37bb2d6f0d6aec06771447c37ff9c77d8adeabf,6f40be810001d4610e49957db37bb2d6f0d6aec06771447c37ff9c77d8adeabf,6f40be810001d4610e49957db37bb2d6f0d6aec06771447c37ff9c77d8adeabf,true,,true,true,true,false,false,true
r0199,28d794b92e75e1dd484ab6502091da26e4d72dec58c270e9fcd94663c616cdfc,fp32,2249,dc6ba4b4daf42c18cb3a397f82f5853978a7b8defd2028c4658ab2ef689164b8,true,true,true,true,true,true,true,true,false,0.0012874603271484375,2.482890883855523e-06,false,0.0001068115234375,1.7817079424276017e-05,true,4f303dca0a14e9394aa0d9b4514d5a052070492de26f3a68a486976a70599d55,4f303dca0a14e9394aa0d9b4514d5a052070492de26f3a68a486976a70599d55,4f303dca0a14e9394aa0d9b4514d5a052070492de26f3a68a486976a70599d55,4f303dca0a14e9394aa0d9b4514d5a052070492de26f3a68a486976a70599d55,true,,true,true,true,false,false,true
